ISO-10303-21;
HEADER;
FILE_DESCRIPTION(('FreeCAD Model'),'2;1');
FILE_NAME('Open CASCADE Shape Model','2025-08-03T20:06:50',(''),(''),
  'Open CASCADE STEP processor 7.9','FreeCAD','Unknown');
FILE_SCHEMA(('AUTOMOTIVE_DESIGN { 1 0 10303 214 1 1 1 1 }'));
ENDSEC;
DATA;
#1 = APPLICATION_PROTOCOL_DEFINITION('international standard',
  'automotive_design',2000,#2);
#2 = APPLICATION_CONTEXT(
  'core data for automotive mechanical design processes');
#3 = SHAPE_DEFINITION_REPRESENTATION(#4,#10);
#4 = PRODUCT_DEFINITION_SHAPE('','',#5);
#5 = PRODUCT_DEFINITION('design','',#6,#9);
#6 = PRODUCT_DEFINITION_FORMATION('','',#7);
#7 = PRODUCT('Body','Body','',(#8));
#8 = PRODUCT_CONTEXT('',#2,'mechanical');
#9 = PRODUCT_DEFINITION_CONTEXT('part definition',#2,'design');
#10 = ADVANCED_BREP_SHAPE_REPRESENTATION('',(#11,#15),#4087);
#11 = AXIS2_PLACEMENT_3D('',#12,#13,#14);
#12 = CARTESIAN_POINT('',(0.,0.,0.));
#13 = DIRECTION('',(0.,0.,1.));
#14 = DIRECTION('',(1.,0.,-0.));
#15 = MANIFOLD_SOLID_BREP('',#16);
#16 = CLOSED_SHELL('',(#17,#597,#631,#658,#683,#701,#732,#756,#780,#797,
    #860,#884,#908,#957,#988,#1012,#1036,#1053,#1084,#1108,#1132,#1149,
    #1174,#1199,#1224,#1255,#1279,#1303,#1320,#1351,#1375,#1399,#1416,
    #1441,#1472,#1496,#1520,#1537,#1568,#1592,#1616,#1640,#1664,#1688,
    #1712,#1736,#1753,#1784,#1808,#1832,#1856,#1880,#1904,#1928,#1952,
    #1969,#2003,#2028,#2055,#2073,#2109,#2134,#2159,#2177,#2212,#2238,
    #2264,#2281,#2313,#2337,#2361,#2379,#2410,#2434,#2458,#2475,#3015,
    #3039,#3063,#3080,#3104,#3128,#3145,#3167,#3184,#3201,#3213,#3235,
    #3252,#3269,#3281,#3298,#3315,#3332,#3354,#3371,#3388,#3400,#3422,
    #3439,#3456,#3468,#3485,#3507,#3524,#3541,#3553,#3575,#3592,#3609,
    #3626,#3643,#3660,#3677,#3694,#3706,#3728,#3745,#3762,#3779,#3796,
    #3813,#3830,#3847,#3859,#3881,#3898,#3915,#3927,#3949,#3966,#3983,
    #3995,#4017,#4034,#4051,#4063,#4075));
#17 = ADVANCED_FACE('',(#18,#54,#88,#122,#156,#190,#201,#212,#223,#257,
    #291,#302,#336,#410,#484,#520,#556),#592,.T.);
#18 = FACE_BOUND('',#19,.T.);
#19 = EDGE_LOOP('',(#20,#31,#39,#48));
#20 = ORIENTED_EDGE('',*,*,#21,.F.);
#21 = EDGE_CURVE('',#22,#24,#26,.T.);
#22 = VERTEX_POINT('',#23);
#23 = CARTESIAN_POINT('',(9.194518139018,134.25357021462,1.));
#24 = VERTEX_POINT('',#25);
#25 = CARTESIAN_POINT('',(3.273110875839,128.09065617502,1.));
#26 = CIRCLE('',#27,5.3);
#27 = AXIS2_PLACEMENT_3D('',#28,#29,#30);
#28 = CARTESIAN_POINT('',(8.494518139018,129.,1.));
#29 = DIRECTION('',(0.,-0.,1.));
#30 = DIRECTION('',(4.166666666667E-02,0.999131567357,0.));
#31 = ORIENTED_EDGE('',*,*,#32,.T.);
#32 = EDGE_CURVE('',#22,#33,#35,.T.);
#33 = VERTEX_POINT('',#34);
#34 = CARTESIAN_POINT('',(9.194518139018,131.91719042916,1.));
#35 = LINE('',#36,#37);
#36 = CARTESIAN_POINT('',(9.194518139018,133.79583152331,1.));
#37 = VECTOR('',#38,1.);
#38 = DIRECTION('',(0.,-1.,0.));
#39 = ORIENTED_EDGE('',*,*,#40,.T.);
#40 = EDGE_CURVE('',#33,#41,#43,.T.);
#41 = VERTEX_POINT('',#42);
#42 = CARTESIAN_POINT('',(5.635655811451,128.09065617502,1.));
#43 = CIRCLE('',#44,3.);
#44 = AXIS2_PLACEMENT_3D('',#45,#46,#47);
#45 = CARTESIAN_POINT('',(8.494518139018,129.,1.));
#46 = DIRECTION('',(0.,-0.,1.));
#47 = DIRECTION('',(5.714285714286E-02,0.99836601198,0.));
#48 = ORIENTED_EDGE('',*,*,#49,.F.);
#49 = EDGE_CURVE('',#24,#41,#50,.T.);
#50 = LINE('',#51,#52);
#51 = CARTESIAN_POINT('',(3.712004403235,128.09065617502,1.));
#52 = VECTOR('',#53,1.);
#53 = DIRECTION('',(1.,0.,0.));
#54 = FACE_BOUND('',#55,.T.);
#55 = EDGE_LOOP('',(#56,#66,#74,#82));
#56 = ORIENTED_EDGE('',*,*,#57,.F.);
#57 = EDGE_CURVE('',#58,#60,#62,.T.);
#58 = VERTEX_POINT('',#59);
#59 = CARTESIAN_POINT('',(3.730220405771,124.37160322263,1.));
#60 = VERTEX_POINT('',#61);
#61 = CARTESIAN_POINT('',(9.539511548738,13.523724864878,1.));
#62 = LINE('',#63,#64);
#63 = CARTESIAN_POINT('',(3.756388383893,123.87228845525,1.));
#64 = VECTOR('',#65,1.);
#65 = DIRECTION('',(5.233595624294E-02,-0.998629534755,0.));
#66 = ORIENTED_EDGE('',*,*,#67,.F.);
#67 = EDGE_CURVE('',#68,#58,#70,.T.);
#68 = VERTEX_POINT('',#69);
#69 = CARTESIAN_POINT('',(5.72747947528,124.47627513512,1.));
#70 = LINE('',#71,#72);
#71 = CARTESIAN_POINT('',(5.228164707903,124.450107157,1.));
#72 = VECTOR('',#73,1.);
#73 = DIRECTION('',(-0.998629534755,-5.233595624294E-02,0.));
#74 = ORIENTED_EDGE('',*,*,#75,.F.);
#75 = EDGE_CURVE('',#76,#68,#78,.T.);
#76 = VERTEX_POINT('',#77);
#77 = CARTESIAN_POINT('',(11.536770618247,13.628396777364,1.));
#78 = LINE('',#79,#80);
#79 = CARTESIAN_POINT('',(11.510602640126,14.127711544741,1.));
#80 = VECTOR('',#81,1.);
#81 = DIRECTION('',(-5.233595624294E-02,0.998629534755,0.));
#82 = ORIENTED_EDGE('',*,*,#83,.F.);
#83 = EDGE_CURVE('',#60,#76,#84,.T.);
#84 = LINE('',#85,#86);
#85 = CARTESIAN_POINT('',(10.038826316115,13.549892843,1.));
#86 = VECTOR('',#87,1.);
#87 = DIRECTION('',(0.998629534755,5.233595624295E-02,0.));
#88 = FACE_BOUND('',#89,.T.);
#89 = EDGE_LOOP('',(#90,#100,#108,#116));
#90 = ORIENTED_EDGE('',*,*,#91,.T.);
#91 = EDGE_CURVE('',#92,#94,#96,.T.);
#92 = VERTEX_POINT('',#93);
#93 = CARTESIAN_POINT('',(0.,0.,1.));
#94 = VERTEX_POINT('',#95);
#95 = CARTESIAN_POINT('',(150.,0.,1.));
#96 = LINE('',#97,#98);
#97 = CARTESIAN_POINT('',(0.,0.,1.));
#98 = VECTOR('',#99,1.);
#99 = DIRECTION('',(1.,0.,0.));
#100 = ORIENTED_EDGE('',*,*,#101,.T.);
#101 = EDGE_CURVE('',#94,#102,#104,.T.);
#102 = VERTEX_POINT('',#103);
#103 = CARTESIAN_POINT('',(150.,138.,1.));
#104 = LINE('',#105,#106);
#105 = CARTESIAN_POINT('',(150.,0.,1.));
#106 = VECTOR('',#107,1.);
#107 = DIRECTION('',(0.,1.,0.));
#108 = ORIENTED_EDGE('',*,*,#109,.T.);
#109 = EDGE_CURVE('',#102,#110,#112,.T.);
#110 = VERTEX_POINT('',#111);
#111 = CARTESIAN_POINT('',(0.,138.,1.));
#112 = LINE('',#113,#114);
#113 = CARTESIAN_POINT('',(150.,138.,1.));
#114 = VECTOR('',#115,1.);
#115 = DIRECTION('',(-1.,0.,0.));
#116 = ORIENTED_EDGE('',*,*,#117,.T.);
#117 = EDGE_CURVE('',#110,#92,#118,.T.);
#118 = LINE('',#119,#120);
#119 = CARTESIAN_POINT('',(0.,138.,1.));
#120 = VECTOR('',#121,1.);
#121 = DIRECTION('',(0.,-1.,0.));
#122 = FACE_BOUND('',#123,.T.);
#123 = EDGE_LOOP('',(#124,#134,#142,#150));
#124 = ORIENTED_EDGE('',*,*,#125,.F.);
#125 = EDGE_CURVE('',#126,#128,#130,.T.);
#126 = VERTEX_POINT('',#127);
#127 = CARTESIAN_POINT('',(39.,11.,1.));
#128 = VERTEX_POINT('',#129);
#129 = CARTESIAN_POINT('',(41.,11.,1.));
#130 = LINE('',#131,#132);
#131 = CARTESIAN_POINT('',(39.5,11.,1.));
#132 = VECTOR('',#133,1.);
#133 = DIRECTION('',(1.,0.,0.));
#134 = ORIENTED_EDGE('',*,*,#135,.F.);
#135 = EDGE_CURVE('',#136,#126,#138,.T.);
#136 = VERTEX_POINT('',#137);
#137 = CARTESIAN_POINT('',(39.,127.,1.));
#138 = LINE('',#139,#140);
#139 = CARTESIAN_POINT('',(39.,126.5,1.));
#140 = VECTOR('',#141,1.);
#141 = DIRECTION('',(0.,-1.,0.));
#142 = ORIENTED_EDGE('',*,*,#143,.F.);
#143 = EDGE_CURVE('',#144,#136,#146,.T.);
#144 = VERTEX_POINT('',#145);
#145 = CARTESIAN_POINT('',(41.,127.,1.));
#146 = LINE('',#147,#148);
#147 = CARTESIAN_POINT('',(40.5,127.,1.));
#148 = VECTOR('',#149,1.);
#149 = DIRECTION('',(-1.,0.,0.));
#150 = ORIENTED_EDGE('',*,*,#151,.F.);
#151 = EDGE_CURVE('',#128,#144,#152,.T.);
#152 = LINE('',#153,#154);
#153 = CARTESIAN_POINT('',(41.,11.5,1.));
#154 = VECTOR('',#155,1.);
#155 = DIRECTION('',(0.,1.,0.));
#156 = FACE_BOUND('',#157,.T.);
#157 = EDGE_LOOP('',(#158,#168,#176,#184));
#158 = ORIENTED_EDGE('',*,*,#159,.T.);
#159 = EDGE_CURVE('',#160,#162,#164,.T.);
#160 = VERTEX_POINT('',#161);
#161 = CARTESIAN_POINT('',(44.,11.,1.));
#162 = VERTEX_POINT('',#163);
#163 = CARTESIAN_POINT('',(44.,127.,1.));
#164 = LINE('',#165,#166);
#165 = CARTESIAN_POINT('',(44.,11.5,1.));
#166 = VECTOR('',#167,1.);
#167 = DIRECTION('',(0.,1.,0.));
#168 = ORIENTED_EDGE('',*,*,#169,.T.);
#169 = EDGE_CURVE('',#162,#170,#172,.T.);
#170 = VERTEX_POINT('',#171);
#171 = CARTESIAN_POINT('',(46.,127.,1.));
#172 = LINE('',#173,#174);
#173 = CARTESIAN_POINT('',(44.5,127.,1.));
#174 = VECTOR('',#175,1.);
#175 = DIRECTION('',(1.,0.,0.));
#176 = ORIENTED_EDGE('',*,*,#177,.T.);
#177 = EDGE_CURVE('',#170,#178,#180,.T.);
#178 = VERTEX_POINT('',#179);
#179 = CARTESIAN_POINT('',(46.,11.,1.));
#180 = LINE('',#181,#182);
#181 = CARTESIAN_POINT('',(46.,126.5,1.));
#182 = VECTOR('',#183,1.);
#183 = DIRECTION('',(0.,-1.,0.));
#184 = ORIENTED_EDGE('',*,*,#185,.T.);
#185 = EDGE_CURVE('',#178,#160,#186,.T.);
#186 = LINE('',#187,#188);
#187 = CARTESIAN_POINT('',(45.5,11.,1.));
#188 = VECTOR('',#189,1.);
#189 = DIRECTION('',(-1.,0.,0.));
#190 = FACE_BOUND('',#191,.T.);
#191 = EDGE_LOOP('',(#192));
#192 = ORIENTED_EDGE('',*,*,#193,.F.);
#193 = EDGE_CURVE('',#194,#194,#196,.T.);
#194 = VERTEX_POINT('',#195);
#195 = CARTESIAN_POINT('',(51.5,125.,1.));
#196 = CIRCLE('',#197,1.5);
#197 = AXIS2_PLACEMENT_3D('',#198,#199,#200);
#198 = CARTESIAN_POINT('',(50.,125.,1.));
#199 = DIRECTION('',(0.,0.,1.));
#200 = DIRECTION('',(1.,0.,0.));
#201 = FACE_BOUND('',#202,.T.);
#202 = EDGE_LOOP('',(#203));
#203 = ORIENTED_EDGE('',*,*,#204,.F.);
#204 = EDGE_CURVE('',#205,#205,#207,.T.);
#205 = VERTEX_POINT('',#206);
#206 = CARTESIAN_POINT('',(51.5,13.,1.));
#207 = CIRCLE('',#208,1.5);
#208 = AXIS2_PLACEMENT_3D('',#209,#210,#211);
#209 = CARTESIAN_POINT('',(50.,13.,1.));
#210 = DIRECTION('',(0.,0.,1.));
#211 = DIRECTION('',(1.,0.,0.));
#212 = FACE_BOUND('',#213,.T.);
#213 = EDGE_LOOP('',(#214));
#214 = ORIENTED_EDGE('',*,*,#215,.F.);
#215 = EDGE_CURVE('',#216,#216,#218,.T.);
#216 = VERTEX_POINT('',#217);
#217 = CARTESIAN_POINT('',(101.5,125.,1.));
#218 = CIRCLE('',#219,1.5);
#219 = AXIS2_PLACEMENT_3D('',#220,#221,#222);
#220 = CARTESIAN_POINT('',(100.,125.,1.));
#221 = DIRECTION('',(0.,0.,1.));
#222 = DIRECTION('',(1.,0.,0.));
#223 = FACE_BOUND('',#224,.T.);
#224 = EDGE_LOOP('',(#225,#235,#243,#251));
#225 = ORIENTED_EDGE('',*,*,#226,.F.);
#226 = EDGE_CURVE('',#227,#229,#231,.T.);
#227 = VERTEX_POINT('',#228);
#228 = CARTESIAN_POINT('',(104.,11.,1.));
#229 = VERTEX_POINT('',#230);
#230 = CARTESIAN_POINT('',(106.,11.,1.));
#231 = LINE('',#232,#233);
#232 = CARTESIAN_POINT('',(104.5,11.,1.));
#233 = VECTOR('',#234,1.);
#234 = DIRECTION('',(1.,0.,0.));
#235 = ORIENTED_EDGE('',*,*,#236,.F.);
#236 = EDGE_CURVE('',#237,#227,#239,.T.);
#237 = VERTEX_POINT('',#238);
#238 = CARTESIAN_POINT('',(104.,127.,1.));
#239 = LINE('',#240,#241);
#240 = CARTESIAN_POINT('',(104.,126.5,1.));
#241 = VECTOR('',#242,1.);
#242 = DIRECTION('',(0.,-1.,0.));
#243 = ORIENTED_EDGE('',*,*,#244,.F.);
#244 = EDGE_CURVE('',#245,#237,#247,.T.);
#245 = VERTEX_POINT('',#246);
#246 = CARTESIAN_POINT('',(106.,127.,1.));
#247 = LINE('',#248,#249);
#248 = CARTESIAN_POINT('',(105.5,127.,1.));
#249 = VECTOR('',#250,1.);
#250 = DIRECTION('',(-1.,0.,0.));
#251 = ORIENTED_EDGE('',*,*,#252,.F.);
#252 = EDGE_CURVE('',#229,#245,#253,.T.);
#253 = LINE('',#254,#255);
#254 = CARTESIAN_POINT('',(106.,11.5,1.));
#255 = VECTOR('',#256,1.);
#256 = DIRECTION('',(0.,1.,0.));
#257 = FACE_BOUND('',#258,.T.);
#258 = EDGE_LOOP('',(#259,#269,#277,#285));
#259 = ORIENTED_EDGE('',*,*,#260,.F.);
#260 = EDGE_CURVE('',#261,#263,#265,.T.);
#261 = VERTEX_POINT('',#262);
#262 = CARTESIAN_POINT('',(109.,11.,1.));
#263 = VERTEX_POINT('',#264);
#264 = CARTESIAN_POINT('',(111.,11.,1.));
#265 = LINE('',#266,#267);
#266 = CARTESIAN_POINT('',(109.5,11.,1.));
#267 = VECTOR('',#268,1.);
#268 = DIRECTION('',(1.,0.,0.));
#269 = ORIENTED_EDGE('',*,*,#270,.F.);
#270 = EDGE_CURVE('',#271,#261,#273,.T.);
#271 = VERTEX_POINT('',#272);
#272 = CARTESIAN_POINT('',(109.,127.,1.));
#273 = LINE('',#274,#275);
#274 = CARTESIAN_POINT('',(109.,126.5,1.));
#275 = VECTOR('',#276,1.);
#276 = DIRECTION('',(0.,-1.,0.));
#277 = ORIENTED_EDGE('',*,*,#278,.F.);
#278 = EDGE_CURVE('',#279,#271,#281,.T.);
#279 = VERTEX_POINT('',#280);
#280 = CARTESIAN_POINT('',(111.,127.,1.));
#281 = LINE('',#282,#283);
#282 = CARTESIAN_POINT('',(110.5,127.,1.));
#283 = VECTOR('',#284,1.);
#284 = DIRECTION('',(-1.,0.,0.));
#285 = ORIENTED_EDGE('',*,*,#286,.F.);
#286 = EDGE_CURVE('',#263,#279,#287,.T.);
#287 = LINE('',#288,#289);
#288 = CARTESIAN_POINT('',(111.,11.5,1.));
#289 = VECTOR('',#290,1.);
#290 = DIRECTION('',(0.,1.,0.));
#291 = FACE_BOUND('',#292,.T.);
#292 = EDGE_LOOP('',(#293));
#293 = ORIENTED_EDGE('',*,*,#294,.F.);
#294 = EDGE_CURVE('',#295,#295,#297,.T.);
#295 = VERTEX_POINT('',#296);
#296 = CARTESIAN_POINT('',(101.5,13.,1.));
#297 = CIRCLE('',#298,1.5);
#298 = AXIS2_PLACEMENT_3D('',#299,#300,#301);
#299 = CARTESIAN_POINT('',(100.,13.,1.));
#300 = DIRECTION('',(0.,0.,1.));
#301 = DIRECTION('',(1.,0.,0.));
#302 = FACE_BOUND('',#303,.T.);
#303 = EDGE_LOOP('',(#304,#314,#322,#330));
#304 = ORIENTED_EDGE('',*,*,#305,.F.);
#305 = EDGE_CURVE('',#306,#308,#310,.T.);
#306 = VERTEX_POINT('',#307);
#307 = CARTESIAN_POINT('',(144.27252052472,124.47627513512,1.));
#308 = VERTEX_POINT('',#309);
#309 = CARTESIAN_POINT('',(138.46322938175,13.628396777364,1.));
#310 = LINE('',#311,#312);
#311 = CARTESIAN_POINT('',(144.24635254659,123.97696036774,1.));
#312 = VECTOR('',#313,1.);
#313 = DIRECTION('',(-5.233595624294E-02,-0.998629534755,0.));
#314 = ORIENTED_EDGE('',*,*,#315,.F.);
#315 = EDGE_CURVE('',#316,#306,#318,.T.);
#316 = VERTEX_POINT('',#317);
#317 = CARTESIAN_POINT('',(146.26977959422,124.37160322263,1.));
#318 = LINE('',#319,#320);
#319 = CARTESIAN_POINT('',(145.77046482685,124.39777120075,1.));
#320 = VECTOR('',#321,1.);
#321 = DIRECTION('',(-0.998629534755,5.233595624294E-02,0.));
#322 = ORIENTED_EDGE('',*,*,#323,.F.);
#323 = EDGE_CURVE('',#324,#316,#326,.T.);
#324 = VERTEX_POINT('',#325);
#325 = CARTESIAN_POINT('',(140.46048845126,13.523724864878,1.));
#326 = LINE('',#327,#328);
#327 = CARTESIAN_POINT('',(140.48665642938,14.023039632255,1.));
#328 = VECTOR('',#329,1.);
#329 = DIRECTION('',(5.233595624294E-02,0.998629534755,0.));
#330 = ORIENTED_EDGE('',*,*,#331,.F.);
#331 = EDGE_CURVE('',#308,#324,#332,.T.);
#332 = LINE('',#333,#334);
#333 = CARTESIAN_POINT('',(138.96254414913,13.602228799243,1.));
#334 = VECTOR('',#335,1.);
#335 = DIRECTION('',(0.998629534755,-5.233595624294E-02,0.));
#336 = FACE_BOUND('',#337,.T.);
#337 = EDGE_LOOP('',(#338,#348,#356,#364,#372,#380,#388,#396,#404));
#338 = ORIENTED_EDGE('',*,*,#339,.T.);
#339 = EDGE_CURVE('',#340,#342,#344,.T.);
#340 = VERTEX_POINT('',#341);
#341 = CARTESIAN_POINT('',(116.26776695296,67.43933982822,1.));
#342 = VERTEX_POINT('',#343);
#343 = CARTESIAN_POINT('',(114.86005555801,66.031628433272,1.));
#344 = LINE('',#345,#346);
#345 = CARTESIAN_POINT('',(115.91421356237,67.085786437627,1.));
#346 = VECTOR('',#347,1.);
#347 = DIRECTION('',(-0.707106781187,-0.707106781187,0.));
#348 = ORIENTED_EDGE('',*,*,#349,.T.);
#349 = EDGE_CURVE('',#342,#350,#352,.T.);
#350 = VERTEX_POINT('',#351);
#351 = CARTESIAN_POINT('',(111.77939466547,69.,1.));
#352 = LINE('',#353,#354);
#353 = CARTESIAN_POINT('',(114.50662284758,66.372178609024,1.));
#354 = VECTOR('',#355,1.);
#355 = DIRECTION('',(-0.72010887602,0.693861086009,0.));
#356 = ORIENTED_EDGE('',*,*,#357,.T.);
#357 = EDGE_CURVE('',#350,#358,#360,.T.);
#358 = VERTEX_POINT('',#359);
#359 = CARTESIAN_POINT('',(114.86005555801,71.968371566728,1.));
#360 = LINE('',#361,#362);
#361 = CARTESIAN_POINT('',(112.15306945699,69.36005443801,1.));
#362 = VECTOR('',#363,1.);
#363 = DIRECTION('',(0.72010887602,0.693861086009,0.));
#364 = ORIENTED_EDGE('',*,*,#365,.T.);
#365 = EDGE_CURVE('',#358,#366,#368,.T.);
#366 = VERTEX_POINT('',#367);
#367 = CARTESIAN_POINT('',(116.26776695296,70.56066017178,1.));
#368 = LINE('',#369,#370);
#369 = CARTESIAN_POINT('',(115.20710678118,71.62132034356,1.));
#370 = VECTOR('',#371,1.);
#371 = DIRECTION('',(0.707106781187,-0.707106781187,0.));
#372 = ORIENTED_EDGE('',*,*,#373,.T.);
#373 = EDGE_CURVE('',#366,#374,#376,.T.);
#374 = VERTEX_POINT('',#375);
#375 = CARTESIAN_POINT('',(115.70710678118,70.,1.));
#376 = LINE('',#377,#378);
#377 = CARTESIAN_POINT('',(115.91421356237,70.207106781187,1.));
#378 = VECTOR('',#379,1.);
#379 = DIRECTION('',(-0.707106781187,-0.707106781187,0.));
#380 = ORIENTED_EDGE('',*,*,#381,.T.);
#381 = EDGE_CURVE('',#374,#382,#384,.T.);
#382 = VERTEX_POINT('',#383);
#383 = CARTESIAN_POINT('',(118.,70.,1.));
#384 = LINE('',#385,#386);
#385 = CARTESIAN_POINT('',(114.5,70.,1.));
#386 = VECTOR('',#387,1.);
#387 = DIRECTION('',(1.,0.,0.));
#388 = ORIENTED_EDGE('',*,*,#389,.T.);
#389 = EDGE_CURVE('',#382,#390,#392,.T.);
#390 = VERTEX_POINT('',#391);
#391 = CARTESIAN_POINT('',(118.,68.,1.));
#392 = LINE('',#393,#394);
#393 = CARTESIAN_POINT('',(118.,69.5,1.));
#394 = VECTOR('',#395,1.);
#395 = DIRECTION('',(0.,-1.,0.));
#396 = ORIENTED_EDGE('',*,*,#397,.T.);
#397 = EDGE_CURVE('',#390,#398,#400,.T.);
#398 = VERTEX_POINT('',#399);
#399 = CARTESIAN_POINT('',(115.70710678118,68.,1.));
#400 = LINE('',#401,#402);
#401 = CARTESIAN_POINT('',(117.5,68.,1.));
#402 = VECTOR('',#403,1.);
#403 = DIRECTION('',(-1.,0.,0.));
#404 = ORIENTED_EDGE('',*,*,#405,.T.);
#405 = EDGE_CURVE('',#398,#340,#406,.T.);
#406 = LINE('',#407,#408);
#407 = CARTESIAN_POINT('',(114.85355339059,68.853553390593,1.));
#408 = VECTOR('',#409,1.);
#409 = DIRECTION('',(0.707106781187,-0.707106781187,0.));
#410 = FACE_BOUND('',#411,.T.);
#411 = EDGE_LOOP('',(#412,#422,#430,#438,#446,#454,#462,#470,#478));
#412 = ORIENTED_EDGE('',*,*,#413,.F.);
#413 = EDGE_CURVE('',#414,#416,#418,.T.);
#414 = VERTEX_POINT('',#415);
#415 = CARTESIAN_POINT('',(32.,68.,1.));
#416 = VERTEX_POINT('',#417);
#417 = CARTESIAN_POINT('',(34.292893218813,68.,1.));
#418 = LINE('',#419,#420);
#419 = CARTESIAN_POINT('',(32.5,68.,1.));
#420 = VECTOR('',#421,1.);
#421 = DIRECTION('',(1.,0.,0.));
#422 = ORIENTED_EDGE('',*,*,#423,.F.);
#423 = EDGE_CURVE('',#424,#414,#426,.T.);
#424 = VERTEX_POINT('',#425);
#425 = CARTESIAN_POINT('',(32.,70.,1.));
#426 = LINE('',#427,#428);
#427 = CARTESIAN_POINT('',(32.,69.5,1.));
#428 = VECTOR('',#429,1.);
#429 = DIRECTION('',(0.,-1.,0.));
#430 = ORIENTED_EDGE('',*,*,#431,.F.);
#431 = EDGE_CURVE('',#432,#424,#434,.T.);
#432 = VERTEX_POINT('',#433);
#433 = CARTESIAN_POINT('',(34.292893218813,70.,1.));
#434 = LINE('',#435,#436);
#435 = CARTESIAN_POINT('',(35.5,70.,1.));
#436 = VECTOR('',#437,1.);
#437 = DIRECTION('',(-1.,0.,0.));
#438 = ORIENTED_EDGE('',*,*,#439,.F.);
#439 = EDGE_CURVE('',#440,#432,#442,.T.);
#440 = VERTEX_POINT('',#441);
#441 = CARTESIAN_POINT('',(33.732233047034,70.56066017178,1.));
#442 = LINE('',#443,#444);
#443 = CARTESIAN_POINT('',(34.085786437627,70.207106781187,1.));
#444 = VECTOR('',#445,1.);
#445 = DIRECTION('',(0.707106781187,-0.707106781187,0.));
#446 = ORIENTED_EDGE('',*,*,#447,.F.);
#447 = EDGE_CURVE('',#448,#440,#450,.T.);
#448 = VERTEX_POINT('',#449);
#449 = CARTESIAN_POINT('',(35.139944441982,71.968371566728,1.));
#450 = LINE('',#451,#452);
#451 = CARTESIAN_POINT('',(34.792893218813,71.62132034356,1.));
#452 = VECTOR('',#453,1.);
#453 = DIRECTION('',(-0.707106781187,-0.707106781187,0.));
#454 = ORIENTED_EDGE('',*,*,#455,.F.);
#455 = EDGE_CURVE('',#456,#448,#458,.T.);
#456 = VERTEX_POINT('',#457);
#457 = CARTESIAN_POINT('',(38.220605334529,69.,1.));
#458 = LINE('',#459,#460);
#459 = CARTESIAN_POINT('',(37.846930543004,69.36005443801,1.));
#460 = VECTOR('',#461,1.);
#461 = DIRECTION('',(-0.72010887602,0.693861086009,0.));
#462 = ORIENTED_EDGE('',*,*,#463,.F.);
#463 = EDGE_CURVE('',#464,#456,#466,.T.);
#464 = VERTEX_POINT('',#465);
#465 = CARTESIAN_POINT('',(35.139944441982,66.031628433272,1.));
#466 = LINE('',#467,#468);
#467 = CARTESIAN_POINT('',(35.493377152411,66.372178609024,1.));
#468 = VECTOR('',#469,1.);
#469 = DIRECTION('',(0.72010887602,0.693861086009,0.));
#470 = ORIENTED_EDGE('',*,*,#471,.F.);
#471 = EDGE_CURVE('',#472,#464,#474,.T.);
#472 = VERTEX_POINT('',#473);
#473 = CARTESIAN_POINT('',(33.732233047034,67.43933982822,1.));
#474 = LINE('',#475,#476);
#475 = CARTESIAN_POINT('',(34.085786437627,67.085786437627,1.));
#476 = VECTOR('',#477,1.);
#477 = DIRECTION('',(0.707106781187,-0.707106781187,0.));
#478 = ORIENTED_EDGE('',*,*,#479,.F.);
#479 = EDGE_CURVE('',#416,#472,#480,.T.);
#480 = LINE('',#481,#482);
#481 = CARTESIAN_POINT('',(35.146446609407,68.853553390593,1.));
#482 = VECTOR('',#483,1.);
#483 = DIRECTION('',(-0.707106781187,-0.707106781187,0.));
#484 = FACE_BOUND('',#485,.T.);
#485 = EDGE_LOOP('',(#486,#497,#505,#514));
#486 = ORIENTED_EDGE('',*,*,#487,.F.);
#487 = EDGE_CURVE('',#488,#490,#492,.T.);
#488 = VERTEX_POINT('',#489);
#489 = CARTESIAN_POINT('',(146.72688912416,128.09065617502,1.));
#490 = VERTEX_POINT('',#491);
#491 = CARTESIAN_POINT('',(140.80548186098,134.25357021462,1.));
#492 = CIRCLE('',#493,5.3);
#493 = AXIS2_PLACEMENT_3D('',#494,#495,#496);
#494 = CARTESIAN_POINT('',(141.50548186098,129.,1.));
#495 = DIRECTION('',(-0.,0.,1.));
#496 = DIRECTION('',(0.996357028288,-8.527996353564E-02,0.));
#497 = ORIENTED_EDGE('',*,*,#498,.T.);
#498 = EDGE_CURVE('',#488,#499,#501,.T.);
#499 = VERTEX_POINT('',#500);
#500 = CARTESIAN_POINT('',(144.36434418855,128.09065617502,1.));
#501 = LINE('',#502,#503);
#502 = CARTESIAN_POINT('',(146.28799559676,128.09065617502,1.));
#503 = VECTOR('',#504,1.);
#504 = DIRECTION('',(-1.,0.,0.));
#505 = ORIENTED_EDGE('',*,*,#506,.T.);
#506 = EDGE_CURVE('',#499,#507,#509,.T.);
#507 = VERTEX_POINT('',#508);
#508 = CARTESIAN_POINT('',(140.80548186098,131.91719042916,1.));
#509 = CIRCLE('',#510,3.);
#510 = AXIS2_PLACEMENT_3D('',#511,#512,#513);
#511 = CARTESIAN_POINT('',(141.50548186098,129.,1.));
#512 = DIRECTION('',(-0.,0.,1.));
#513 = DIRECTION('',(0.993137170498,-0.116955378563,0.));
#514 = ORIENTED_EDGE('',*,*,#515,.F.);
#515 = EDGE_CURVE('',#490,#507,#516,.T.);
#516 = LINE('',#517,#518);
#517 = CARTESIAN_POINT('',(140.80548186098,133.79583152331,1.));
#518 = VECTOR('',#519,1.);
#519 = DIRECTION('',(0.,-1.,0.));
#520 = FACE_BOUND('',#521,.T.);
#521 = EDGE_LOOP('',(#522,#533,#541,#550));
#522 = ORIENTED_EDGE('',*,*,#523,.T.);
#523 = EDGE_CURVE('',#524,#526,#528,.T.);
#524 = VERTEX_POINT('',#525);
#525 = CARTESIAN_POINT('',(134.51654834701,6.082809570837,1.));
#526 = VERTEX_POINT('',#527);
#527 = CARTESIAN_POINT('',(138.17615246208,9.490656175028,1.));
#528 = CIRCLE('',#529,3.);
#529 = AXIS2_PLACEMENT_3D('',#530,#531,#532);
#530 = CARTESIAN_POINT('',(135.21654834701,9.,1.));
#531 = DIRECTION('',(0.,0.,1.));
#532 = DIRECTION('',(-5.714285714286E-02,-0.99836601198,0.));
#533 = ORIENTED_EDGE('',*,*,#534,.F.);
#534 = EDGE_CURVE('',#535,#526,#537,.T.);
#535 = VERTEX_POINT('',#536);
#536 = CARTESIAN_POINT('',(140.49378782594,9.490656175028,1.));
#537 = LINE('',#538,#539);
#538 = CARTESIAN_POINT('',(140.01653925252,9.490656175028,1.));
#539 = VECTOR('',#540,1.);
#540 = DIRECTION('',(-1.,0.,0.));
#541 = ORIENTED_EDGE('',*,*,#542,.F.);
#542 = EDGE_CURVE('',#543,#535,#545,.T.);
#543 = VERTEX_POINT('',#544);
#544 = CARTESIAN_POINT('',(134.51654834701,3.746429785375,1.));
#545 = CIRCLE('',#546,5.3);
#546 = AXIS2_PLACEMENT_3D('',#547,#548,#549);
#547 = CARTESIAN_POINT('',(135.21654834701,9.,1.));
#548 = DIRECTION('',(0.,0.,1.));
#549 = DIRECTION('',(-4.166666666667E-02,-0.999131567357,0.));
#550 = ORIENTED_EDGE('',*,*,#551,.F.);
#551 = EDGE_CURVE('',#524,#543,#552,.T.);
#552 = LINE('',#553,#554);
#553 = CARTESIAN_POINT('',(134.51654834701,5.505718958069,1.));
#554 = VECTOR('',#555,1.);
#555 = DIRECTION('',(0.,-1.,0.));
#556 = FACE_BOUND('',#557,.T.);
#557 = EDGE_LOOP('',(#558,#568,#577,#585));
#558 = ORIENTED_EDGE('',*,*,#559,.T.);
#559 = EDGE_CURVE('',#560,#562,#564,.T.);
#560 = VERTEX_POINT('',#561);
#561 = CARTESIAN_POINT('',(9.50621217406,9.490656175028,1.));
#562 = VERTEX_POINT('',#563);
#563 = CARTESIAN_POINT('',(11.823847537919,9.490656175028,1.));
#564 = LINE('',#565,#566);
#565 = CARTESIAN_POINT('',(9.983460747478,9.490656175028,1.));
#566 = VECTOR('',#567,1.);
#567 = DIRECTION('',(1.,0.,0.));
#568 = ORIENTED_EDGE('',*,*,#569,.T.);
#569 = EDGE_CURVE('',#562,#570,#572,.T.);
#570 = VERTEX_POINT('',#571);
#571 = CARTESIAN_POINT('',(15.483451652983,6.082809570837,1.));
#572 = CIRCLE('',#573,3.);
#573 = AXIS2_PLACEMENT_3D('',#574,#575,#576);
#574 = CARTESIAN_POINT('',(14.783451652983,9.,1.));
#575 = DIRECTION('',(0.,0.,1.));
#576 = DIRECTION('',(-0.99999643644,-2.66966427765E-03,0.));
#577 = ORIENTED_EDGE('',*,*,#578,.T.);
#578 = EDGE_CURVE('',#570,#579,#581,.T.);
#579 = VERTEX_POINT('',#580);
#580 = CARTESIAN_POINT('',(15.483451652983,3.746429785375,1.));
#581 = LINE('',#582,#583);
#582 = CARTESIAN_POINT('',(15.483451652983,5.505718958069,1.));
#583 = VECTOR('',#584,1.);
#584 = DIRECTION('',(0.,-1.,0.));
#585 = ORIENTED_EDGE('',*,*,#586,.F.);
#586 = EDGE_CURVE('',#560,#579,#587,.T.);
#587 = CIRCLE('',#588,5.3);
#588 = AXIS2_PLACEMENT_3D('',#589,#590,#591);
#589 = CARTESIAN_POINT('',(14.783451652983,9.,1.));
#590 = DIRECTION('',(0.,0.,1.));
#591 = DIRECTION('',(-0.999998105314,-1.946630202453E-03,0.));
#592 = PLANE('',#593);
#593 = AXIS2_PLACEMENT_3D('',#594,#595,#596);
#594 = CARTESIAN_POINT('',(75.,69.,1.));
#595 = DIRECTION('',(0.,0.,1.));
#596 = DIRECTION('',(1.,0.,0.));
#597 = ADVANCED_FACE('',(#598),#626,.F.);
#598 = FACE_BOUND('',#599,.T.);
#599 = EDGE_LOOP('',(#600,#609,#610,#619));
#600 = ORIENTED_EDGE('',*,*,#601,.F.);
#601 = EDGE_CURVE('',#22,#602,#604,.T.);
#602 = VERTEX_POINT('',#603);
#603 = CARTESIAN_POINT('',(8.694518139018,133.79583152331,0.5));
#604 = PARABOLA('',#605,1.626345596729);
#605 = AXIS2_PLACEMENT_3D('',#606,#607,#608);
#606 = CARTESIAN_POINT('',(6.194518139018,129.,-2.));
#607 = DIRECTION('',(0.707106781187,0.,-0.707106781187));
#608 = DIRECTION('',(0.707106781187,0.,0.707106781187));
#609 = ORIENTED_EDGE('',*,*,#21,.T.);
#610 = ORIENTED_EDGE('',*,*,#611,.T.);
#611 = EDGE_CURVE('',#24,#612,#614,.T.);
#612 = VERTEX_POINT('',#613);
#613 = CARTESIAN_POINT('',(3.712004403235,128.59065617502,0.5));
#614 = PARABOLA('',#615,1.55233137761);
#615 = AXIS2_PLACEMENT_3D('',#616,#617,#618);
#616 = CARTESIAN_POINT('',(8.494518139018,131.19532808751,
    -2.104671912486));
#617 = DIRECTION('',(-0.,0.707106781187,0.707106781187));
#618 = DIRECTION('',(0.,-0.707106781187,0.707106781187));
#619 = ORIENTED_EDGE('',*,*,#620,.F.);
#620 = EDGE_CURVE('',#602,#612,#621,.T.);
#621 = CIRCLE('',#622,4.8);
#622 = AXIS2_PLACEMENT_3D('',#623,#624,#625);
#623 = CARTESIAN_POINT('',(8.494518139018,129.,0.5));
#624 = DIRECTION('',(0.,-0.,1.));
#625 = DIRECTION('',(4.166666666667E-02,0.999131567357,0.));
#626 = CONICAL_SURFACE('',#627,4.8,0.785398163397);
#627 = AXIS2_PLACEMENT_3D('',#628,#629,#630);
#628 = CARTESIAN_POINT('',(8.494518139018,129.,0.5));
#629 = DIRECTION('',(0.,0.,1.));
#630 = DIRECTION('',(4.166666666667E-02,0.999131567357,0.));
#631 = ADVANCED_FACE('',(#632),#653,.T.);
#632 = FACE_BOUND('',#633,.F.);
#633 = EDGE_LOOP('',(#634,#635,#636,#647));
#634 = ORIENTED_EDGE('',*,*,#601,.F.);
#635 = ORIENTED_EDGE('',*,*,#32,.T.);
#636 = ORIENTED_EDGE('',*,*,#637,.T.);
#637 = EDGE_CURVE('',#33,#638,#640,.T.);
#638 = VERTEX_POINT('',#639);
#639 = CARTESIAN_POINT('',(8.694518139018,132.49428104193,0.5));
#640 = B_SPLINE_CURVE_WITH_KNOTS('',5,(#641,#642,#643,#644,#645,#646),
  .UNSPECIFIED.,.F.,.F.,(6,6),(0.,1.),.PIECEWISE_BEZIER_KNOTS.);
#641 = CARTESIAN_POINT('',(9.194518139018,131.91719042916,1.));
#642 = CARTESIAN_POINT('',(9.097756704728,132.03991718134,0.90323856571)
  );
#643 = CARTESIAN_POINT('',(8.999084901451,132.15861343868,0.804566762433
    ));
#644 = CARTESIAN_POINT('',(8.898839811891,132.27369673991,0.704321672873
    ));
#645 = CARTESIAN_POINT('',(8.797261032094,132.38548936209,0.602742893075
    ));
#646 = CARTESIAN_POINT('',(8.694518139018,132.49428104193,0.5));
#647 = ORIENTED_EDGE('',*,*,#648,.F.);
#648 = EDGE_CURVE('',#602,#638,#649,.T.);
#649 = LINE('',#650,#651);
#650 = CARTESIAN_POINT('',(8.694518139018,133.79583152331,0.5));
#651 = VECTOR('',#652,1.);
#652 = DIRECTION('',(0.,-1.,0.));
#653 = PLANE('',#654);
#654 = AXIS2_PLACEMENT_3D('',#655,#656,#657);
#655 = CARTESIAN_POINT('',(8.944518139018,133.79583152331,0.75));
#656 = DIRECTION('',(-0.707106781187,0.,0.707106781187));
#657 = DIRECTION('',(-0.,1.,-0.));
#658 = ADVANCED_FACE('',(#659),#678,.F.);
#659 = FACE_BOUND('',#660,.T.);
#660 = EDGE_LOOP('',(#661,#662,#663,#672));
#661 = ORIENTED_EDGE('',*,*,#611,.F.);
#662 = ORIENTED_EDGE('',*,*,#49,.T.);
#663 = ORIENTED_EDGE('',*,*,#664,.T.);
#664 = EDGE_CURVE('',#41,#665,#667,.T.);
#665 = VERTEX_POINT('',#666);
#666 = CARTESIAN_POINT('',(5.018538042275,128.59065617502,0.5));
#667 = PARABOLA('',#668,1.382161764314);
#668 = AXIS2_PLACEMENT_3D('',#669,#670,#671);
#669 = CARTESIAN_POINT('',(8.494518139018,127.04532808751,2.045328087514
    ));
#670 = DIRECTION('',(0.,0.707106781187,0.707106781187));
#671 = DIRECTION('',(0.,0.707106781187,-0.707106781187));
#672 = ORIENTED_EDGE('',*,*,#673,.F.);
#673 = EDGE_CURVE('',#612,#665,#674,.T.);
#674 = LINE('',#675,#676);
#675 = CARTESIAN_POINT('',(3.712004403235,128.59065617502,0.5));
#676 = VECTOR('',#677,1.);
#677 = DIRECTION('',(1.,0.,0.));
#678 = PLANE('',#679);
#679 = AXIS2_PLACEMENT_3D('',#680,#681,#682);
#680 = CARTESIAN_POINT('',(3.712004403235,128.34065617502,0.75));
#681 = DIRECTION('',(0.,-0.707106781187,-0.707106781187));
#682 = DIRECTION('',(-1.,-0.,-0.));
#683 = ADVANCED_FACE('',(#684),#696,.T.);
#684 = FACE_BOUND('',#685,.F.);
#685 = EDGE_LOOP('',(#686,#687,#688,#689));
#686 = ORIENTED_EDGE('',*,*,#637,.F.);
#687 = ORIENTED_EDGE('',*,*,#40,.T.);
#688 = ORIENTED_EDGE('',*,*,#664,.T.);
#689 = ORIENTED_EDGE('',*,*,#690,.F.);
#690 = EDGE_CURVE('',#638,#665,#691,.T.);
#691 = CIRCLE('',#692,3.5);
#692 = AXIS2_PLACEMENT_3D('',#693,#694,#695);
#693 = CARTESIAN_POINT('',(8.494518139018,129.,0.5));
#694 = DIRECTION('',(0.,-0.,1.));
#695 = DIRECTION('',(5.714285714286E-02,0.99836601198,0.));
#696 = CONICAL_SURFACE('',#697,3.5,0.785398163397);
#697 = AXIS2_PLACEMENT_3D('',#698,#699,#700);
#698 = CARTESIAN_POINT('',(8.494518139018,129.,0.5));
#699 = DIRECTION('',(-0.,-0.,-1.));
#700 = DIRECTION('',(5.714285714286E-02,0.99836601198,0.));
#701 = ADVANCED_FACE('',(#702),#727,.F.);
#702 = FACE_BOUND('',#703,.T.);
#703 = EDGE_LOOP('',(#704,#712,#713,#721));
#704 = ORIENTED_EDGE('',*,*,#705,.F.);
#705 = EDGE_CURVE('',#58,#706,#708,.T.);
#706 = VERTEX_POINT('',#707);
#707 = CARTESIAN_POINT('',(4.25570315127,123.89845643338,0.5));
#708 = LINE('',#709,#710);
#709 = CARTESIAN_POINT('',(4.25570315127,123.89845643338,0.5));
#710 = VECTOR('',#711,1.);
#711 = DIRECTION('',(0.606775209136,-0.546342852286,-0.57735026919));
#712 = ORIENTED_EDGE('',*,*,#57,.T.);
#713 = ORIENTED_EDGE('',*,*,#714,.T.);
#714 = EDGE_CURVE('',#60,#715,#717,.T.);
#715 = VERTEX_POINT('',#716);
#716 = CARTESIAN_POINT('',(10.012658337994,14.049207610377,0.5));
#717 = LINE('',#718,#719);
#718 = CARTESIAN_POINT('',(27.203658347622,33.141747363499,
    -17.66666666666));
#719 = VECTOR('',#720,1.);
#720 = DIRECTION('',(0.546342852286,0.606775209136,-0.57735026919));
#721 = ORIENTED_EDGE('',*,*,#722,.F.);
#722 = EDGE_CURVE('',#706,#715,#723,.T.);
#723 = LINE('',#724,#725);
#724 = CARTESIAN_POINT('',(4.25570315127,123.89845643338,0.5));
#725 = VECTOR('',#726,1.);
#726 = DIRECTION('',(5.233595624294E-02,-0.998629534755,0.));
#727 = PLANE('',#728);
#728 = AXIS2_PLACEMENT_3D('',#729,#730,#731);
#729 = CARTESIAN_POINT('',(4.006045767581,123.88537244431,0.75));
#730 = DIRECTION('',(-0.706137715918,-3.700710955927E-02,-0.707106781187
    ));
#731 = DIRECTION('',(-5.233595624294E-02,0.998629534755,0.));
#732 = ADVANCED_FACE('',(#733),#751,.F.);
#733 = FACE_BOUND('',#734,.T.);
#734 = EDGE_LOOP('',(#735,#743,#744,#745));
#735 = ORIENTED_EDGE('',*,*,#736,.F.);
#736 = EDGE_CURVE('',#68,#737,#739,.T.);
#737 = VERTEX_POINT('',#738);
#738 = CARTESIAN_POINT('',(5.254332686024,123.95079238962,0.5));
#739 = LINE('',#740,#741);
#740 = CARTESIAN_POINT('',(-11.9366673236,104.8582526365,-17.66666666666
    ));
#741 = VECTOR('',#742,1.);
#742 = DIRECTION('',(-0.546342852286,-0.606775209136,-0.57735026919));
#743 = ORIENTED_EDGE('',*,*,#67,.T.);
#744 = ORIENTED_EDGE('',*,*,#705,.T.);
#745 = ORIENTED_EDGE('',*,*,#746,.F.);
#746 = EDGE_CURVE('',#737,#706,#747,.T.);
#747 = LINE('',#748,#749);
#748 = CARTESIAN_POINT('',(5.254332686024,123.95079238962,0.5));
#749 = VECTOR('',#750,1.);
#750 = DIRECTION('',(-0.998629534755,-5.233595624294E-02,0.));
#751 = PLANE('',#752);
#752 = AXIS2_PLACEMENT_3D('',#753,#754,#755);
#753 = CARTESIAN_POINT('',(5.241248696964,124.20044977331,0.75));
#754 = DIRECTION('',(-3.700710955927E-02,0.706137715918,-0.707106781187)
  );
#755 = DIRECTION('',(0.998629534755,5.233595624294E-02,
    7.979727989493E-17));
#756 = ADVANCED_FACE('',(#757),#775,.F.);
#757 = FACE_BOUND('',#758,.T.);
#758 = EDGE_LOOP('',(#759,#760,#761,#769));
#759 = ORIENTED_EDGE('',*,*,#714,.F.);
#760 = ORIENTED_EDGE('',*,*,#83,.T.);
#761 = ORIENTED_EDGE('',*,*,#762,.T.);
#762 = EDGE_CURVE('',#76,#763,#765,.T.);
#763 = VERTEX_POINT('',#764);
#764 = CARTESIAN_POINT('',(11.011287872748,14.10154356662,0.5));
#765 = LINE('',#766,#767);
#766 = CARTESIAN_POINT('',(11.011287872748,14.10154356662,0.5));
#767 = VECTOR('',#768,1.);
#768 = DIRECTION('',(-0.606775209136,0.546342852286,-0.57735026919));
#769 = ORIENTED_EDGE('',*,*,#770,.F.);
#770 = EDGE_CURVE('',#715,#763,#771,.T.);
#771 = LINE('',#772,#773);
#772 = CARTESIAN_POINT('',(10.012658337994,14.049207610377,0.5));
#773 = VECTOR('',#774,1.);
#774 = DIRECTION('',(0.998629534755,5.233595624295E-02,0.));
#775 = PLANE('',#776);
#776 = AXIS2_PLACEMENT_3D('',#777,#778,#779);
#777 = CARTESIAN_POINT('',(10.025742327054,13.799550226688,0.75));
#778 = DIRECTION('',(3.700710955927E-02,-0.706137715918,-0.707106781187)
  );
#779 = DIRECTION('',(-0.998629534755,-5.233595624295E-02,
    -2.428612866368E-17));
#780 = ADVANCED_FACE('',(#781),#792,.F.);
#781 = FACE_BOUND('',#782,.T.);
#782 = EDGE_LOOP('',(#783,#784,#785,#786));
#783 = ORIENTED_EDGE('',*,*,#762,.F.);
#784 = ORIENTED_EDGE('',*,*,#75,.T.);
#785 = ORIENTED_EDGE('',*,*,#736,.T.);
#786 = ORIENTED_EDGE('',*,*,#787,.F.);
#787 = EDGE_CURVE('',#763,#737,#788,.T.);
#788 = LINE('',#789,#790);
#789 = CARTESIAN_POINT('',(11.011287872748,14.10154356662,0.5));
#790 = VECTOR('',#791,1.);
#791 = DIRECTION('',(-5.233595624294E-02,0.998629534755,0.));
#792 = PLANE('',#793);
#793 = AXIS2_PLACEMENT_3D('',#794,#795,#796);
#794 = CARTESIAN_POINT('',(11.260945256437,14.114627555681,0.75));
#795 = DIRECTION('',(0.706137715918,3.700710955927E-02,-0.707106781187)
  );
#796 = DIRECTION('',(5.233595624294E-02,-0.998629534755,
    4.163336342344E-17));
#797 = ADVANCED_FACE('',(#798),#855,.T.);
#798 = FACE_BOUND('',#799,.T.);
#799 = EDGE_LOOP('',(#800,#808,#816,#824,#832,#840,#848,#854));
#800 = ORIENTED_EDGE('',*,*,#801,.F.);
#801 = EDGE_CURVE('',#802,#92,#804,.T.);
#802 = VERTEX_POINT('',#803);
#803 = CARTESIAN_POINT('',(0.,0.,0.));
#804 = LINE('',#805,#806);
#805 = CARTESIAN_POINT('',(0.,0.,0.));
#806 = VECTOR('',#807,1.);
#807 = DIRECTION('',(0.,0.,1.));
#808 = ORIENTED_EDGE('',*,*,#809,.T.);
#809 = EDGE_CURVE('',#802,#810,#812,.T.);
#810 = VERTEX_POINT('',#811);
#811 = CARTESIAN_POINT('',(20.,0.,0.));
#812 = LINE('',#813,#814);
#813 = CARTESIAN_POINT('',(0.,0.,0.));
#814 = VECTOR('',#815,1.);
#815 = DIRECTION('',(1.,0.,0.));
#816 = ORIENTED_EDGE('',*,*,#817,.T.);
#817 = EDGE_CURVE('',#810,#818,#820,.T.);
#818 = VERTEX_POINT('',#819);
#819 = CARTESIAN_POINT('',(20.,0.,-1.2));
#820 = LINE('',#821,#822);
#821 = CARTESIAN_POINT('',(20.,0.,0.));
#822 = VECTOR('',#823,1.);
#823 = DIRECTION('',(0.,0.,-1.));
#824 = ORIENTED_EDGE('',*,*,#825,.T.);
#825 = EDGE_CURVE('',#818,#826,#828,.T.);
#826 = VERTEX_POINT('',#827);
#827 = CARTESIAN_POINT('',(130.,0.,-1.2));
#828 = LINE('',#829,#830);
#829 = CARTESIAN_POINT('',(20.,0.,-1.2));
#830 = VECTOR('',#831,1.);
#831 = DIRECTION('',(1.,0.,0.));
#832 = ORIENTED_EDGE('',*,*,#833,.F.);
#833 = EDGE_CURVE('',#834,#826,#836,.T.);
#834 = VERTEX_POINT('',#835);
#835 = CARTESIAN_POINT('',(130.,0.,0.));
#836 = LINE('',#837,#838);
#837 = CARTESIAN_POINT('',(130.,0.,0.));
#838 = VECTOR('',#839,1.);
#839 = DIRECTION('',(0.,0.,-1.));
#840 = ORIENTED_EDGE('',*,*,#841,.T.);
#841 = EDGE_CURVE('',#834,#842,#844,.T.);
#842 = VERTEX_POINT('',#843);
#843 = CARTESIAN_POINT('',(150.,0.,0.));
#844 = LINE('',#845,#846);
#845 = CARTESIAN_POINT('',(0.,0.,0.));
#846 = VECTOR('',#847,1.);
#847 = DIRECTION('',(1.,0.,0.));
#848 = ORIENTED_EDGE('',*,*,#849,.T.);
#849 = EDGE_CURVE('',#842,#94,#850,.T.);
#850 = LINE('',#851,#852);
#851 = CARTESIAN_POINT('',(150.,0.,0.));
#852 = VECTOR('',#853,1.);
#853 = DIRECTION('',(0.,0.,1.));
#854 = ORIENTED_EDGE('',*,*,#91,.F.);
#855 = PLANE('',#856);
#856 = AXIS2_PLACEMENT_3D('',#857,#858,#859);
#857 = CARTESIAN_POINT('',(75.,0.,5.768725361367E-02));
#858 = DIRECTION('',(-0.,-1.,-0.));
#859 = DIRECTION('',(0.,0.,-1.));
#860 = ADVANCED_FACE('',(#861),#879,.F.);
#861 = FACE_BOUND('',#862,.F.);
#862 = EDGE_LOOP('',(#863,#871,#872,#873));
#863 = ORIENTED_EDGE('',*,*,#864,.T.);
#864 = EDGE_CURVE('',#865,#110,#867,.T.);
#865 = VERTEX_POINT('',#866);
#866 = CARTESIAN_POINT('',(0.,138.,0.));
#867 = LINE('',#868,#869);
#868 = CARTESIAN_POINT('',(0.,138.,0.));
#869 = VECTOR('',#870,1.);
#870 = DIRECTION('',(0.,0.,1.));
#871 = ORIENTED_EDGE('',*,*,#117,.T.);
#872 = ORIENTED_EDGE('',*,*,#801,.F.);
#873 = ORIENTED_EDGE('',*,*,#874,.F.);
#874 = EDGE_CURVE('',#865,#802,#875,.T.);
#875 = LINE('',#876,#877);
#876 = CARTESIAN_POINT('',(0.,138.,0.));
#877 = VECTOR('',#878,1.);
#878 = DIRECTION('',(0.,-1.,0.));
#879 = PLANE('',#880);
#880 = AXIS2_PLACEMENT_3D('',#881,#882,#883);
#881 = CARTESIAN_POINT('',(0.,138.,0.));
#882 = DIRECTION('',(1.,0.,0.));
#883 = DIRECTION('',(0.,-1.,0.));
#884 = ADVANCED_FACE('',(#885),#903,.F.);
#885 = FACE_BOUND('',#886,.F.);
#886 = EDGE_LOOP('',(#887,#888,#889,#897));
#887 = ORIENTED_EDGE('',*,*,#849,.T.);
#888 = ORIENTED_EDGE('',*,*,#101,.T.);
#889 = ORIENTED_EDGE('',*,*,#890,.F.);
#890 = EDGE_CURVE('',#891,#102,#893,.T.);
#891 = VERTEX_POINT('',#892);
#892 = CARTESIAN_POINT('',(150.,138.,0.));
#893 = LINE('',#894,#895);
#894 = CARTESIAN_POINT('',(150.,138.,0.));
#895 = VECTOR('',#896,1.);
#896 = DIRECTION('',(0.,0.,1.));
#897 = ORIENTED_EDGE('',*,*,#898,.F.);
#898 = EDGE_CURVE('',#842,#891,#899,.T.);
#899 = LINE('',#900,#901);
#900 = CARTESIAN_POINT('',(150.,0.,0.));
#901 = VECTOR('',#902,1.);
#902 = DIRECTION('',(0.,1.,0.));
#903 = PLANE('',#904);
#904 = AXIS2_PLACEMENT_3D('',#905,#906,#907);
#905 = CARTESIAN_POINT('',(150.,0.,0.));
#906 = DIRECTION('',(-1.,0.,0.));
#907 = DIRECTION('',(0.,1.,0.));
#908 = ADVANCED_FACE('',(#909),#952,.T.);
#909 = FACE_BOUND('',#910,.T.);
#910 = EDGE_LOOP('',(#911,#912,#920,#928,#936,#944,#950,#951));
#911 = ORIENTED_EDGE('',*,*,#890,.F.);
#912 = ORIENTED_EDGE('',*,*,#913,.T.);
#913 = EDGE_CURVE('',#891,#914,#916,.T.);
#914 = VERTEX_POINT('',#915);
#915 = CARTESIAN_POINT('',(130.,138.,0.));
#916 = LINE('',#917,#918);
#917 = CARTESIAN_POINT('',(150.,138.,0.));
#918 = VECTOR('',#919,1.);
#919 = DIRECTION('',(-1.,0.,0.));
#920 = ORIENTED_EDGE('',*,*,#921,.T.);
#921 = EDGE_CURVE('',#914,#922,#924,.T.);
#922 = VERTEX_POINT('',#923);
#923 = CARTESIAN_POINT('',(130.,138.,-1.2));
#924 = LINE('',#925,#926);
#925 = CARTESIAN_POINT('',(130.,138.,0.));
#926 = VECTOR('',#927,1.);
#927 = DIRECTION('',(0.,0.,-1.));
#928 = ORIENTED_EDGE('',*,*,#929,.F.);
#929 = EDGE_CURVE('',#930,#922,#932,.T.);
#930 = VERTEX_POINT('',#931);
#931 = CARTESIAN_POINT('',(20.,138.,-1.2));
#932 = LINE('',#933,#934);
#933 = CARTESIAN_POINT('',(20.,138.,-1.2));
#934 = VECTOR('',#935,1.);
#935 = DIRECTION('',(1.,0.,0.));
#936 = ORIENTED_EDGE('',*,*,#937,.F.);
#937 = EDGE_CURVE('',#938,#930,#940,.T.);
#938 = VERTEX_POINT('',#939);
#939 = CARTESIAN_POINT('',(20.,138.,0.));
#940 = LINE('',#941,#942);
#941 = CARTESIAN_POINT('',(20.,138.,0.));
#942 = VECTOR('',#943,1.);
#943 = DIRECTION('',(0.,0.,-1.));
#944 = ORIENTED_EDGE('',*,*,#945,.T.);
#945 = EDGE_CURVE('',#938,#865,#946,.T.);
#946 = LINE('',#947,#948);
#947 = CARTESIAN_POINT('',(150.,138.,0.));
#948 = VECTOR('',#949,1.);
#949 = DIRECTION('',(-1.,0.,0.));
#950 = ORIENTED_EDGE('',*,*,#864,.T.);
#951 = ORIENTED_EDGE('',*,*,#109,.F.);
#952 = PLANE('',#953);
#953 = AXIS2_PLACEMENT_3D('',#954,#955,#956);
#954 = CARTESIAN_POINT('',(75.,138.,5.768725361367E-02));
#955 = DIRECTION('',(0.,1.,0.));
#956 = DIRECTION('',(0.,0.,1.));
#957 = ADVANCED_FACE('',(#958),#983,.F.);
#958 = FACE_BOUND('',#959,.T.);
#959 = EDGE_LOOP('',(#960,#968,#969,#977));
#960 = ORIENTED_EDGE('',*,*,#961,.F.);
#961 = EDGE_CURVE('',#126,#962,#964,.T.);
#962 = VERTEX_POINT('',#963);
#963 = CARTESIAN_POINT('',(39.5,11.5,0.5));
#964 = LINE('',#965,#966);
#965 = CARTESIAN_POINT('',(58.5,30.5,-18.5));
#966 = VECTOR('',#967,1.);
#967 = DIRECTION('',(0.57735026919,0.57735026919,-0.57735026919));
#968 = ORIENTED_EDGE('',*,*,#125,.T.);
#969 = ORIENTED_EDGE('',*,*,#970,.T.);
#970 = EDGE_CURVE('',#128,#971,#973,.T.);
#971 = VERTEX_POINT('',#972);
#972 = CARTESIAN_POINT('',(40.5,11.5,0.5));
#973 = LINE('',#974,#975);
#974 = CARTESIAN_POINT('',(40.5,11.5,0.5));
#975 = VECTOR('',#976,1.);
#976 = DIRECTION('',(-0.57735026919,0.57735026919,-0.57735026919));
#977 = ORIENTED_EDGE('',*,*,#978,.F.);
#978 = EDGE_CURVE('',#962,#971,#979,.T.);
#979 = LINE('',#980,#981);
#980 = CARTESIAN_POINT('',(39.5,11.5,0.5));
#981 = VECTOR('',#982,1.);
#982 = DIRECTION('',(1.,0.,0.));
#983 = PLANE('',#984);
#984 = AXIS2_PLACEMENT_3D('',#985,#986,#987);
#985 = CARTESIAN_POINT('',(39.5,11.25,0.75));
#986 = DIRECTION('',(0.,-0.707106781187,-0.707106781187));
#987 = DIRECTION('',(-1.,-0.,-0.));
#988 = ADVANCED_FACE('',(#989),#1007,.F.);
#989 = FACE_BOUND('',#990,.T.);
#990 = EDGE_LOOP('',(#991,#999,#1000,#1001));
#991 = ORIENTED_EDGE('',*,*,#992,.F.);
#992 = EDGE_CURVE('',#136,#993,#995,.T.);
#993 = VERTEX_POINT('',#994);
#994 = CARTESIAN_POINT('',(39.5,126.5,0.5));
#995 = LINE('',#996,#997);
#996 = CARTESIAN_POINT('',(39.5,126.5,0.5));
#997 = VECTOR('',#998,1.);
#998 = DIRECTION('',(0.57735026919,-0.57735026919,-0.57735026919));
#999 = ORIENTED_EDGE('',*,*,#135,.T.);
#1000 = ORIENTED_EDGE('',*,*,#961,.T.);
#1001 = ORIENTED_EDGE('',*,*,#1002,.F.);
#1002 = EDGE_CURVE('',#993,#962,#1003,.T.);
#1003 = LINE('',#1004,#1005);
#1004 = CARTESIAN_POINT('',(39.5,126.5,0.5));
#1005 = VECTOR('',#1006,1.);
#1006 = DIRECTION('',(0.,-1.,0.));
#1007 = PLANE('',#1008);
#1008 = AXIS2_PLACEMENT_3D('',#1009,#1010,#1011);
#1009 = CARTESIAN_POINT('',(39.25,126.5,0.75));
#1010 = DIRECTION('',(-0.707106781187,0.,-0.707106781187));
#1011 = DIRECTION('',(0.,1.,0.));
#1012 = ADVANCED_FACE('',(#1013),#1031,.F.);
#1013 = FACE_BOUND('',#1014,.T.);
#1014 = EDGE_LOOP('',(#1015,#1016,#1017,#1025));
#1015 = ORIENTED_EDGE('',*,*,#970,.F.);
#1016 = ORIENTED_EDGE('',*,*,#151,.T.);
#1017 = ORIENTED_EDGE('',*,*,#1018,.T.);
#1018 = EDGE_CURVE('',#144,#1019,#1021,.T.);
#1019 = VERTEX_POINT('',#1020);
#1020 = CARTESIAN_POINT('',(40.5,126.5,0.5));
#1021 = LINE('',#1022,#1023);
#1022 = CARTESIAN_POINT('',(21.5,107.5,-18.5));
#1023 = VECTOR('',#1024,1.);
#1024 = DIRECTION('',(-0.57735026919,-0.57735026919,-0.57735026919));
#1025 = ORIENTED_EDGE('',*,*,#1026,.F.);
#1026 = EDGE_CURVE('',#971,#1019,#1027,.T.);
#1027 = LINE('',#1028,#1029);
#1028 = CARTESIAN_POINT('',(40.5,11.5,0.5));
#1029 = VECTOR('',#1030,1.);
#1030 = DIRECTION('',(0.,1.,0.));
#1031 = PLANE('',#1032);
#1032 = AXIS2_PLACEMENT_3D('',#1033,#1034,#1035);
#1033 = CARTESIAN_POINT('',(40.75,11.5,0.75));
#1034 = DIRECTION('',(0.707106781187,0.,-0.707106781187));
#1035 = DIRECTION('',(-0.,-1.,-0.));
#1036 = ADVANCED_FACE('',(#1037),#1048,.F.);
#1037 = FACE_BOUND('',#1038,.T.);
#1038 = EDGE_LOOP('',(#1039,#1040,#1041,#1042));
#1039 = ORIENTED_EDGE('',*,*,#1018,.F.);
#1040 = ORIENTED_EDGE('',*,*,#143,.T.);
#1041 = ORIENTED_EDGE('',*,*,#992,.T.);
#1042 = ORIENTED_EDGE('',*,*,#1043,.F.);
#1043 = EDGE_CURVE('',#1019,#993,#1044,.T.);
#1044 = LINE('',#1045,#1046);
#1045 = CARTESIAN_POINT('',(40.5,126.5,0.5));
#1046 = VECTOR('',#1047,1.);
#1047 = DIRECTION('',(-1.,0.,0.));
#1048 = PLANE('',#1049);
#1049 = AXIS2_PLACEMENT_3D('',#1050,#1051,#1052);
#1050 = CARTESIAN_POINT('',(40.5,126.75,0.75));
#1051 = DIRECTION('',(0.,0.707106781187,-0.707106781187));
#1052 = DIRECTION('',(1.,0.,0.));
#1053 = ADVANCED_FACE('',(#1054),#1079,.T.);
#1054 = FACE_BOUND('',#1055,.F.);
#1055 = EDGE_LOOP('',(#1056,#1064,#1065,#1073));
#1056 = ORIENTED_EDGE('',*,*,#1057,.F.);
#1057 = EDGE_CURVE('',#160,#1058,#1060,.T.);
#1058 = VERTEX_POINT('',#1059);
#1059 = CARTESIAN_POINT('',(44.5,11.5,0.5));
#1060 = LINE('',#1061,#1062);
#1061 = CARTESIAN_POINT('',(44.5,11.5,0.5));
#1062 = VECTOR('',#1063,1.);
#1063 = DIRECTION('',(0.57735026919,0.57735026919,-0.57735026919));
#1064 = ORIENTED_EDGE('',*,*,#159,.T.);
#1065 = ORIENTED_EDGE('',*,*,#1066,.T.);
#1066 = EDGE_CURVE('',#162,#1067,#1069,.T.);
#1067 = VERTEX_POINT('',#1068);
#1068 = CARTESIAN_POINT('',(44.5,126.5,0.5));
#1069 = LINE('',#1070,#1071);
#1070 = CARTESIAN_POINT('',(63.5,107.5,-18.5));
#1071 = VECTOR('',#1072,1.);
#1072 = DIRECTION('',(0.57735026919,-0.57735026919,-0.57735026919));
#1073 = ORIENTED_EDGE('',*,*,#1074,.F.);
#1074 = EDGE_CURVE('',#1058,#1067,#1075,.T.);
#1075 = LINE('',#1076,#1077);
#1076 = CARTESIAN_POINT('',(44.5,11.5,0.5));
#1077 = VECTOR('',#1078,1.);
#1078 = DIRECTION('',(0.,1.,0.));
#1079 = PLANE('',#1080);
#1080 = AXIS2_PLACEMENT_3D('',#1081,#1082,#1083);
#1081 = CARTESIAN_POINT('',(44.25,11.5,0.75));
#1082 = DIRECTION('',(0.707106781187,0.,0.707106781187));
#1083 = DIRECTION('',(-0.,-1.,-0.));
#1084 = ADVANCED_FACE('',(#1085),#1103,.T.);
#1085 = FACE_BOUND('',#1086,.F.);
#1086 = EDGE_LOOP('',(#1087,#1095,#1096,#1097));
#1087 = ORIENTED_EDGE('',*,*,#1088,.F.);
#1088 = EDGE_CURVE('',#178,#1089,#1091,.T.);
#1089 = VERTEX_POINT('',#1090);
#1090 = CARTESIAN_POINT('',(45.5,11.5,0.5));
#1091 = LINE('',#1092,#1093);
#1092 = CARTESIAN_POINT('',(26.5,30.5,-18.5));
#1093 = VECTOR('',#1094,1.);
#1094 = DIRECTION('',(-0.57735026919,0.57735026919,-0.57735026919));
#1095 = ORIENTED_EDGE('',*,*,#185,.T.);
#1096 = ORIENTED_EDGE('',*,*,#1057,.T.);
#1097 = ORIENTED_EDGE('',*,*,#1098,.F.);
#1098 = EDGE_CURVE('',#1089,#1058,#1099,.T.);
#1099 = LINE('',#1100,#1101);
#1100 = CARTESIAN_POINT('',(45.5,11.5,0.5));
#1101 = VECTOR('',#1102,1.);
#1102 = DIRECTION('',(-1.,0.,0.));
#1103 = PLANE('',#1104);
#1104 = AXIS2_PLACEMENT_3D('',#1105,#1106,#1107);
#1105 = CARTESIAN_POINT('',(45.5,11.25,0.75));
#1106 = DIRECTION('',(0.,0.707106781187,0.707106781187));
#1107 = DIRECTION('',(1.,0.,0.));
#1108 = ADVANCED_FACE('',(#1109),#1127,.T.);
#1109 = FACE_BOUND('',#1110,.F.);
#1110 = EDGE_LOOP('',(#1111,#1112,#1113,#1121));
#1111 = ORIENTED_EDGE('',*,*,#1066,.F.);
#1112 = ORIENTED_EDGE('',*,*,#169,.T.);
#1113 = ORIENTED_EDGE('',*,*,#1114,.T.);
#1114 = EDGE_CURVE('',#170,#1115,#1117,.T.);
#1115 = VERTEX_POINT('',#1116);
#1116 = CARTESIAN_POINT('',(45.5,126.5,0.5));
#1117 = LINE('',#1118,#1119);
#1118 = CARTESIAN_POINT('',(45.5,126.5,0.5));
#1119 = VECTOR('',#1120,1.);
#1120 = DIRECTION('',(-0.57735026919,-0.57735026919,-0.57735026919));
#1121 = ORIENTED_EDGE('',*,*,#1122,.F.);
#1122 = EDGE_CURVE('',#1067,#1115,#1123,.T.);
#1123 = LINE('',#1124,#1125);
#1124 = CARTESIAN_POINT('',(44.5,126.5,0.5));
#1125 = VECTOR('',#1126,1.);
#1126 = DIRECTION('',(1.,0.,0.));
#1127 = PLANE('',#1128);
#1128 = AXIS2_PLACEMENT_3D('',#1129,#1130,#1131);
#1129 = CARTESIAN_POINT('',(44.5,126.75,0.75));
#1130 = DIRECTION('',(0.,-0.707106781187,0.707106781187));
#1131 = DIRECTION('',(-1.,-0.,-0.));
#1132 = ADVANCED_FACE('',(#1133),#1144,.T.);
#1133 = FACE_BOUND('',#1134,.F.);
#1134 = EDGE_LOOP('',(#1135,#1136,#1137,#1138));
#1135 = ORIENTED_EDGE('',*,*,#1114,.F.);
#1136 = ORIENTED_EDGE('',*,*,#177,.T.);
#1137 = ORIENTED_EDGE('',*,*,#1088,.T.);
#1138 = ORIENTED_EDGE('',*,*,#1139,.F.);
#1139 = EDGE_CURVE('',#1115,#1089,#1140,.T.);
#1140 = LINE('',#1141,#1142);
#1141 = CARTESIAN_POINT('',(45.5,126.5,0.5));
#1142 = VECTOR('',#1143,1.);
#1143 = DIRECTION('',(0.,-1.,0.));
#1144 = PLANE('',#1145);
#1145 = AXIS2_PLACEMENT_3D('',#1146,#1147,#1148);
#1146 = CARTESIAN_POINT('',(45.75,126.5,0.75));
#1147 = DIRECTION('',(-0.707106781187,0.,0.707106781187));
#1148 = DIRECTION('',(0.,1.,0.));
#1149 = ADVANCED_FACE('',(#1150),#1169,.F.);
#1150 = FACE_BOUND('',#1151,.T.);
#1151 = EDGE_LOOP('',(#1152,#1160,#1161,#1162));
#1152 = ORIENTED_EDGE('',*,*,#1153,.F.);
#1153 = EDGE_CURVE('',#194,#1154,#1156,.T.);
#1154 = VERTEX_POINT('',#1155);
#1155 = CARTESIAN_POINT('',(51.,125.,0.5));
#1156 = LINE('',#1157,#1158);
#1157 = CARTESIAN_POINT('',(51.,125.,0.5));
#1158 = VECTOR('',#1159,1.);
#1159 = DIRECTION('',(-0.707106781187,-0.,-0.707106781187));
#1160 = ORIENTED_EDGE('',*,*,#193,.T.);
#1161 = ORIENTED_EDGE('',*,*,#1153,.T.);
#1162 = ORIENTED_EDGE('',*,*,#1163,.F.);
#1163 = EDGE_CURVE('',#1154,#1154,#1164,.T.);
#1164 = CIRCLE('',#1165,1.);
#1165 = AXIS2_PLACEMENT_3D('',#1166,#1167,#1168);
#1166 = CARTESIAN_POINT('',(50.,125.,0.5));
#1167 = DIRECTION('',(0.,0.,1.));
#1168 = DIRECTION('',(1.,0.,0.));
#1169 = CONICAL_SURFACE('',#1170,1.,0.785398163397);
#1170 = AXIS2_PLACEMENT_3D('',#1171,#1172,#1173);
#1171 = CARTESIAN_POINT('',(50.,125.,0.5));
#1172 = DIRECTION('',(0.,0.,1.));
#1173 = DIRECTION('',(1.,0.,0.));
#1174 = ADVANCED_FACE('',(#1175),#1194,.F.);
#1175 = FACE_BOUND('',#1176,.T.);
#1176 = EDGE_LOOP('',(#1177,#1185,#1186,#1187));
#1177 = ORIENTED_EDGE('',*,*,#1178,.F.);
#1178 = EDGE_CURVE('',#205,#1179,#1181,.T.);
#1179 = VERTEX_POINT('',#1180);
#1180 = CARTESIAN_POINT('',(51.,13.,0.5));
#1181 = LINE('',#1182,#1183);
#1182 = CARTESIAN_POINT('',(51.,13.,0.5));
#1183 = VECTOR('',#1184,1.);
#1184 = DIRECTION('',(-0.707106781187,-0.,-0.707106781187));
#1185 = ORIENTED_EDGE('',*,*,#204,.T.);
#1186 = ORIENTED_EDGE('',*,*,#1178,.T.);
#1187 = ORIENTED_EDGE('',*,*,#1188,.F.);
#1188 = EDGE_CURVE('',#1179,#1179,#1189,.T.);
#1189 = CIRCLE('',#1190,1.);
#1190 = AXIS2_PLACEMENT_3D('',#1191,#1192,#1193);
#1191 = CARTESIAN_POINT('',(50.,13.,0.5));
#1192 = DIRECTION('',(0.,0.,1.));
#1193 = DIRECTION('',(1.,0.,0.));
#1194 = CONICAL_SURFACE('',#1195,1.,0.785398163397);
#1195 = AXIS2_PLACEMENT_3D('',#1196,#1197,#1198);
#1196 = CARTESIAN_POINT('',(50.,13.,0.5));
#1197 = DIRECTION('',(0.,0.,1.));
#1198 = DIRECTION('',(1.,0.,0.));
#1199 = ADVANCED_FACE('',(#1200),#1219,.F.);
#1200 = FACE_BOUND('',#1201,.T.);
#1201 = EDGE_LOOP('',(#1202,#1210,#1211,#1212));
#1202 = ORIENTED_EDGE('',*,*,#1203,.F.);
#1203 = EDGE_CURVE('',#216,#1204,#1206,.T.);
#1204 = VERTEX_POINT('',#1205);
#1205 = CARTESIAN_POINT('',(101.,125.,0.5));
#1206 = LINE('',#1207,#1208);
#1207 = CARTESIAN_POINT('',(101.,125.,0.5));
#1208 = VECTOR('',#1209,1.);
#1209 = DIRECTION('',(-0.707106781187,-0.,-0.707106781187));
#1210 = ORIENTED_EDGE('',*,*,#215,.T.);
#1211 = ORIENTED_EDGE('',*,*,#1203,.T.);
#1212 = ORIENTED_EDGE('',*,*,#1213,.F.);
#1213 = EDGE_CURVE('',#1204,#1204,#1214,.T.);
#1214 = CIRCLE('',#1215,1.);
#1215 = AXIS2_PLACEMENT_3D('',#1216,#1217,#1218);
#1216 = CARTESIAN_POINT('',(100.,125.,0.5));
#1217 = DIRECTION('',(0.,0.,1.));
#1218 = DIRECTION('',(1.,0.,0.));
#1219 = CONICAL_SURFACE('',#1220,1.,0.785398163397);
#1220 = AXIS2_PLACEMENT_3D('',#1221,#1222,#1223);
#1221 = CARTESIAN_POINT('',(100.,125.,0.5));
#1222 = DIRECTION('',(0.,0.,1.));
#1223 = DIRECTION('',(1.,0.,0.));
#1224 = ADVANCED_FACE('',(#1225),#1250,.F.);
#1225 = FACE_BOUND('',#1226,.T.);
#1226 = EDGE_LOOP('',(#1227,#1235,#1236,#1244));
#1227 = ORIENTED_EDGE('',*,*,#1228,.F.);
#1228 = EDGE_CURVE('',#227,#1229,#1231,.T.);
#1229 = VERTEX_POINT('',#1230);
#1230 = CARTESIAN_POINT('',(104.5,11.5,0.5));
#1231 = LINE('',#1232,#1233);
#1232 = CARTESIAN_POINT('',(123.5,30.5,-18.5));
#1233 = VECTOR('',#1234,1.);
#1234 = DIRECTION('',(0.57735026919,0.57735026919,-0.57735026919));
#1235 = ORIENTED_EDGE('',*,*,#226,.T.);
#1236 = ORIENTED_EDGE('',*,*,#1237,.T.);
#1237 = EDGE_CURVE('',#229,#1238,#1240,.T.);
#1238 = VERTEX_POINT('',#1239);
#1239 = CARTESIAN_POINT('',(105.5,11.5,0.5));
#1240 = LINE('',#1241,#1242);
#1241 = CARTESIAN_POINT('',(105.5,11.5,0.5));
#1242 = VECTOR('',#1243,1.);
#1243 = DIRECTION('',(-0.57735026919,0.57735026919,-0.57735026919));
#1244 = ORIENTED_EDGE('',*,*,#1245,.F.);
#1245 = EDGE_CURVE('',#1229,#1238,#1246,.T.);
#1246 = LINE('',#1247,#1248);
#1247 = CARTESIAN_POINT('',(104.5,11.5,0.5));
#1248 = VECTOR('',#1249,1.);
#1249 = DIRECTION('',(1.,0.,0.));
#1250 = PLANE('',#1251);
#1251 = AXIS2_PLACEMENT_3D('',#1252,#1253,#1254);
#1252 = CARTESIAN_POINT('',(104.5,11.25,0.75));
#1253 = DIRECTION('',(0.,-0.707106781187,-0.707106781187));
#1254 = DIRECTION('',(-1.,-0.,-0.));
#1255 = ADVANCED_FACE('',(#1256),#1274,.F.);
#1256 = FACE_BOUND('',#1257,.T.);
#1257 = EDGE_LOOP('',(#1258,#1266,#1267,#1268));
#1258 = ORIENTED_EDGE('',*,*,#1259,.F.);
#1259 = EDGE_CURVE('',#237,#1260,#1262,.T.);
#1260 = VERTEX_POINT('',#1261);
#1261 = CARTESIAN_POINT('',(104.5,126.5,0.5));
#1262 = LINE('',#1263,#1264);
#1263 = CARTESIAN_POINT('',(104.5,126.5,0.5));
#1264 = VECTOR('',#1265,1.);
#1265 = DIRECTION('',(0.57735026919,-0.57735026919,-0.57735026919));
#1266 = ORIENTED_EDGE('',*,*,#236,.T.);
#1267 = ORIENTED_EDGE('',*,*,#1228,.T.);
#1268 = ORIENTED_EDGE('',*,*,#1269,.F.);
#1269 = EDGE_CURVE('',#1260,#1229,#1270,.T.);
#1270 = LINE('',#1271,#1272);
#1271 = CARTESIAN_POINT('',(104.5,126.5,0.5));
#1272 = VECTOR('',#1273,1.);
#1273 = DIRECTION('',(0.,-1.,0.));
#1274 = PLANE('',#1275);
#1275 = AXIS2_PLACEMENT_3D('',#1276,#1277,#1278);
#1276 = CARTESIAN_POINT('',(104.25,126.5,0.75));
#1277 = DIRECTION('',(-0.707106781187,0.,-0.707106781187));
#1278 = DIRECTION('',(0.,1.,0.));
#1279 = ADVANCED_FACE('',(#1280),#1298,.F.);
#1280 = FACE_BOUND('',#1281,.T.);
#1281 = EDGE_LOOP('',(#1282,#1283,#1284,#1292));
#1282 = ORIENTED_EDGE('',*,*,#1237,.F.);
#1283 = ORIENTED_EDGE('',*,*,#252,.T.);
#1284 = ORIENTED_EDGE('',*,*,#1285,.T.);
#1285 = EDGE_CURVE('',#245,#1286,#1288,.T.);
#1286 = VERTEX_POINT('',#1287);
#1287 = CARTESIAN_POINT('',(105.5,126.5,0.5));
#1288 = LINE('',#1289,#1290);
#1289 = CARTESIAN_POINT('',(86.5,107.5,-18.5));
#1290 = VECTOR('',#1291,1.);
#1291 = DIRECTION('',(-0.57735026919,-0.57735026919,-0.57735026919));
#1292 = ORIENTED_EDGE('',*,*,#1293,.F.);
#1293 = EDGE_CURVE('',#1238,#1286,#1294,.T.);
#1294 = LINE('',#1295,#1296);
#1295 = CARTESIAN_POINT('',(105.5,11.5,0.5));
#1296 = VECTOR('',#1297,1.);
#1297 = DIRECTION('',(0.,1.,0.));
#1298 = PLANE('',#1299);
#1299 = AXIS2_PLACEMENT_3D('',#1300,#1301,#1302);
#1300 = CARTESIAN_POINT('',(105.75,11.5,0.75));
#1301 = DIRECTION('',(0.707106781187,0.,-0.707106781187));
#1302 = DIRECTION('',(-0.,-1.,-0.));
#1303 = ADVANCED_FACE('',(#1304),#1315,.F.);
#1304 = FACE_BOUND('',#1305,.T.);
#1305 = EDGE_LOOP('',(#1306,#1307,#1308,#1309));
#1306 = ORIENTED_EDGE('',*,*,#1285,.F.);
#1307 = ORIENTED_EDGE('',*,*,#244,.T.);
#1308 = ORIENTED_EDGE('',*,*,#1259,.T.);
#1309 = ORIENTED_EDGE('',*,*,#1310,.F.);
#1310 = EDGE_CURVE('',#1286,#1260,#1311,.T.);
#1311 = LINE('',#1312,#1313);
#1312 = CARTESIAN_POINT('',(105.5,126.5,0.5));
#1313 = VECTOR('',#1314,1.);
#1314 = DIRECTION('',(-1.,0.,0.));
#1315 = PLANE('',#1316);
#1316 = AXIS2_PLACEMENT_3D('',#1317,#1318,#1319);
#1317 = CARTESIAN_POINT('',(105.5,126.75,0.75));
#1318 = DIRECTION('',(0.,0.707106781187,-0.707106781187));
#1319 = DIRECTION('',(1.,0.,0.));
#1320 = ADVANCED_FACE('',(#1321),#1346,.F.);
#1321 = FACE_BOUND('',#1322,.T.);
#1322 = EDGE_LOOP('',(#1323,#1331,#1332,#1340));
#1323 = ORIENTED_EDGE('',*,*,#1324,.F.);
#1324 = EDGE_CURVE('',#261,#1325,#1327,.T.);
#1325 = VERTEX_POINT('',#1326);
#1326 = CARTESIAN_POINT('',(109.5,11.5,0.5));
#1327 = LINE('',#1328,#1329);
#1328 = CARTESIAN_POINT('',(128.5,30.5,-18.5));
#1329 = VECTOR('',#1330,1.);
#1330 = DIRECTION('',(0.57735026919,0.57735026919,-0.57735026919));
#1331 = ORIENTED_EDGE('',*,*,#260,.T.);
#1332 = ORIENTED_EDGE('',*,*,#1333,.T.);
#1333 = EDGE_CURVE('',#263,#1334,#1336,.T.);
#1334 = VERTEX_POINT('',#1335);
#1335 = CARTESIAN_POINT('',(110.5,11.5,0.5));
#1336 = LINE('',#1337,#1338);
#1337 = CARTESIAN_POINT('',(110.5,11.5,0.5));
#1338 = VECTOR('',#1339,1.);
#1339 = DIRECTION('',(-0.57735026919,0.57735026919,-0.57735026919));
#1340 = ORIENTED_EDGE('',*,*,#1341,.F.);
#1341 = EDGE_CURVE('',#1325,#1334,#1342,.T.);
#1342 = LINE('',#1343,#1344);
#1343 = CARTESIAN_POINT('',(109.5,11.5,0.5));
#1344 = VECTOR('',#1345,1.);
#1345 = DIRECTION('',(1.,0.,0.));
#1346 = PLANE('',#1347);
#1347 = AXIS2_PLACEMENT_3D('',#1348,#1349,#1350);
#1348 = CARTESIAN_POINT('',(109.5,11.25,0.75));
#1349 = DIRECTION('',(0.,-0.707106781187,-0.707106781187));
#1350 = DIRECTION('',(-1.,-0.,-0.));
#1351 = ADVANCED_FACE('',(#1352),#1370,.F.);
#1352 = FACE_BOUND('',#1353,.T.);
#1353 = EDGE_LOOP('',(#1354,#1362,#1363,#1364));
#1354 = ORIENTED_EDGE('',*,*,#1355,.F.);
#1355 = EDGE_CURVE('',#271,#1356,#1358,.T.);
#1356 = VERTEX_POINT('',#1357);
#1357 = CARTESIAN_POINT('',(109.5,126.5,0.5));
#1358 = LINE('',#1359,#1360);
#1359 = CARTESIAN_POINT('',(109.5,126.5,0.5));
#1360 = VECTOR('',#1361,1.);
#1361 = DIRECTION('',(0.57735026919,-0.57735026919,-0.57735026919));
#1362 = ORIENTED_EDGE('',*,*,#270,.T.);
#1363 = ORIENTED_EDGE('',*,*,#1324,.T.);
#1364 = ORIENTED_EDGE('',*,*,#1365,.F.);
#1365 = EDGE_CURVE('',#1356,#1325,#1366,.T.);
#1366 = LINE('',#1367,#1368);
#1367 = CARTESIAN_POINT('',(109.5,126.5,0.5));
#1368 = VECTOR('',#1369,1.);
#1369 = DIRECTION('',(0.,-1.,0.));
#1370 = PLANE('',#1371);
#1371 = AXIS2_PLACEMENT_3D('',#1372,#1373,#1374);
#1372 = CARTESIAN_POINT('',(109.25,126.5,0.75));
#1373 = DIRECTION('',(-0.707106781187,0.,-0.707106781187));
#1374 = DIRECTION('',(0.,1.,0.));
#1375 = ADVANCED_FACE('',(#1376),#1394,.F.);
#1376 = FACE_BOUND('',#1377,.T.);
#1377 = EDGE_LOOP('',(#1378,#1379,#1380,#1388));
#1378 = ORIENTED_EDGE('',*,*,#1333,.F.);
#1379 = ORIENTED_EDGE('',*,*,#286,.T.);
#1380 = ORIENTED_EDGE('',*,*,#1381,.T.);
#1381 = EDGE_CURVE('',#279,#1382,#1384,.T.);
#1382 = VERTEX_POINT('',#1383);
#1383 = CARTESIAN_POINT('',(110.5,126.5,0.5));
#1384 = LINE('',#1385,#1386);
#1385 = CARTESIAN_POINT('',(91.5,107.5,-18.5));
#1386 = VECTOR('',#1387,1.);
#1387 = DIRECTION('',(-0.57735026919,-0.57735026919,-0.57735026919));
#1388 = ORIENTED_EDGE('',*,*,#1389,.F.);
#1389 = EDGE_CURVE('',#1334,#1382,#1390,.T.);
#1390 = LINE('',#1391,#1392);
#1391 = CARTESIAN_POINT('',(110.5,11.5,0.5));
#1392 = VECTOR('',#1393,1.);
#1393 = DIRECTION('',(0.,1.,0.));
#1394 = PLANE('',#1395);
#1395 = AXIS2_PLACEMENT_3D('',#1396,#1397,#1398);
#1396 = CARTESIAN_POINT('',(110.75,11.5,0.75));
#1397 = DIRECTION('',(0.707106781187,0.,-0.707106781187));
#1398 = DIRECTION('',(-0.,-1.,-0.));
#1399 = ADVANCED_FACE('',(#1400),#1411,.F.);
#1400 = FACE_BOUND('',#1401,.T.);
#1401 = EDGE_LOOP('',(#1402,#1403,#1404,#1405));
#1402 = ORIENTED_EDGE('',*,*,#1381,.F.);
#1403 = ORIENTED_EDGE('',*,*,#278,.T.);
#1404 = ORIENTED_EDGE('',*,*,#1355,.T.);
#1405 = ORIENTED_EDGE('',*,*,#1406,.F.);
#1406 = EDGE_CURVE('',#1382,#1356,#1407,.T.);
#1407 = LINE('',#1408,#1409);
#1408 = CARTESIAN_POINT('',(110.5,126.5,0.5));
#1409 = VECTOR('',#1410,1.);
#1410 = DIRECTION('',(-1.,0.,0.));
#1411 = PLANE('',#1412);
#1412 = AXIS2_PLACEMENT_3D('',#1413,#1414,#1415);
#1413 = CARTESIAN_POINT('',(110.5,126.75,0.75));
#1414 = DIRECTION('',(0.,0.707106781187,-0.707106781187));
#1415 = DIRECTION('',(1.,0.,0.));
#1416 = ADVANCED_FACE('',(#1417),#1436,.F.);
#1417 = FACE_BOUND('',#1418,.T.);
#1418 = EDGE_LOOP('',(#1419,#1427,#1428,#1429));
#1419 = ORIENTED_EDGE('',*,*,#1420,.F.);
#1420 = EDGE_CURVE('',#295,#1421,#1423,.T.);
#1421 = VERTEX_POINT('',#1422);
#1422 = CARTESIAN_POINT('',(101.,13.,0.5));
#1423 = LINE('',#1424,#1425);
#1424 = CARTESIAN_POINT('',(101.,13.,0.5));
#1425 = VECTOR('',#1426,1.);
#1426 = DIRECTION('',(-0.707106781187,-0.,-0.707106781187));
#1427 = ORIENTED_EDGE('',*,*,#294,.T.);
#1428 = ORIENTED_EDGE('',*,*,#1420,.T.);
#1429 = ORIENTED_EDGE('',*,*,#1430,.F.);
#1430 = EDGE_CURVE('',#1421,#1421,#1431,.T.);
#1431 = CIRCLE('',#1432,1.);
#1432 = AXIS2_PLACEMENT_3D('',#1433,#1434,#1435);
#1433 = CARTESIAN_POINT('',(100.,13.,0.5));
#1434 = DIRECTION('',(0.,0.,1.));
#1435 = DIRECTION('',(1.,0.,0.));
#1436 = CONICAL_SURFACE('',#1437,1.,0.785398163397);
#1437 = AXIS2_PLACEMENT_3D('',#1438,#1439,#1440);
#1438 = CARTESIAN_POINT('',(100.,13.,0.5));
#1439 = DIRECTION('',(0.,0.,1.));
#1440 = DIRECTION('',(1.,0.,0.));
#1441 = ADVANCED_FACE('',(#1442),#1467,.F.);
#1442 = FACE_BOUND('',#1443,.T.);
#1443 = EDGE_LOOP('',(#1444,#1452,#1453,#1461));
#1444 = ORIENTED_EDGE('',*,*,#1445,.F.);
#1445 = EDGE_CURVE('',#306,#1446,#1448,.T.);
#1446 = VERTEX_POINT('',#1447);
#1447 = CARTESIAN_POINT('',(144.74566731397,123.95079238962,0.5));
#1448 = LINE('',#1449,#1450);
#1449 = CARTESIAN_POINT('',(144.74566731397,123.95079238962,0.5));
#1450 = VECTOR('',#1451,1.);
#1451 = DIRECTION('',(0.546342852286,-0.606775209136,-0.57735026919));
#1452 = ORIENTED_EDGE('',*,*,#305,.T.);
#1453 = ORIENTED_EDGE('',*,*,#1454,.T.);
#1454 = EDGE_CURVE('',#308,#1455,#1457,.T.);
#1455 = VERTEX_POINT('',#1456);
#1456 = CARTESIAN_POINT('',(138.98871212725,14.10154356662,0.5));
#1457 = LINE('',#1458,#1459);
#1458 = CARTESIAN_POINT('',(158.08125188037,31.292543576248,
    -17.66666666666));
#1459 = VECTOR('',#1460,1.);
#1460 = DIRECTION('',(0.606775209136,0.546342852286,-0.57735026919));
#1461 = ORIENTED_EDGE('',*,*,#1462,.F.);
#1462 = EDGE_CURVE('',#1446,#1455,#1463,.T.);
#1463 = LINE('',#1464,#1465);
#1464 = CARTESIAN_POINT('',(144.74566731397,123.95079238962,0.5));
#1465 = VECTOR('',#1466,1.);
#1466 = DIRECTION('',(-5.233595624294E-02,-0.998629534755,0.));
#1467 = PLANE('',#1468);
#1468 = AXIS2_PLACEMENT_3D('',#1469,#1470,#1471);
#1469 = CARTESIAN_POINT('',(144.49600993028,123.96387637868,0.75));
#1470 = DIRECTION('',(-0.706137715918,3.700710955927E-02,-0.707106781187
    ));
#1471 = DIRECTION('',(5.233595624294E-02,0.998629534755,
    2.740863092043E-16));
#1472 = ADVANCED_FACE('',(#1473),#1491,.F.);
#1473 = FACE_BOUND('',#1474,.T.);
#1474 = EDGE_LOOP('',(#1475,#1483,#1484,#1485));
#1475 = ORIENTED_EDGE('',*,*,#1476,.F.);
#1476 = EDGE_CURVE('',#316,#1477,#1479,.T.);
#1477 = VERTEX_POINT('',#1478);
#1478 = CARTESIAN_POINT('',(145.74429684873,123.89845643338,0.5));
#1479 = LINE('',#1480,#1481);
#1480 = CARTESIAN_POINT('',(126.6517570956,106.70745642375,
    -17.66666666666));
#1481 = VECTOR('',#1482,1.);
#1482 = DIRECTION('',(-0.606775209136,-0.546342852286,-0.57735026919));
#1483 = ORIENTED_EDGE('',*,*,#315,.T.);
#1484 = ORIENTED_EDGE('',*,*,#1445,.T.);
#1485 = ORIENTED_EDGE('',*,*,#1486,.F.);
#1486 = EDGE_CURVE('',#1477,#1446,#1487,.T.);
#1487 = LINE('',#1488,#1489);
#1488 = CARTESIAN_POINT('',(145.74429684873,123.89845643338,0.5));
#1489 = VECTOR('',#1490,1.);
#1490 = DIRECTION('',(-0.998629534755,5.233595624294E-02,0.));
#1491 = PLANE('',#1492);
#1492 = AXIS2_PLACEMENT_3D('',#1493,#1494,#1495);
#1493 = CARTESIAN_POINT('',(145.75738083779,124.14811381706,0.75));
#1494 = DIRECTION('',(3.700710955927E-02,0.706137715918,-0.707106781187)
  );
#1495 = DIRECTION('',(0.998629534755,-5.233595624294E-02,
    -9.71445146547E-17));
#1496 = ADVANCED_FACE('',(#1497),#1515,.F.);
#1497 = FACE_BOUND('',#1498,.T.);
#1498 = EDGE_LOOP('',(#1499,#1500,#1501,#1509));
#1499 = ORIENTED_EDGE('',*,*,#1454,.F.);
#1500 = ORIENTED_EDGE('',*,*,#331,.T.);
#1501 = ORIENTED_EDGE('',*,*,#1502,.T.);
#1502 = EDGE_CURVE('',#324,#1503,#1505,.T.);
#1503 = VERTEX_POINT('',#1504);
#1504 = CARTESIAN_POINT('',(139.987341662,14.049207610377,0.5));
#1505 = LINE('',#1506,#1507);
#1506 = CARTESIAN_POINT('',(139.987341662,14.049207610377,0.5));
#1507 = VECTOR('',#1508,1.);
#1508 = DIRECTION('',(-0.546342852286,0.606775209136,-0.57735026919));
#1509 = ORIENTED_EDGE('',*,*,#1510,.F.);
#1510 = EDGE_CURVE('',#1455,#1503,#1511,.T.);
#1511 = LINE('',#1512,#1513);
#1512 = CARTESIAN_POINT('',(138.98871212725,14.10154356662,0.5));
#1513 = VECTOR('',#1514,1.);
#1514 = DIRECTION('',(0.998629534755,-5.233595624294E-02,0.));
#1515 = PLANE('',#1516);
#1516 = AXIS2_PLACEMENT_3D('',#1517,#1518,#1519);
#1517 = CARTESIAN_POINT('',(138.97562813819,13.851886182931,0.75));
#1518 = DIRECTION('',(-3.700710955927E-02,-0.706137715918,
    -0.707106781187));
#1519 = DIRECTION('',(-0.998629534755,5.233595624294E-02,
    -6.938893903907E-18));
#1520 = ADVANCED_FACE('',(#1521),#1532,.F.);
#1521 = FACE_BOUND('',#1522,.T.);
#1522 = EDGE_LOOP('',(#1523,#1524,#1525,#1526));
#1523 = ORIENTED_EDGE('',*,*,#1502,.F.);
#1524 = ORIENTED_EDGE('',*,*,#323,.T.);
#1525 = ORIENTED_EDGE('',*,*,#1476,.T.);
#1526 = ORIENTED_EDGE('',*,*,#1527,.F.);
#1527 = EDGE_CURVE('',#1503,#1477,#1528,.T.);
#1528 = LINE('',#1529,#1530);
#1529 = CARTESIAN_POINT('',(139.987341662,14.049207610377,0.5));
#1530 = VECTOR('',#1531,1.);
#1531 = DIRECTION('',(5.233595624294E-02,0.998629534755,0.));
#1532 = PLANE('',#1533);
#1533 = AXIS2_PLACEMENT_3D('',#1534,#1535,#1536);
#1534 = CARTESIAN_POINT('',(140.23699904569,14.036123621316,0.75));
#1535 = DIRECTION('',(0.706137715918,-3.700710955927E-02,-0.707106781187
    ));
#1536 = DIRECTION('',(-5.233595624294E-02,-0.998629534755,
    -1.169203622808E-15));
#1537 = ADVANCED_FACE('',(#1538),#1563,.T.);
#1538 = FACE_BOUND('',#1539,.F.);
#1539 = EDGE_LOOP('',(#1540,#1548,#1549,#1557));
#1540 = ORIENTED_EDGE('',*,*,#1541,.F.);
#1541 = EDGE_CURVE('',#340,#1542,#1544,.T.);
#1542 = VERTEX_POINT('',#1543);
#1543 = CARTESIAN_POINT('',(115.56066017178,67.43933982822,0.5));
#1544 = LINE('',#1545,#1546);
#1545 = CARTESIAN_POINT('',(115.44280904158,67.43933982822,
    0.416666666667));
#1546 = VECTOR('',#1547,1.);
#1547 = DIRECTION('',(-0.816496580928,2.948542785788E-15,-0.57735026919)
  );
#1548 = ORIENTED_EDGE('',*,*,#339,.T.);
#1549 = ORIENTED_EDGE('',*,*,#1550,.T.);
#1550 = EDGE_CURVE('',#342,#1551,#1553,.T.);
#1551 = VERTEX_POINT('',#1552);
#1552 = CARTESIAN_POINT('',(114.85355339059,66.732233047034,0.5));
#1553 = LINE('',#1554,#1555);
#1554 = CARTESIAN_POINT('',(114.85359374101,66.72788531333,
    0.503102844042));
#1555 = VECTOR('',#1556,1.);
#1556 = DIRECTION('',(-7.55407938306E-03,0.813947492106,-0.580889331955)
  );
#1557 = ORIENTED_EDGE('',*,*,#1558,.F.);
#1558 = EDGE_CURVE('',#1542,#1551,#1559,.T.);
#1559 = LINE('',#1560,#1561);
#1560 = CARTESIAN_POINT('',(115.56066017178,67.43933982822,0.5));
#1561 = VECTOR('',#1562,1.);
#1562 = DIRECTION('',(-0.707106781187,-0.707106781187,0.));
#1563 = PLANE('',#1564);
#1564 = AXIS2_PLACEMENT_3D('',#1565,#1566,#1567);
#1565 = CARTESIAN_POINT('',(115.73743686707,67.262563132924,0.75));
#1566 = DIRECTION('',(-0.5,0.5,0.707106781187));
#1567 = DIRECTION('',(0.707106781187,0.707106781187,-2.775557561563E-17)
  );
#1568 = ADVANCED_FACE('',(#1569),#1587,.T.);
#1569 = FACE_BOUND('',#1570,.F.);
#1570 = EDGE_LOOP('',(#1571,#1579,#1580,#1581));
#1571 = ORIENTED_EDGE('',*,*,#1572,.F.);
#1572 = EDGE_CURVE('',#398,#1573,#1575,.T.);
#1573 = VERTEX_POINT('',#1574);
#1574 = CARTESIAN_POINT('',(114.5,68.5,0.5));
#1575 = LINE('',#1576,#1577);
#1576 = CARTESIAN_POINT('',(115.77097657163,67.97354426657,1.02645573343
    ));
#1577 = VECTOR('',#1578,1.);
#1578 = DIRECTION('',(-0.862856209461,0.357406744337,-0.357406744337));
#1579 = ORIENTED_EDGE('',*,*,#405,.T.);
#1580 = ORIENTED_EDGE('',*,*,#1541,.T.);
#1581 = ORIENTED_EDGE('',*,*,#1582,.F.);
#1582 = EDGE_CURVE('',#1573,#1542,#1583,.T.);
#1583 = LINE('',#1584,#1585);
#1584 = CARTESIAN_POINT('',(114.5,68.5,0.5));
#1585 = VECTOR('',#1586,1.);
#1586 = DIRECTION('',(0.707106781187,-0.707106781187,0.));
#1587 = PLANE('',#1588);
#1588 = AXIS2_PLACEMENT_3D('',#1589,#1590,#1591);
#1589 = CARTESIAN_POINT('',(114.67677669529,68.676776695297,0.75));
#1590 = DIRECTION('',(-0.5,-0.5,0.707106781187));
#1591 = DIRECTION('',(-0.707106781187,0.707106781187,-1.387778780781E-16
    ));
#1592 = ADVANCED_FACE('',(#1593),#1611,.T.);
#1593 = FACE_BOUND('',#1594,.F.);
#1594 = EDGE_LOOP('',(#1595,#1596,#1597,#1605));
#1595 = ORIENTED_EDGE('',*,*,#1550,.F.);
#1596 = ORIENTED_EDGE('',*,*,#349,.T.);
#1597 = ORIENTED_EDGE('',*,*,#1598,.T.);
#1598 = EDGE_CURVE('',#350,#1599,#1601,.T.);
#1599 = VERTEX_POINT('',#1600);
#1600 = CARTESIAN_POINT('',(112.5,69.,0.5));
#1601 = LINE('',#1602,#1603);
#1602 = CARTESIAN_POINT('',(113.06016062482,69.,0.111326340521));
#1603 = VECTOR('',#1604,1.);
#1604 = DIRECTION('',(0.821594449475,4.433407041356E-16,-0.570072416971)
  );
#1605 = ORIENTED_EDGE('',*,*,#1606,.F.);
#1606 = EDGE_CURVE('',#1551,#1599,#1607,.T.);
#1607 = LINE('',#1608,#1609);
#1608 = CARTESIAN_POINT('',(114.85355339059,66.732233047034,0.5));
#1609 = VECTOR('',#1610,1.);
#1610 = DIRECTION('',(-0.72010887602,0.693861086009,0.));
#1611 = PLANE('',#1612);
#1612 = AXIS2_PLACEMENT_3D('',#1613,#1614,#1615);
#1613 = CARTESIAN_POINT('',(114.68008811909,66.552205828029,0.75));
#1614 = DIRECTION('',(0.490633879118,0.509193869426,0.707106781187));
#1615 = DIRECTION('',(0.72010887602,-0.693861086009,4.440892098501E-16)
  );
#1616 = ADVANCED_FACE('',(#1617),#1635,.T.);
#1617 = FACE_BOUND('',#1618,.F.);
#1618 = EDGE_LOOP('',(#1619,#1627,#1628,#1629));
#1619 = ORIENTED_EDGE('',*,*,#1620,.F.);
#1620 = EDGE_CURVE('',#390,#1621,#1623,.T.);
#1621 = VERTEX_POINT('',#1622);
#1622 = CARTESIAN_POINT('',(117.5,68.5,0.5));
#1623 = LINE('',#1624,#1625);
#1624 = CARTESIAN_POINT('',(117.5,68.5,0.5));
#1625 = VECTOR('',#1626,1.);
#1626 = DIRECTION('',(-0.57735026919,0.57735026919,-0.57735026919));
#1627 = ORIENTED_EDGE('',*,*,#397,.T.);
#1628 = ORIENTED_EDGE('',*,*,#1572,.T.);
#1629 = ORIENTED_EDGE('',*,*,#1630,.F.);
#1630 = EDGE_CURVE('',#1621,#1573,#1631,.T.);
#1631 = LINE('',#1632,#1633);
#1632 = CARTESIAN_POINT('',(117.5,68.5,0.5));
#1633 = VECTOR('',#1634,1.);
#1634 = DIRECTION('',(-1.,0.,0.));
#1635 = PLANE('',#1636);
#1636 = AXIS2_PLACEMENT_3D('',#1637,#1638,#1639);
#1637 = CARTESIAN_POINT('',(117.5,68.25,0.75));
#1638 = DIRECTION('',(0.,0.707106781187,0.707106781187));
#1639 = DIRECTION('',(1.,0.,0.));
#1640 = ADVANCED_FACE('',(#1641),#1659,.T.);
#1641 = FACE_BOUND('',#1642,.F.);
#1642 = EDGE_LOOP('',(#1643,#1644,#1645,#1653));
#1643 = ORIENTED_EDGE('',*,*,#1598,.F.);
#1644 = ORIENTED_EDGE('',*,*,#357,.T.);
#1645 = ORIENTED_EDGE('',*,*,#1646,.T.);
#1646 = EDGE_CURVE('',#358,#1647,#1649,.T.);
#1647 = VERTEX_POINT('',#1648);
#1648 = CARTESIAN_POINT('',(114.85355339059,71.267766952966,0.5));
#1649 = LINE('',#1650,#1651);
#1650 = CARTESIAN_POINT('',(114.84870845781,70.745728371523,
    0.127437094197));
#1651 = VECTOR('',#1652,1.);
#1652 = DIRECTION('',(-7.554079383063E-03,-0.813947492106,
    -0.580889331955));
#1653 = ORIENTED_EDGE('',*,*,#1654,.F.);
#1654 = EDGE_CURVE('',#1599,#1647,#1655,.T.);
#1655 = LINE('',#1656,#1657);
#1656 = CARTESIAN_POINT('',(112.5,69.,0.5));
#1657 = VECTOR('',#1658,1.);
#1658 = DIRECTION('',(0.72010887602,0.693861086009,0.));
#1659 = PLANE('',#1660);
#1660 = AXIS2_PLACEMENT_3D('',#1661,#1662,#1663);
#1661 = CARTESIAN_POINT('',(112.32653472849,69.180027219005,0.75));
#1662 = DIRECTION('',(0.490633879118,-0.509193869426,0.707106781187));
#1663 = DIRECTION('',(-0.72010887602,-0.693861086009,1.110223024625E-16)
  );
#1664 = ADVANCED_FACE('',(#1665),#1683,.T.);
#1665 = FACE_BOUND('',#1666,.F.);
#1666 = EDGE_LOOP('',(#1667,#1675,#1676,#1677));
#1667 = ORIENTED_EDGE('',*,*,#1668,.F.);
#1668 = EDGE_CURVE('',#382,#1669,#1671,.T.);
#1669 = VERTEX_POINT('',#1670);
#1670 = CARTESIAN_POINT('',(117.5,69.5,0.5));
#1671 = LINE('',#1672,#1673);
#1672 = CARTESIAN_POINT('',(117.16666666666,69.166666666667,
    0.166666666667));
#1673 = VECTOR('',#1674,1.);
#1674 = DIRECTION('',(-0.57735026919,-0.57735026919,-0.57735026919));
#1675 = ORIENTED_EDGE('',*,*,#389,.T.);
#1676 = ORIENTED_EDGE('',*,*,#1620,.T.);
#1677 = ORIENTED_EDGE('',*,*,#1678,.F.);
#1678 = EDGE_CURVE('',#1669,#1621,#1679,.T.);
#1679 = LINE('',#1680,#1681);
#1680 = CARTESIAN_POINT('',(117.5,69.5,0.5));
#1681 = VECTOR('',#1682,1.);
#1682 = DIRECTION('',(0.,-1.,0.));
#1683 = PLANE('',#1684);
#1684 = AXIS2_PLACEMENT_3D('',#1685,#1686,#1687);
#1685 = CARTESIAN_POINT('',(117.75,69.5,0.75));
#1686 = DIRECTION('',(-0.707106781187,0.,0.707106781187));
#1687 = DIRECTION('',(0.,1.,0.));
#1688 = ADVANCED_FACE('',(#1689),#1707,.T.);
#1689 = FACE_BOUND('',#1690,.F.);
#1690 = EDGE_LOOP('',(#1691,#1692,#1693,#1701));
#1691 = ORIENTED_EDGE('',*,*,#1646,.F.);
#1692 = ORIENTED_EDGE('',*,*,#365,.T.);
#1693 = ORIENTED_EDGE('',*,*,#1694,.T.);
#1694 = EDGE_CURVE('',#366,#1695,#1697,.T.);
#1695 = VERTEX_POINT('',#1696);
#1696 = CARTESIAN_POINT('',(115.56066017178,70.56066017178,0.5));
#1697 = LINE('',#1698,#1699);
#1698 = CARTESIAN_POINT('',(115.56066017178,70.56066017178,0.5));
#1699 = VECTOR('',#1700,1.);
#1700 = DIRECTION('',(-0.816496580928,3.781826616554E-15,-0.57735026919)
  );
#1701 = ORIENTED_EDGE('',*,*,#1702,.F.);
#1702 = EDGE_CURVE('',#1647,#1695,#1703,.T.);
#1703 = LINE('',#1704,#1705);
#1704 = CARTESIAN_POINT('',(114.85355339059,71.267766952966,0.5));
#1705 = VECTOR('',#1706,1.);
#1706 = DIRECTION('',(0.707106781187,-0.707106781187,0.));
#1707 = PLANE('',#1708);
#1708 = AXIS2_PLACEMENT_3D('',#1709,#1710,#1711);
#1709 = CARTESIAN_POINT('',(115.03033008589,71.444543648263,0.75));
#1710 = DIRECTION('',(-0.5,-0.5,0.707106781187));
#1711 = DIRECTION('',(-0.707106781187,0.707106781187,4.996003610813E-16)
  );
#1712 = ADVANCED_FACE('',(#1713),#1731,.T.);
#1713 = FACE_BOUND('',#1714,.F.);
#1714 = EDGE_LOOP('',(#1715,#1723,#1724,#1725));
#1715 = ORIENTED_EDGE('',*,*,#1716,.F.);
#1716 = EDGE_CURVE('',#374,#1717,#1719,.T.);
#1717 = VERTEX_POINT('',#1718);
#1718 = CARTESIAN_POINT('',(114.5,69.5,0.5));
#1719 = LINE('',#1720,#1721);
#1720 = CARTESIAN_POINT('',(115.21258594298,69.795162761939,
    0.795162761939));
#1721 = VECTOR('',#1722,1.);
#1722 = DIRECTION('',(-0.862856209461,-0.357406744337,-0.357406744337));
#1723 = ORIENTED_EDGE('',*,*,#381,.T.);
#1724 = ORIENTED_EDGE('',*,*,#1668,.T.);
#1725 = ORIENTED_EDGE('',*,*,#1726,.F.);
#1726 = EDGE_CURVE('',#1717,#1669,#1727,.T.);
#1727 = LINE('',#1728,#1729);
#1728 = CARTESIAN_POINT('',(114.5,69.5,0.5));
#1729 = VECTOR('',#1730,1.);
#1730 = DIRECTION('',(1.,0.,0.));
#1731 = PLANE('',#1732);
#1732 = AXIS2_PLACEMENT_3D('',#1733,#1734,#1735);
#1733 = CARTESIAN_POINT('',(114.5,69.75,0.75));
#1734 = DIRECTION('',(0.,-0.707106781187,0.707106781187));
#1735 = DIRECTION('',(-1.,-0.,-0.));
#1736 = ADVANCED_FACE('',(#1737),#1748,.T.);
#1737 = FACE_BOUND('',#1738,.F.);
#1738 = EDGE_LOOP('',(#1739,#1740,#1741,#1742));
#1739 = ORIENTED_EDGE('',*,*,#1694,.F.);
#1740 = ORIENTED_EDGE('',*,*,#373,.T.);
#1741 = ORIENTED_EDGE('',*,*,#1716,.T.);
#1742 = ORIENTED_EDGE('',*,*,#1743,.F.);
#1743 = EDGE_CURVE('',#1695,#1717,#1744,.T.);
#1744 = LINE('',#1745,#1746);
#1745 = CARTESIAN_POINT('',(115.56066017178,70.56066017178,0.5));
#1746 = VECTOR('',#1747,1.);
#1747 = DIRECTION('',(-0.707106781187,-0.707106781187,0.));
#1748 = PLANE('',#1749);
#1749 = AXIS2_PLACEMENT_3D('',#1750,#1751,#1752);
#1750 = CARTESIAN_POINT('',(115.73743686707,70.383883476483,0.75));
#1751 = DIRECTION('',(-0.5,0.5,0.707106781187));
#1752 = DIRECTION('',(0.707106781187,0.707106781187,-2.775557561563E-17)
  );
#1753 = ADVANCED_FACE('',(#1754),#1779,.F.);
#1754 = FACE_BOUND('',#1755,.T.);
#1755 = EDGE_LOOP('',(#1756,#1764,#1765,#1773));
#1756 = ORIENTED_EDGE('',*,*,#1757,.F.);
#1757 = EDGE_CURVE('',#414,#1758,#1760,.T.);
#1758 = VERTEX_POINT('',#1759);
#1759 = CARTESIAN_POINT('',(32.5,68.5,0.5));
#1760 = LINE('',#1761,#1762);
#1761 = CARTESIAN_POINT('',(32.5,68.5,0.5));
#1762 = VECTOR('',#1763,1.);
#1763 = DIRECTION('',(0.57735026919,0.57735026919,-0.57735026919));
#1764 = ORIENTED_EDGE('',*,*,#413,.T.);
#1765 = ORIENTED_EDGE('',*,*,#1766,.T.);
#1766 = EDGE_CURVE('',#416,#1767,#1769,.T.);
#1767 = VERTEX_POINT('',#1768);
#1768 = CARTESIAN_POINT('',(35.5,68.5,0.5));
#1769 = LINE('',#1770,#1771);
#1770 = CARTESIAN_POINT('',(34.229023428365,67.97354426657,1.02645573343
    ));
#1771 = VECTOR('',#1772,1.);
#1772 = DIRECTION('',(0.862856209461,0.357406744337,-0.357406744337));
#1773 = ORIENTED_EDGE('',*,*,#1774,.F.);
#1774 = EDGE_CURVE('',#1758,#1767,#1775,.T.);
#1775 = LINE('',#1776,#1777);
#1776 = CARTESIAN_POINT('',(32.5,68.5,0.5));
#1777 = VECTOR('',#1778,1.);
#1778 = DIRECTION('',(1.,0.,0.));
#1779 = PLANE('',#1780);
#1780 = AXIS2_PLACEMENT_3D('',#1781,#1782,#1783);
#1781 = CARTESIAN_POINT('',(32.5,68.25,0.75));
#1782 = DIRECTION('',(0.,-0.707106781187,-0.707106781187));
#1783 = DIRECTION('',(-1.,-0.,-0.));
#1784 = ADVANCED_FACE('',(#1785),#1803,.F.);
#1785 = FACE_BOUND('',#1786,.T.);
#1786 = EDGE_LOOP('',(#1787,#1795,#1796,#1797));
#1787 = ORIENTED_EDGE('',*,*,#1788,.F.);
#1788 = EDGE_CURVE('',#424,#1789,#1791,.T.);
#1789 = VERTEX_POINT('',#1790);
#1790 = CARTESIAN_POINT('',(32.5,69.5,0.5));
#1791 = LINE('',#1792,#1793);
#1792 = CARTESIAN_POINT('',(32.833333333333,69.166666666667,
    0.166666666667));
#1793 = VECTOR('',#1794,1.);
#1794 = DIRECTION('',(0.57735026919,-0.57735026919,-0.57735026919));
#1795 = ORIENTED_EDGE('',*,*,#423,.T.);
#1796 = ORIENTED_EDGE('',*,*,#1757,.T.);
#1797 = ORIENTED_EDGE('',*,*,#1798,.F.);
#1798 = EDGE_CURVE('',#1789,#1758,#1799,.T.);
#1799 = LINE('',#1800,#1801);
#1800 = CARTESIAN_POINT('',(32.5,69.5,0.5));
#1801 = VECTOR('',#1802,1.);
#1802 = DIRECTION('',(0.,-1.,0.));
#1803 = PLANE('',#1804);
#1804 = AXIS2_PLACEMENT_3D('',#1805,#1806,#1807);
#1805 = CARTESIAN_POINT('',(32.25,69.5,0.75));
#1806 = DIRECTION('',(-0.707106781187,0.,-0.707106781187));
#1807 = DIRECTION('',(0.,1.,0.));
#1808 = ADVANCED_FACE('',(#1809),#1827,.F.);
#1809 = FACE_BOUND('',#1810,.T.);
#1810 = EDGE_LOOP('',(#1811,#1812,#1813,#1821));
#1811 = ORIENTED_EDGE('',*,*,#1766,.F.);
#1812 = ORIENTED_EDGE('',*,*,#479,.T.);
#1813 = ORIENTED_EDGE('',*,*,#1814,.T.);
#1814 = EDGE_CURVE('',#472,#1815,#1817,.T.);
#1815 = VERTEX_POINT('',#1816);
#1816 = CARTESIAN_POINT('',(34.43933982822,67.43933982822,0.5));
#1817 = LINE('',#1818,#1819);
#1818 = CARTESIAN_POINT('',(34.557190958418,67.43933982822,
    0.416666666667));
#1819 = VECTOR('',#1820,1.);
#1820 = DIRECTION('',(0.816496580928,9.614813431918E-16,-0.57735026919)
  );
#1821 = ORIENTED_EDGE('',*,*,#1822,.F.);
#1822 = EDGE_CURVE('',#1767,#1815,#1823,.T.);
#1823 = LINE('',#1824,#1825);
#1824 = CARTESIAN_POINT('',(35.5,68.5,0.5));
#1825 = VECTOR('',#1826,1.);
#1826 = DIRECTION('',(-0.707106781187,-0.707106781187,0.));
#1827 = PLANE('',#1828);
#1828 = AXIS2_PLACEMENT_3D('',#1829,#1830,#1831);
#1829 = CARTESIAN_POINT('',(35.323223304703,68.676776695297,0.75));
#1830 = DIRECTION('',(-0.5,0.5,-0.707106781187));
#1831 = DIRECTION('',(0.707106781187,0.707106781187,-2.22044604925E-16)
  );
#1832 = ADVANCED_FACE('',(#1833),#1851,.F.);
#1833 = FACE_BOUND('',#1834,.T.);
#1834 = EDGE_LOOP('',(#1835,#1843,#1844,#1845));
#1835 = ORIENTED_EDGE('',*,*,#1836,.F.);
#1836 = EDGE_CURVE('',#432,#1837,#1839,.T.);
#1837 = VERTEX_POINT('',#1838);
#1838 = CARTESIAN_POINT('',(35.5,69.5,0.5));
#1839 = LINE('',#1840,#1841);
#1840 = CARTESIAN_POINT('',(34.787414057019,69.795162761939,
    0.795162761939));
#1841 = VECTOR('',#1842,1.);
#1842 = DIRECTION('',(0.862856209461,-0.357406744337,-0.357406744337));
#1843 = ORIENTED_EDGE('',*,*,#431,.T.);
#1844 = ORIENTED_EDGE('',*,*,#1788,.T.);
#1845 = ORIENTED_EDGE('',*,*,#1846,.F.);
#1846 = EDGE_CURVE('',#1837,#1789,#1847,.T.);
#1847 = LINE('',#1848,#1849);
#1848 = CARTESIAN_POINT('',(35.5,69.5,0.5));
#1849 = VECTOR('',#1850,1.);
#1850 = DIRECTION('',(-1.,0.,0.));
#1851 = PLANE('',#1852);
#1852 = AXIS2_PLACEMENT_3D('',#1853,#1854,#1855);
#1853 = CARTESIAN_POINT('',(35.5,69.75,0.75));
#1854 = DIRECTION('',(0.,0.707106781187,-0.707106781187));
#1855 = DIRECTION('',(1.,0.,0.));
#1856 = ADVANCED_FACE('',(#1857),#1875,.F.);
#1857 = FACE_BOUND('',#1858,.T.);
#1858 = EDGE_LOOP('',(#1859,#1860,#1861,#1869));
#1859 = ORIENTED_EDGE('',*,*,#1814,.F.);
#1860 = ORIENTED_EDGE('',*,*,#471,.T.);
#1861 = ORIENTED_EDGE('',*,*,#1862,.T.);
#1862 = EDGE_CURVE('',#464,#1863,#1865,.T.);
#1863 = VERTEX_POINT('',#1864);
#1864 = CARTESIAN_POINT('',(35.146446609407,66.732233047034,0.5));
#1865 = LINE('',#1866,#1867);
#1866 = CARTESIAN_POINT('',(35.146406258984,66.72788531333,
    0.503102844042));
#1867 = VECTOR('',#1868,1.);
#1868 = DIRECTION('',(7.554079383081E-03,0.813947492106,-0.580889331955)
  );
#1869 = ORIENTED_EDGE('',*,*,#1870,.F.);
#1870 = EDGE_CURVE('',#1815,#1863,#1871,.T.);
#1871 = LINE('',#1872,#1873);
#1872 = CARTESIAN_POINT('',(34.43933982822,67.43933982822,0.5));
#1873 = VECTOR('',#1874,1.);
#1874 = DIRECTION('',(0.707106781187,-0.707106781187,0.));
#1875 = PLANE('',#1876);
#1876 = AXIS2_PLACEMENT_3D('',#1877,#1878,#1879);
#1877 = CARTESIAN_POINT('',(34.262563132923,67.262563132924,0.75));
#1878 = DIRECTION('',(-0.5,-0.5,-0.707106781187));
#1879 = DIRECTION('',(-0.707106781187,0.707106781187,-1.942890293094E-16
    ));
#1880 = ADVANCED_FACE('',(#1881),#1899,.F.);
#1881 = FACE_BOUND('',#1882,.T.);
#1882 = EDGE_LOOP('',(#1883,#1891,#1892,#1893));
#1883 = ORIENTED_EDGE('',*,*,#1884,.F.);
#1884 = EDGE_CURVE('',#440,#1885,#1887,.T.);
#1885 = VERTEX_POINT('',#1886);
#1886 = CARTESIAN_POINT('',(34.43933982822,70.56066017178,0.5));
#1887 = LINE('',#1888,#1889);
#1888 = CARTESIAN_POINT('',(34.43933982822,70.56066017178,0.5));
#1889 = VECTOR('',#1890,1.);
#1890 = DIRECTION('',(0.816496580928,-5.127900497023E-16,-0.57735026919)
  );
#1891 = ORIENTED_EDGE('',*,*,#439,.T.);
#1892 = ORIENTED_EDGE('',*,*,#1836,.T.);
#1893 = ORIENTED_EDGE('',*,*,#1894,.F.);
#1894 = EDGE_CURVE('',#1885,#1837,#1895,.T.);
#1895 = LINE('',#1896,#1897);
#1896 = CARTESIAN_POINT('',(34.43933982822,70.56066017178,0.5));
#1897 = VECTOR('',#1898,1.);
#1898 = DIRECTION('',(0.707106781187,-0.707106781187,0.));
#1899 = PLANE('',#1900);
#1900 = AXIS2_PLACEMENT_3D('',#1901,#1902,#1903);
#1901 = CARTESIAN_POINT('',(34.262563132923,70.383883476483,0.75));
#1902 = DIRECTION('',(-0.5,-0.5,-0.707106781187));
#1903 = DIRECTION('',(-0.707106781187,0.707106781187,1.665334536938E-16)
  );
#1904 = ADVANCED_FACE('',(#1905),#1923,.F.);
#1905 = FACE_BOUND('',#1906,.T.);
#1906 = EDGE_LOOP('',(#1907,#1908,#1909,#1917));
#1907 = ORIENTED_EDGE('',*,*,#1862,.F.);
#1908 = ORIENTED_EDGE('',*,*,#463,.T.);
#1909 = ORIENTED_EDGE('',*,*,#1910,.T.);
#1910 = EDGE_CURVE('',#456,#1911,#1913,.T.);
#1911 = VERTEX_POINT('',#1912);
#1912 = CARTESIAN_POINT('',(37.5,69.,0.5));
#1913 = LINE('',#1914,#1915);
#1914 = CARTESIAN_POINT('',(36.939839375177,69.,0.111326340521));
#1915 = VECTOR('',#1916,1.);
#1916 = DIRECTION('',(-0.821594449475,0.,-0.570072416971));
#1917 = ORIENTED_EDGE('',*,*,#1918,.F.);
#1918 = EDGE_CURVE('',#1863,#1911,#1919,.T.);
#1919 = LINE('',#1920,#1921);
#1920 = CARTESIAN_POINT('',(35.146446609407,66.732233047034,0.5));
#1921 = VECTOR('',#1922,1.);
#1922 = DIRECTION('',(0.72010887602,0.693861086009,0.));
#1923 = PLANE('',#1924);
#1924 = AXIS2_PLACEMENT_3D('',#1925,#1926,#1927);
#1925 = CARTESIAN_POINT('',(35.319911880909,66.552205828029,0.75));
#1926 = DIRECTION('',(0.490633879118,-0.509193869426,-0.707106781187));
#1927 = DIRECTION('',(-0.72010887602,-0.693861086009,-2.22044604925E-16)
  );
#1928 = ADVANCED_FACE('',(#1929),#1947,.F.);
#1929 = FACE_BOUND('',#1930,.T.);
#1930 = EDGE_LOOP('',(#1931,#1939,#1940,#1941));
#1931 = ORIENTED_EDGE('',*,*,#1932,.F.);
#1932 = EDGE_CURVE('',#448,#1933,#1935,.T.);
#1933 = VERTEX_POINT('',#1934);
#1934 = CARTESIAN_POINT('',(35.146446609407,71.267766952966,0.5));
#1935 = LINE('',#1936,#1937);
#1936 = CARTESIAN_POINT('',(35.151291542186,70.745728371523,
    0.127437094197));
#1937 = VECTOR('',#1938,1.);
#1938 = DIRECTION('',(7.554079383081E-03,-0.813947492106,-0.580889331955
    ));
#1939 = ORIENTED_EDGE('',*,*,#447,.T.);
#1940 = ORIENTED_EDGE('',*,*,#1884,.T.);
#1941 = ORIENTED_EDGE('',*,*,#1942,.F.);
#1942 = EDGE_CURVE('',#1933,#1885,#1943,.T.);
#1943 = LINE('',#1944,#1945);
#1944 = CARTESIAN_POINT('',(35.146446609407,71.267766952966,0.5));
#1945 = VECTOR('',#1946,1.);
#1946 = DIRECTION('',(-0.707106781187,-0.707106781187,0.));
#1947 = PLANE('',#1948);
#1948 = AXIS2_PLACEMENT_3D('',#1949,#1950,#1951);
#1949 = CARTESIAN_POINT('',(34.96966991411,71.444543648263,0.75));
#1950 = DIRECTION('',(-0.5,0.5,-0.707106781187));
#1951 = DIRECTION('',(0.707106781187,0.707106781187,-2.22044604925E-16)
  );
#1952 = ADVANCED_FACE('',(#1953),#1964,.F.);
#1953 = FACE_BOUND('',#1954,.T.);
#1954 = EDGE_LOOP('',(#1955,#1956,#1957,#1958));
#1955 = ORIENTED_EDGE('',*,*,#1910,.F.);
#1956 = ORIENTED_EDGE('',*,*,#455,.T.);
#1957 = ORIENTED_EDGE('',*,*,#1932,.T.);
#1958 = ORIENTED_EDGE('',*,*,#1959,.F.);
#1959 = EDGE_CURVE('',#1911,#1933,#1960,.T.);
#1960 = LINE('',#1961,#1962);
#1961 = CARTESIAN_POINT('',(37.5,69.,0.5));
#1962 = VECTOR('',#1963,1.);
#1963 = DIRECTION('',(-0.72010887602,0.693861086009,0.));
#1964 = PLANE('',#1965);
#1965 = AXIS2_PLACEMENT_3D('',#1966,#1967,#1968);
#1966 = CARTESIAN_POINT('',(37.673465271502,69.180027219005,0.75));
#1967 = DIRECTION('',(0.490633879118,0.509193869426,-0.707106781187));
#1968 = DIRECTION('',(0.72010887602,-0.693861086009,2.498001805407E-16)
  );
#1969 = ADVANCED_FACE('',(#1970),#1998,.F.);
#1970 = FACE_BOUND('',#1971,.T.);
#1971 = EDGE_LOOP('',(#1972,#1981,#1982,#1991));
#1972 = ORIENTED_EDGE('',*,*,#1973,.F.);
#1973 = EDGE_CURVE('',#488,#1974,#1976,.T.);
#1974 = VERTEX_POINT('',#1975);
#1975 = CARTESIAN_POINT('',(146.28799559676,128.59065617502,0.5));
#1976 = PARABOLA('',#1977,1.552331377611);
#1977 = AXIS2_PLACEMENT_3D('',#1978,#1979,#1980);
#1978 = CARTESIAN_POINT('',(141.50548186098,131.19532808751,
    -2.104671912486));
#1979 = DIRECTION('',(-0.,-0.707106781187,-0.707106781187));
#1980 = DIRECTION('',(0.,-0.707106781187,0.707106781187));
#1981 = ORIENTED_EDGE('',*,*,#487,.T.);
#1982 = ORIENTED_EDGE('',*,*,#1983,.T.);
#1983 = EDGE_CURVE('',#490,#1984,#1986,.T.);
#1984 = VERTEX_POINT('',#1985);
#1985 = CARTESIAN_POINT('',(141.30548186098,133.79583152331,0.5));
#1986 = PARABOLA('',#1987,1.626345596729);
#1987 = AXIS2_PLACEMENT_3D('',#1988,#1989,#1990);
#1988 = CARTESIAN_POINT('',(143.80548186098,129.,-2.));
#1989 = DIRECTION('',(0.707106781187,0.,0.707106781187));
#1990 = DIRECTION('',(-0.707106781187,0.,0.707106781187));
#1991 = ORIENTED_EDGE('',*,*,#1992,.F.);
#1992 = EDGE_CURVE('',#1974,#1984,#1993,.T.);
#1993 = CIRCLE('',#1994,4.8);
#1994 = AXIS2_PLACEMENT_3D('',#1995,#1996,#1997);
#1995 = CARTESIAN_POINT('',(141.50548186098,129.,0.5));
#1996 = DIRECTION('',(-0.,0.,1.));
#1997 = DIRECTION('',(0.996357028288,-8.527996353564E-02,0.));
#1998 = CONICAL_SURFACE('',#1999,4.8,0.785398163397);
#1999 = AXIS2_PLACEMENT_3D('',#2000,#2001,#2002);
#2000 = CARTESIAN_POINT('',(141.50548186098,129.,0.5));
#2001 = DIRECTION('',(0.,0.,1.));
#2002 = DIRECTION('',(0.996357028288,-8.527996353564E-02,0.));
#2003 = ADVANCED_FACE('',(#2004),#2023,.T.);
#2004 = FACE_BOUND('',#2005,.F.);
#2005 = EDGE_LOOP('',(#2006,#2007,#2008,#2017));
#2006 = ORIENTED_EDGE('',*,*,#1973,.F.);
#2007 = ORIENTED_EDGE('',*,*,#498,.T.);
#2008 = ORIENTED_EDGE('',*,*,#2009,.T.);
#2009 = EDGE_CURVE('',#499,#2010,#2012,.T.);
#2010 = VERTEX_POINT('',#2011);
#2011 = CARTESIAN_POINT('',(144.98146195772,128.59065617502,0.5));
#2012 = PARABOLA('',#2013,1.382161764313);
#2013 = AXIS2_PLACEMENT_3D('',#2014,#2015,#2016);
#2014 = CARTESIAN_POINT('',(141.50548186098,127.04532808751,
    2.045328087514));
#2015 = DIRECTION('',(0.,-0.707106781187,-0.707106781187));
#2016 = DIRECTION('',(0.,0.707106781187,-0.707106781187));
#2017 = ORIENTED_EDGE('',*,*,#2018,.F.);
#2018 = EDGE_CURVE('',#1974,#2010,#2019,.T.);
#2019 = LINE('',#2020,#2021);
#2020 = CARTESIAN_POINT('',(146.28799559676,128.59065617502,0.5));
#2021 = VECTOR('',#2022,1.);
#2022 = DIRECTION('',(-1.,0.,0.));
#2023 = PLANE('',#2024);
#2024 = AXIS2_PLACEMENT_3D('',#2025,#2026,#2027);
#2025 = CARTESIAN_POINT('',(146.28799559676,128.34065617502,0.75));
#2026 = DIRECTION('',(0.,0.707106781187,0.707106781187));
#2027 = DIRECTION('',(1.,-0.,-0.));
#2028 = ADVANCED_FACE('',(#2029),#2050,.F.);
#2029 = FACE_BOUND('',#2030,.T.);
#2030 = EDGE_LOOP('',(#2031,#2032,#2033,#2044));
#2031 = ORIENTED_EDGE('',*,*,#1983,.F.);
#2032 = ORIENTED_EDGE('',*,*,#515,.T.);
#2033 = ORIENTED_EDGE('',*,*,#2034,.T.);
#2034 = EDGE_CURVE('',#507,#2035,#2037,.T.);
#2035 = VERTEX_POINT('',#2036);
#2036 = CARTESIAN_POINT('',(141.30548186098,132.49428104193,0.5));
#2037 = B_SPLINE_CURVE_WITH_KNOTS('',5,(#2038,#2039,#2040,#2041,#2042,
    #2043),.UNSPECIFIED.,.F.,.F.,(6,6),(0.,1.),
  .PIECEWISE_BEZIER_KNOTS.);
#2038 = CARTESIAN_POINT('',(140.80548186098,131.91719042916,1.));
#2039 = CARTESIAN_POINT('',(140.90224329381,132.03991717949,
    0.903238567169));
#2040 = CARTESIAN_POINT('',(141.00091510005,132.1586134407,
    0.804566760929));
#2041 = CARTESIAN_POINT('',(141.10116018838,132.2736967399,
    0.704321672596));
#2042 = CARTESIAN_POINT('',(141.20273896496,132.38548935898,
    0.602742896015));
#2043 = CARTESIAN_POINT('',(141.30548186098,132.49428104193,0.5));
#2044 = ORIENTED_EDGE('',*,*,#2045,.F.);
#2045 = EDGE_CURVE('',#1984,#2035,#2046,.T.);
#2046 = LINE('',#2047,#2048);
#2047 = CARTESIAN_POINT('',(141.30548186098,133.79583152331,0.5));
#2048 = VECTOR('',#2049,1.);
#2049 = DIRECTION('',(0.,-1.,0.));
#2050 = PLANE('',#2051);
#2051 = AXIS2_PLACEMENT_3D('',#2052,#2053,#2054);
#2052 = CARTESIAN_POINT('',(141.05548186098,133.79583152331,0.75));
#2053 = DIRECTION('',(-0.707106781187,0.,-0.707106781187));
#2054 = DIRECTION('',(-0.,1.,-0.));
#2055 = ADVANCED_FACE('',(#2056),#2068,.T.);
#2056 = FACE_BOUND('',#2057,.F.);
#2057 = EDGE_LOOP('',(#2058,#2059,#2060,#2061));
#2058 = ORIENTED_EDGE('',*,*,#2009,.F.);
#2059 = ORIENTED_EDGE('',*,*,#506,.T.);
#2060 = ORIENTED_EDGE('',*,*,#2034,.T.);
#2061 = ORIENTED_EDGE('',*,*,#2062,.F.);
#2062 = EDGE_CURVE('',#2010,#2035,#2063,.T.);
#2063 = CIRCLE('',#2064,3.5);
#2064 = AXIS2_PLACEMENT_3D('',#2065,#2066,#2067);
#2065 = CARTESIAN_POINT('',(141.50548186098,129.,0.5));
#2066 = DIRECTION('',(-0.,0.,1.));
#2067 = DIRECTION('',(0.993137170498,-0.116955378563,0.));
#2068 = CONICAL_SURFACE('',#2069,3.5,0.785398163397);
#2069 = AXIS2_PLACEMENT_3D('',#2070,#2071,#2072);
#2070 = CARTESIAN_POINT('',(141.50548186098,129.,0.5));
#2071 = DIRECTION('',(-0.,-0.,-1.));
#2072 = DIRECTION('',(0.993137170498,-0.116955378563,0.));
#2073 = ADVANCED_FACE('',(#2074),#2104,.T.);
#2074 = FACE_BOUND('',#2075,.F.);
#2075 = EDGE_LOOP('',(#2076,#2087,#2088,#2097));
#2076 = ORIENTED_EDGE('',*,*,#2077,.F.);
#2077 = EDGE_CURVE('',#524,#2078,#2080,.T.);
#2078 = VERTEX_POINT('',#2079);
#2079 = CARTESIAN_POINT('',(135.01654834701,5.505718958069,0.5));
#2080 = B_SPLINE_CURVE_WITH_KNOTS('',5,(#2081,#2082,#2083,#2084,#2085,
    #2086),.UNSPECIFIED.,.F.,.F.,(6,6),(0.,1.),
  .PIECEWISE_BEZIER_KNOTS.);
#2081 = CARTESIAN_POINT('',(134.51654834701,6.082809570837,1.));
#2082 = CARTESIAN_POINT('',(134.6133097748,5.960082826896,0.903238572209
    ));
#2083 = CARTESIAN_POINT('',(134.71198158614,5.84138655863,0.804566760868
    ));
#2084 = CARTESIAN_POINT('',(134.81222667596,5.7263032587,0.704321671053)
  );
#2085 = CARTESIAN_POINT('',(134.91380544895,5.614510643189,
    0.602742898064));
#2086 = CARTESIAN_POINT('',(135.01654834701,5.505718958069,0.5));
#2087 = ORIENTED_EDGE('',*,*,#523,.T.);
#2088 = ORIENTED_EDGE('',*,*,#2089,.T.);
#2089 = EDGE_CURVE('',#526,#2090,#2092,.T.);
#2090 = VERTEX_POINT('',#2091);
#2091 = CARTESIAN_POINT('',(138.71653587455,8.990656175028,0.5));
#2092 = PARABOLA('',#2093,1.234133326077);
#2093 = AXIS2_PLACEMENT_3D('',#2094,#2095,#2096);
#2094 = CARTESIAN_POINT('',(135.21654834701,10.745328087514,
    2.254671912486));
#2095 = DIRECTION('',(0.,-0.707106781187,0.707106781187));
#2096 = DIRECTION('',(0.,-0.707106781187,-0.707106781187));
#2097 = ORIENTED_EDGE('',*,*,#2098,.F.);
#2098 = EDGE_CURVE('',#2078,#2090,#2099,.T.);
#2099 = CIRCLE('',#2100,3.5);
#2100 = AXIS2_PLACEMENT_3D('',#2101,#2102,#2103);
#2101 = CARTESIAN_POINT('',(135.21654834701,9.,0.5));
#2102 = DIRECTION('',(0.,0.,1.));
#2103 = DIRECTION('',(-5.714285714286E-02,-0.99836601198,0.));
#2104 = CONICAL_SURFACE('',#2105,3.5,0.785398163397);
#2105 = AXIS2_PLACEMENT_3D('',#2106,#2107,#2108);
#2106 = CARTESIAN_POINT('',(135.21654834701,9.,0.5));
#2107 = DIRECTION('',(-0.,-0.,-1.));
#2108 = DIRECTION('',(-5.714285714286E-02,-0.99836601198,0.));
#2109 = ADVANCED_FACE('',(#2110),#2129,.F.);
#2110 = FACE_BOUND('',#2111,.T.);
#2111 = EDGE_LOOP('',(#2112,#2113,#2114,#2123));
#2112 = ORIENTED_EDGE('',*,*,#2077,.F.);
#2113 = ORIENTED_EDGE('',*,*,#551,.T.);
#2114 = ORIENTED_EDGE('',*,*,#2115,.T.);
#2115 = EDGE_CURVE('',#543,#2116,#2118,.T.);
#2116 = VERTEX_POINT('',#2117);
#2117 = CARTESIAN_POINT('',(135.01654834701,4.204168476687,0.5));
#2118 = PARABOLA('',#2119,1.626345596729);
#2119 = AXIS2_PLACEMENT_3D('',#2120,#2121,#2122);
#2120 = CARTESIAN_POINT('',(137.51654834701,9.,-2.));
#2121 = DIRECTION('',(-0.707106781187,0.,-0.707106781187));
#2122 = DIRECTION('',(-0.707106781187,0.,0.707106781187));
#2123 = ORIENTED_EDGE('',*,*,#2124,.F.);
#2124 = EDGE_CURVE('',#2078,#2116,#2125,.T.);
#2125 = LINE('',#2126,#2127);
#2126 = CARTESIAN_POINT('',(135.01654834701,5.505718958069,0.5));
#2127 = VECTOR('',#2128,1.);
#2128 = DIRECTION('',(0.,-1.,0.));
#2129 = PLANE('',#2130);
#2130 = AXIS2_PLACEMENT_3D('',#2131,#2132,#2133);
#2131 = CARTESIAN_POINT('',(134.76654834701,5.505718958069,0.75));
#2132 = DIRECTION('',(-0.707106781187,0.,-0.707106781187));
#2133 = DIRECTION('',(-0.,1.,-0.));
#2134 = ADVANCED_FACE('',(#2135),#2154,.F.);
#2135 = FACE_BOUND('',#2136,.T.);
#2136 = EDGE_LOOP('',(#2137,#2146,#2147,#2148));
#2137 = ORIENTED_EDGE('',*,*,#2138,.F.);
#2138 = EDGE_CURVE('',#535,#2139,#2141,.T.);
#2139 = VERTEX_POINT('',#2140);
#2140 = CARTESIAN_POINT('',(140.01653925252,8.990656175028,0.5));
#2141 = PARABOLA('',#2142,1.700359815848);
#2142 = AXIS2_PLACEMENT_3D('',#2143,#2144,#2145);
#2143 = CARTESIAN_POINT('',(135.21654834701,6.595328087514,
    -1.895328087514));
#2144 = DIRECTION('',(0.,-0.707106781187,0.707106781187));
#2145 = DIRECTION('',(0.,0.707106781187,0.707106781187));
#2146 = ORIENTED_EDGE('',*,*,#534,.T.);
#2147 = ORIENTED_EDGE('',*,*,#2089,.T.);
#2148 = ORIENTED_EDGE('',*,*,#2149,.F.);
#2149 = EDGE_CURVE('',#2139,#2090,#2150,.T.);
#2150 = LINE('',#2151,#2152);
#2151 = CARTESIAN_POINT('',(140.01653925252,8.990656175028,0.5));
#2152 = VECTOR('',#2153,1.);
#2153 = DIRECTION('',(-1.,0.,0.));
#2154 = PLANE('',#2155);
#2155 = AXIS2_PLACEMENT_3D('',#2156,#2157,#2158);
#2156 = CARTESIAN_POINT('',(140.01653925252,9.240656175028,0.75));
#2157 = DIRECTION('',(0.,0.707106781187,-0.707106781187));
#2158 = DIRECTION('',(1.,-0.,-0.));
#2159 = ADVANCED_FACE('',(#2160),#2172,.F.);
#2160 = FACE_BOUND('',#2161,.T.);
#2161 = EDGE_LOOP('',(#2162,#2163,#2164,#2165));
#2162 = ORIENTED_EDGE('',*,*,#2115,.F.);
#2163 = ORIENTED_EDGE('',*,*,#542,.T.);
#2164 = ORIENTED_EDGE('',*,*,#2138,.T.);
#2165 = ORIENTED_EDGE('',*,*,#2166,.F.);
#2166 = EDGE_CURVE('',#2116,#2139,#2167,.T.);
#2167 = CIRCLE('',#2168,4.8);
#2168 = AXIS2_PLACEMENT_3D('',#2169,#2170,#2171);
#2169 = CARTESIAN_POINT('',(135.21654834701,9.,0.5));
#2170 = DIRECTION('',(0.,0.,1.));
#2171 = DIRECTION('',(-4.166666666667E-02,-0.999131567357,0.));
#2172 = CONICAL_SURFACE('',#2173,4.8,0.785398163397);
#2173 = AXIS2_PLACEMENT_3D('',#2174,#2175,#2176);
#2174 = CARTESIAN_POINT('',(135.21654834701,9.,0.5));
#2175 = DIRECTION('',(0.,0.,1.));
#2176 = DIRECTION('',(-4.166666666667E-02,-0.999131567357,0.));
#2177 = ADVANCED_FACE('',(#2178),#2207,.T.);
#2178 = FACE_BOUND('',#2179,.F.);
#2179 = EDGE_LOOP('',(#2180,#2189,#2190,#2201));
#2180 = ORIENTED_EDGE('',*,*,#2181,.F.);
#2181 = EDGE_CURVE('',#560,#2182,#2184,.T.);
#2182 = VERTEX_POINT('',#2183);
#2183 = CARTESIAN_POINT('',(9.983460747478,8.990656175028,0.5));
#2184 = PARABOLA('',#2185,1.700359815848);
#2185 = AXIS2_PLACEMENT_3D('',#2186,#2187,#2188);
#2186 = CARTESIAN_POINT('',(14.783451652983,6.595328087514,
    -1.895328087514));
#2187 = DIRECTION('',(0.,0.707106781187,-0.707106781187));
#2188 = DIRECTION('',(0.,0.707106781187,0.707106781187));
#2189 = ORIENTED_EDGE('',*,*,#559,.T.);
#2190 = ORIENTED_EDGE('',*,*,#2191,.T.);
#2191 = EDGE_CURVE('',#562,#2192,#2194,.T.);
#2192 = VERTEX_POINT('',#2193);
#2193 = CARTESIAN_POINT('',(11.283464125443,8.990656175028,0.5));
#2194 = B_SPLINE_CURVE_WITH_KNOTS('',5,(#2195,#2196,#2197,#2198,#2199,
    #2200),.UNSPECIFIED.,.F.,.F.,(6,6),(0.,1.),
  .PIECEWISE_BEZIER_KNOTS.);
#2195 = CARTESIAN_POINT('',(11.823847537919,9.490656175028,1.));
#2196 = CARTESIAN_POINT('',(11.709144977241,9.393403923999,
    0.902747748971));
#2197 = CARTESIAN_POINT('',(11.598095273125,9.294537702566,
    0.803881527538));
#2198 = CARTESIAN_POINT('',(11.490320224598,9.194335110925,
    0.703678935896));
#2199 = CARTESIAN_POINT('',(11.385529251299,9.092994145191,
    0.602337970163));
#2200 = CARTESIAN_POINT('',(11.283464125443,8.990656175028,0.5));
#2201 = ORIENTED_EDGE('',*,*,#2202,.F.);
#2202 = EDGE_CURVE('',#2182,#2192,#2203,.T.);
#2203 = LINE('',#2204,#2205);
#2204 = CARTESIAN_POINT('',(9.983460747478,8.990656175028,0.5));
#2205 = VECTOR('',#2206,1.);
#2206 = DIRECTION('',(1.,0.,0.));
#2207 = PLANE('',#2208);
#2208 = AXIS2_PLACEMENT_3D('',#2209,#2210,#2211);
#2209 = CARTESIAN_POINT('',(9.983460747478,9.240656175028,0.75));
#2210 = DIRECTION('',(0.,-0.707106781187,0.707106781187));
#2211 = DIRECTION('',(-1.,-0.,-0.));
#2212 = ADVANCED_FACE('',(#2213),#2233,.F.);
#2213 = FACE_BOUND('',#2214,.T.);
#2214 = EDGE_LOOP('',(#2215,#2216,#2217,#2226));
#2215 = ORIENTED_EDGE('',*,*,#2181,.F.);
#2216 = ORIENTED_EDGE('',*,*,#586,.T.);
#2217 = ORIENTED_EDGE('',*,*,#2218,.T.);
#2218 = EDGE_CURVE('',#579,#2219,#2221,.T.);
#2219 = VERTEX_POINT('',#2220);
#2220 = CARTESIAN_POINT('',(14.983451652983,4.204168476687,0.5));
#2221 = PARABOLA('',#2222,1.626345596729);
#2222 = AXIS2_PLACEMENT_3D('',#2223,#2224,#2225);
#2223 = CARTESIAN_POINT('',(12.483451652983,9.,-2.));
#2224 = DIRECTION('',(-0.707106781187,0.,0.707106781187));
#2225 = DIRECTION('',(0.707106781187,0.,0.707106781187));
#2226 = ORIENTED_EDGE('',*,*,#2227,.F.);
#2227 = EDGE_CURVE('',#2182,#2219,#2228,.T.);
#2228 = CIRCLE('',#2229,4.8);
#2229 = AXIS2_PLACEMENT_3D('',#2230,#2231,#2232);
#2230 = CARTESIAN_POINT('',(14.783451652983,9.,0.5));
#2231 = DIRECTION('',(0.,0.,1.));
#2232 = DIRECTION('',(-0.999998105314,-1.946630202453E-03,0.));
#2233 = CONICAL_SURFACE('',#2234,4.8,0.785398163397);
#2234 = AXIS2_PLACEMENT_3D('',#2235,#2236,#2237);
#2235 = CARTESIAN_POINT('',(14.783451652983,9.,0.5));
#2236 = DIRECTION('',(0.,0.,1.));
#2237 = DIRECTION('',(-0.999998105314,-1.946630202453E-03,0.));
#2238 = ADVANCED_FACE('',(#2239),#2259,.T.);
#2239 = FACE_BOUND('',#2240,.F.);
#2240 = EDGE_LOOP('',(#2241,#2242,#2243,#2252));
#2241 = ORIENTED_EDGE('',*,*,#2191,.F.);
#2242 = ORIENTED_EDGE('',*,*,#569,.T.);
#2243 = ORIENTED_EDGE('',*,*,#2244,.T.);
#2244 = EDGE_CURVE('',#570,#2245,#2247,.T.);
#2245 = VERTEX_POINT('',#2246);
#2246 = CARTESIAN_POINT('',(14.983451652983,5.505718958069,0.5));
#2247 = PARABOLA('',#2248,1.308147545195);
#2248 = AXIS2_PLACEMENT_3D('',#2249,#2250,#2251);
#2249 = CARTESIAN_POINT('',(16.633451652983,9.,2.15));
#2250 = DIRECTION('',(-0.707106781187,0.,0.707106781187));
#2251 = DIRECTION('',(-0.707106781187,0.,-0.707106781187));
#2252 = ORIENTED_EDGE('',*,*,#2253,.F.);
#2253 = EDGE_CURVE('',#2192,#2245,#2254,.T.);
#2254 = CIRCLE('',#2255,3.5);
#2255 = AXIS2_PLACEMENT_3D('',#2256,#2257,#2258);
#2256 = CARTESIAN_POINT('',(14.783451652983,9.,0.5));
#2257 = DIRECTION('',(0.,0.,1.));
#2258 = DIRECTION('',(-0.99999643644,-2.66966427765E-03,0.));
#2259 = CONICAL_SURFACE('',#2260,3.5,0.785398163397);
#2260 = AXIS2_PLACEMENT_3D('',#2261,#2262,#2263);
#2261 = CARTESIAN_POINT('',(14.783451652983,9.,0.5));
#2262 = DIRECTION('',(-0.,-0.,-1.));
#2263 = DIRECTION('',(-0.99999643644,-2.66966427765E-03,0.));
#2264 = ADVANCED_FACE('',(#2265),#2276,.T.);
#2265 = FACE_BOUND('',#2266,.F.);
#2266 = EDGE_LOOP('',(#2267,#2268,#2269,#2270));
#2267 = ORIENTED_EDGE('',*,*,#2244,.F.);
#2268 = ORIENTED_EDGE('',*,*,#578,.T.);
#2269 = ORIENTED_EDGE('',*,*,#2218,.T.);
#2270 = ORIENTED_EDGE('',*,*,#2271,.F.);
#2271 = EDGE_CURVE('',#2245,#2219,#2272,.T.);
#2272 = LINE('',#2273,#2274);
#2273 = CARTESIAN_POINT('',(14.983451652983,5.505718958069,0.5));
#2274 = VECTOR('',#2275,1.);
#2275 = DIRECTION('',(0.,-1.,0.));
#2276 = PLANE('',#2277);
#2277 = AXIS2_PLACEMENT_3D('',#2278,#2279,#2280);
#2278 = CARTESIAN_POINT('',(15.233451652983,5.505718958069,0.75));
#2279 = DIRECTION('',(-0.707106781187,0.,0.707106781187));
#2280 = DIRECTION('',(-0.,1.,-0.));
#2281 = ADVANCED_FACE('',(#2282),#2308,.F.);
#2282 = FACE_BOUND('',#2283,.F.);
#2283 = EDGE_LOOP('',(#2284,#2292,#2293,#2301));
#2284 = ORIENTED_EDGE('',*,*,#2285,.F.);
#2285 = EDGE_CURVE('',#612,#2286,#2288,.T.);
#2286 = VERTEX_POINT('',#2287);
#2287 = CARTESIAN_POINT('',(3.712004403235,128.59065617502,0.));
#2288 = LINE('',#2289,#2290);
#2289 = CARTESIAN_POINT('',(3.712004403235,128.59065617502,1.));
#2290 = VECTOR('',#2291,1.);
#2291 = DIRECTION('',(-0.,-0.,-1.));
#2292 = ORIENTED_EDGE('',*,*,#620,.F.);
#2293 = ORIENTED_EDGE('',*,*,#2294,.T.);
#2294 = EDGE_CURVE('',#602,#2295,#2297,.T.);
#2295 = VERTEX_POINT('',#2296);
#2296 = CARTESIAN_POINT('',(8.694518139018,133.79583152331,0.));
#2297 = LINE('',#2298,#2299);
#2298 = CARTESIAN_POINT('',(8.694518139018,133.79583152331,1.));
#2299 = VECTOR('',#2300,1.);
#2300 = DIRECTION('',(-0.,-0.,-1.));
#2301 = ORIENTED_EDGE('',*,*,#2302,.T.);
#2302 = EDGE_CURVE('',#2295,#2286,#2303,.T.);
#2303 = CIRCLE('',#2304,4.8);
#2304 = AXIS2_PLACEMENT_3D('',#2305,#2306,#2307);
#2305 = CARTESIAN_POINT('',(8.494518139018,129.,0.));
#2306 = DIRECTION('',(0.,0.,1.));
#2307 = DIRECTION('',(1.,0.,0.));
#2308 = CYLINDRICAL_SURFACE('',#2309,4.8);
#2309 = AXIS2_PLACEMENT_3D('',#2310,#2311,#2312);
#2310 = CARTESIAN_POINT('',(8.494518139018,129.,1.));
#2311 = DIRECTION('',(0.,0.,1.));
#2312 = DIRECTION('',(1.,0.,0.));
#2313 = ADVANCED_FACE('',(#2314),#2332,.T.);
#2314 = FACE_BOUND('',#2315,.T.);
#2315 = EDGE_LOOP('',(#2316,#2324,#2325,#2326));
#2316 = ORIENTED_EDGE('',*,*,#2317,.F.);
#2317 = EDGE_CURVE('',#638,#2318,#2320,.T.);
#2318 = VERTEX_POINT('',#2319);
#2319 = CARTESIAN_POINT('',(8.694518139018,132.49428104193,0.));
#2320 = LINE('',#2321,#2322);
#2321 = CARTESIAN_POINT('',(8.694518139018,132.49428104193,1.));
#2322 = VECTOR('',#2323,1.);
#2323 = DIRECTION('',(-0.,-0.,-1.));
#2324 = ORIENTED_EDGE('',*,*,#648,.F.);
#2325 = ORIENTED_EDGE('',*,*,#2294,.T.);
#2326 = ORIENTED_EDGE('',*,*,#2327,.F.);
#2327 = EDGE_CURVE('',#2318,#2295,#2328,.T.);
#2328 = LINE('',#2329,#2330);
#2329 = CARTESIAN_POINT('',(8.694518139018,101.39791576165,0.));
#2330 = VECTOR('',#2331,1.);
#2331 = DIRECTION('',(0.,1.,0.));
#2332 = PLANE('',#2333);
#2333 = AXIS2_PLACEMENT_3D('',#2334,#2335,#2336);
#2334 = CARTESIAN_POINT('',(8.694518139018,133.79583152331,1.));
#2335 = DIRECTION('',(-1.,0.,0.));
#2336 = DIRECTION('',(0.,-1.,0.));
#2337 = ADVANCED_FACE('',(#2338),#2356,.F.);
#2338 = FACE_BOUND('',#2339,.F.);
#2339 = EDGE_LOOP('',(#2340,#2348,#2349,#2350));
#2340 = ORIENTED_EDGE('',*,*,#2341,.F.);
#2341 = EDGE_CURVE('',#665,#2342,#2344,.T.);
#2342 = VERTEX_POINT('',#2343);
#2343 = CARTESIAN_POINT('',(5.018538042275,128.59065617502,0.));
#2344 = LINE('',#2345,#2346);
#2345 = CARTESIAN_POINT('',(5.018538042275,128.59065617502,1.));
#2346 = VECTOR('',#2347,1.);
#2347 = DIRECTION('',(-0.,-0.,-1.));
#2348 = ORIENTED_EDGE('',*,*,#673,.F.);
#2349 = ORIENTED_EDGE('',*,*,#2285,.T.);
#2350 = ORIENTED_EDGE('',*,*,#2351,.F.);
#2351 = EDGE_CURVE('',#2342,#2286,#2352,.T.);
#2352 = LINE('',#2353,#2354);
#2353 = CARTESIAN_POINT('',(39.356002201617,128.59065617502,0.));
#2354 = VECTOR('',#2355,1.);
#2355 = DIRECTION('',(-1.,0.,0.));
#2356 = PLANE('',#2357);
#2357 = AXIS2_PLACEMENT_3D('',#2358,#2359,#2360);
#2358 = CARTESIAN_POINT('',(3.712004403235,128.59065617502,1.));
#2359 = DIRECTION('',(0.,-1.,0.));
#2360 = DIRECTION('',(1.,0.,0.));
#2361 = ADVANCED_FACE('',(#2362),#2374,.T.);
#2362 = FACE_BOUND('',#2363,.T.);
#2363 = EDGE_LOOP('',(#2364,#2365,#2366,#2367));
#2364 = ORIENTED_EDGE('',*,*,#2341,.F.);
#2365 = ORIENTED_EDGE('',*,*,#690,.F.);
#2366 = ORIENTED_EDGE('',*,*,#2317,.T.);
#2367 = ORIENTED_EDGE('',*,*,#2368,.T.);
#2368 = EDGE_CURVE('',#2318,#2342,#2369,.T.);
#2369 = CIRCLE('',#2370,3.5);
#2370 = AXIS2_PLACEMENT_3D('',#2371,#2372,#2373);
#2371 = CARTESIAN_POINT('',(8.494518139018,129.,0.));
#2372 = DIRECTION('',(0.,0.,1.));
#2373 = DIRECTION('',(1.,0.,0.));
#2374 = CYLINDRICAL_SURFACE('',#2375,3.5);
#2375 = AXIS2_PLACEMENT_3D('',#2376,#2377,#2378);
#2376 = CARTESIAN_POINT('',(8.494518139018,129.,1.));
#2377 = DIRECTION('',(0.,0.,1.));
#2378 = DIRECTION('',(1.,0.,0.));
#2379 = ADVANCED_FACE('',(#2380),#2405,.F.);
#2380 = FACE_BOUND('',#2381,.F.);
#2381 = EDGE_LOOP('',(#2382,#2390,#2391,#2399));
#2382 = ORIENTED_EDGE('',*,*,#2383,.F.);
#2383 = EDGE_CURVE('',#715,#2384,#2386,.T.);
#2384 = VERTEX_POINT('',#2385);
#2385 = CARTESIAN_POINT('',(10.012658337994,14.049207610377,0.));
#2386 = LINE('',#2387,#2388);
#2387 = CARTESIAN_POINT('',(10.012658337994,14.049207610377,1.));
#2388 = VECTOR('',#2389,1.);
#2389 = DIRECTION('',(-0.,-0.,-1.));
#2390 = ORIENTED_EDGE('',*,*,#722,.F.);
#2391 = ORIENTED_EDGE('',*,*,#2392,.T.);
#2392 = EDGE_CURVE('',#706,#2393,#2395,.T.);
#2393 = VERTEX_POINT('',#2394);
#2394 = CARTESIAN_POINT('',(4.25570315127,123.89845643338,0.));
#2395 = LINE('',#2396,#2397);
#2396 = CARTESIAN_POINT('',(4.25570315127,123.89845643338,1.));
#2397 = VECTOR('',#2398,1.);
#2398 = DIRECTION('',(-0.,-0.,-1.));
#2399 = ORIENTED_EDGE('',*,*,#2400,.F.);
#2400 = EDGE_CURVE('',#2384,#2393,#2401,.T.);
#2401 = LINE('',#2402,#2403);
#2402 = CARTESIAN_POINT('',(5.787202138016,94.675714930169,0.));
#2403 = VECTOR('',#2404,1.);
#2404 = DIRECTION('',(-5.233595624294E-02,0.998629534755,0.));
#2405 = PLANE('',#2406);
#2406 = AXIS2_PLACEMENT_3D('',#2407,#2408,#2409);
#2407 = CARTESIAN_POINT('',(4.25570315127,123.89845643338,1.));
#2408 = DIRECTION('',(-0.998629534755,-5.233595624294E-02,0.));
#2409 = DIRECTION('',(5.233595624294E-02,-0.998629534755,0.));
#2410 = ADVANCED_FACE('',(#2411),#2429,.F.);
#2411 = FACE_BOUND('',#2412,.F.);
#2412 = EDGE_LOOP('',(#2413,#2414,#2415,#2423));
#2413 = ORIENTED_EDGE('',*,*,#2392,.F.);
#2414 = ORIENTED_EDGE('',*,*,#746,.F.);
#2415 = ORIENTED_EDGE('',*,*,#2416,.T.);
#2416 = EDGE_CURVE('',#737,#2417,#2419,.T.);
#2417 = VERTEX_POINT('',#2418);
#2418 = CARTESIAN_POINT('',(5.254332686024,123.95079238962,0.));
#2419 = LINE('',#2420,#2421);
#2420 = CARTESIAN_POINT('',(5.254332686024,123.95079238962,1.));
#2421 = VECTOR('',#2422,1.);
#2422 = DIRECTION('',(-0.,-0.,-1.));
#2423 = ORIENTED_EDGE('',*,*,#2424,.F.);
#2424 = EDGE_CURVE('',#2393,#2417,#2425,.T.);
#2425 = LINE('',#2426,#2427);
#2426 = CARTESIAN_POINT('',(38.595667356267,125.69813769802,
    -1.110223024625E-16));
#2427 = VECTOR('',#2428,1.);
#2428 = DIRECTION('',(0.998629534755,5.233595624294E-02,0.));
#2429 = PLANE('',#2430);
#2430 = AXIS2_PLACEMENT_3D('',#2431,#2432,#2433);
#2431 = CARTESIAN_POINT('',(5.254332686024,123.95079238962,1.));
#2432 = DIRECTION('',(-5.233595624294E-02,0.998629534755,0.));
#2433 = DIRECTION('',(-0.998629534755,-5.233595624294E-02,0.));
#2434 = ADVANCED_FACE('',(#2435),#2453,.F.);
#2435 = FACE_BOUND('',#2436,.F.);
#2436 = EDGE_LOOP('',(#2437,#2445,#2446,#2447));
#2437 = ORIENTED_EDGE('',*,*,#2438,.F.);
#2438 = EDGE_CURVE('',#763,#2439,#2441,.T.);
#2439 = VERTEX_POINT('',#2440);
#2440 = CARTESIAN_POINT('',(11.011287872748,14.10154356662,0.));
#2441 = LINE('',#2442,#2443);
#2442 = CARTESIAN_POINT('',(11.011287872748,14.10154356662,1.));
#2443 = VECTOR('',#2444,1.);
#2444 = DIRECTION('',(-0.,-0.,-1.));
#2445 = ORIENTED_EDGE('',*,*,#770,.F.);
#2446 = ORIENTED_EDGE('',*,*,#2383,.T.);
#2447 = ORIENTED_EDGE('',*,*,#2448,.F.);
#2448 = EDGE_CURVE('',#2439,#2384,#2449,.T.);
#2449 = LINE('',#2450,#2451);
#2450 = CARTESIAN_POINT('',(43.853307775613,15.822720896899,
    -1.110223024625E-16));
#2451 = VECTOR('',#2452,1.);
#2452 = DIRECTION('',(-0.998629534755,-5.233595624295E-02,0.));
#2453 = PLANE('',#2454);
#2454 = AXIS2_PLACEMENT_3D('',#2455,#2456,#2457);
#2455 = CARTESIAN_POINT('',(10.012658337994,14.049207610377,1.));
#2456 = DIRECTION('',(5.233595624295E-02,-0.998629534755,0.));
#2457 = DIRECTION('',(0.998629534755,5.233595624295E-02,0.));
#2458 = ADVANCED_FACE('',(#2459),#2470,.F.);
#2459 = FACE_BOUND('',#2460,.F.);
#2460 = EDGE_LOOP('',(#2461,#2462,#2463,#2464));
#2461 = ORIENTED_EDGE('',*,*,#2416,.F.);
#2462 = ORIENTED_EDGE('',*,*,#787,.F.);
#2463 = ORIENTED_EDGE('',*,*,#2438,.T.);
#2464 = ORIENTED_EDGE('',*,*,#2465,.F.);
#2465 = EDGE_CURVE('',#2417,#2439,#2466,.T.);
#2466 = LINE('',#2467,#2468);
#2467 = CARTESIAN_POINT('',(9.664309266132,39.80342647491,0.));
#2468 = VECTOR('',#2469,1.);
#2469 = DIRECTION('',(5.233595624294E-02,-0.998629534755,0.));
#2470 = PLANE('',#2471);
#2471 = AXIS2_PLACEMENT_3D('',#2472,#2473,#2474);
#2472 = CARTESIAN_POINT('',(11.011287872748,14.10154356662,1.));
#2473 = DIRECTION('',(0.998629534755,5.233595624294E-02,0.));
#2474 = DIRECTION('',(-5.233595624294E-02,0.998629534755,0.));
#2475 = ADVANCED_FACE('',(#2476,#2528,#2564,#2575,#2586,#2622,#2628,
    #2702,#2736,#2770,#2776,#2787,#2821,#2855,#2929,#2963,#2974),#3010,
  .F.);
#2476 = FACE_BOUND('',#2477,.F.);
#2477 = EDGE_LOOP('',(#2478,#2479,#2480,#2488,#2496,#2502,#2503,#2504,
    #2505,#2513,#2521,#2527));
#2478 = ORIENTED_EDGE('',*,*,#874,.T.);
#2479 = ORIENTED_EDGE('',*,*,#809,.T.);
#2480 = ORIENTED_EDGE('',*,*,#2481,.F.);
#2481 = EDGE_CURVE('',#2482,#810,#2484,.T.);
#2482 = VERTEX_POINT('',#2483);
#2483 = CARTESIAN_POINT('',(20.,4.8,0.));
#2484 = LINE('',#2485,#2486);
#2485 = CARTESIAN_POINT('',(20.,4.8,0.));
#2486 = VECTOR('',#2487,1.);
#2487 = DIRECTION('',(0.,-1.,0.));
#2488 = ORIENTED_EDGE('',*,*,#2489,.F.);
#2489 = EDGE_CURVE('',#2490,#2482,#2492,.T.);
#2490 = VERTEX_POINT('',#2491);
#2491 = CARTESIAN_POINT('',(130.,4.8,0.));
#2492 = LINE('',#2493,#2494);
#2493 = CARTESIAN_POINT('',(130.,4.8,0.));
#2494 = VECTOR('',#2495,1.);
#2495 = DIRECTION('',(-1.,0.,0.));
#2496 = ORIENTED_EDGE('',*,*,#2497,.F.);
#2497 = EDGE_CURVE('',#834,#2490,#2498,.T.);
#2498 = LINE('',#2499,#2500);
#2499 = CARTESIAN_POINT('',(130.,0.,0.));
#2500 = VECTOR('',#2501,1.);
#2501 = DIRECTION('',(0.,1.,0.));
#2502 = ORIENTED_EDGE('',*,*,#841,.T.);
#2503 = ORIENTED_EDGE('',*,*,#898,.T.);
#2504 = ORIENTED_EDGE('',*,*,#913,.T.);
#2505 = ORIENTED_EDGE('',*,*,#2506,.T.);
#2506 = EDGE_CURVE('',#914,#2507,#2509,.T.);
#2507 = VERTEX_POINT('',#2508);
#2508 = CARTESIAN_POINT('',(130.,133.2,0.));
#2509 = LINE('',#2510,#2511);
#2510 = CARTESIAN_POINT('',(130.,138.,0.));
#2511 = VECTOR('',#2512,1.);
#2512 = DIRECTION('',(0.,-1.,0.));
#2513 = ORIENTED_EDGE('',*,*,#2514,.T.);
#2514 = EDGE_CURVE('',#2507,#2515,#2517,.T.);
#2515 = VERTEX_POINT('',#2516);
#2516 = CARTESIAN_POINT('',(20.,133.2,0.));
#2517 = LINE('',#2518,#2519);
#2518 = CARTESIAN_POINT('',(130.,133.2,0.));
#2519 = VECTOR('',#2520,1.);
#2520 = DIRECTION('',(-1.,0.,0.));
#2521 = ORIENTED_EDGE('',*,*,#2522,.T.);
#2522 = EDGE_CURVE('',#2515,#938,#2523,.T.);
#2523 = LINE('',#2524,#2525);
#2524 = CARTESIAN_POINT('',(20.,133.2,0.));
#2525 = VECTOR('',#2526,1.);
#2526 = DIRECTION('',(0.,1.,0.));
#2527 = ORIENTED_EDGE('',*,*,#945,.T.);
#2528 = FACE_BOUND('',#2529,.F.);
#2529 = EDGE_LOOP('',(#2530,#2540,#2549,#2557));
#2530 = ORIENTED_EDGE('',*,*,#2531,.F.);
#2531 = EDGE_CURVE('',#2532,#2534,#2536,.T.);
#2532 = VERTEX_POINT('',#2533);
#2533 = CARTESIAN_POINT('',(11.283464125443,8.990656175028,0.));
#2534 = VERTEX_POINT('',#2535);
#2535 = CARTESIAN_POINT('',(9.983460747478,8.990656175028,0.));
#2536 = LINE('',#2537,#2538);
#2537 = CARTESIAN_POINT('',(42.491730373739,8.990656175028,0.));
#2538 = VECTOR('',#2539,1.);
#2539 = DIRECTION('',(-1.,0.,0.));
#2540 = ORIENTED_EDGE('',*,*,#2541,.T.);
#2541 = EDGE_CURVE('',#2532,#2542,#2544,.T.);
#2542 = VERTEX_POINT('',#2543);
#2543 = CARTESIAN_POINT('',(14.983451652983,5.505718958069,0.));
#2544 = CIRCLE('',#2545,3.5);
#2545 = AXIS2_PLACEMENT_3D('',#2546,#2547,#2548);
#2546 = CARTESIAN_POINT('',(14.783451652983,9.,0.));
#2547 = DIRECTION('',(0.,0.,1.));
#2548 = DIRECTION('',(1.,0.,0.));
#2549 = ORIENTED_EDGE('',*,*,#2550,.F.);
#2550 = EDGE_CURVE('',#2551,#2542,#2553,.T.);
#2551 = VERTEX_POINT('',#2552);
#2552 = CARTESIAN_POINT('',(14.983451652983,4.204168476687,0.));
#2553 = LINE('',#2554,#2555);
#2554 = CARTESIAN_POINT('',(14.983451652983,37.252859479034,0.));
#2555 = VECTOR('',#2556,1.);
#2556 = DIRECTION('',(0.,1.,0.));
#2557 = ORIENTED_EDGE('',*,*,#2558,.F.);
#2558 = EDGE_CURVE('',#2534,#2551,#2559,.T.);
#2559 = CIRCLE('',#2560,4.8);
#2560 = AXIS2_PLACEMENT_3D('',#2561,#2562,#2563);
#2561 = CARTESIAN_POINT('',(14.783451652983,9.,0.));
#2562 = DIRECTION('',(0.,0.,1.));
#2563 = DIRECTION('',(1.,0.,0.));
#2564 = FACE_BOUND('',#2565,.F.);
#2565 = EDGE_LOOP('',(#2566));
#2566 = ORIENTED_EDGE('',*,*,#2567,.F.);
#2567 = EDGE_CURVE('',#2568,#2568,#2570,.T.);
#2568 = VERTEX_POINT('',#2569);
#2569 = CARTESIAN_POINT('',(51.,13.,0.));
#2570 = CIRCLE('',#2571,1.);
#2571 = AXIS2_PLACEMENT_3D('',#2572,#2573,#2574);
#2572 = CARTESIAN_POINT('',(50.,13.,0.));
#2573 = DIRECTION('',(0.,0.,1.));
#2574 = DIRECTION('',(1.,0.,0.));
#2575 = FACE_BOUND('',#2576,.F.);
#2576 = EDGE_LOOP('',(#2577));
#2577 = ORIENTED_EDGE('',*,*,#2578,.F.);
#2578 = EDGE_CURVE('',#2579,#2579,#2581,.T.);
#2579 = VERTEX_POINT('',#2580);
#2580 = CARTESIAN_POINT('',(101.,13.,0.));
#2581 = CIRCLE('',#2582,1.);
#2582 = AXIS2_PLACEMENT_3D('',#2583,#2584,#2585);
#2583 = CARTESIAN_POINT('',(100.,13.,0.));
#2584 = DIRECTION('',(0.,0.,1.));
#2585 = DIRECTION('',(1.,0.,0.));
#2586 = FACE_BOUND('',#2587,.F.);
#2587 = EDGE_LOOP('',(#2588,#2599,#2607,#2616));
#2588 = ORIENTED_EDGE('',*,*,#2589,.F.);
#2589 = EDGE_CURVE('',#2590,#2592,#2594,.T.);
#2590 = VERTEX_POINT('',#2591);
#2591 = CARTESIAN_POINT('',(135.01654834701,4.204168476687,0.));
#2592 = VERTEX_POINT('',#2593);
#2593 = CARTESIAN_POINT('',(140.01653925252,8.990656175028,0.));
#2594 = CIRCLE('',#2595,4.8);
#2595 = AXIS2_PLACEMENT_3D('',#2596,#2597,#2598);
#2596 = CARTESIAN_POINT('',(135.21654834701,9.,0.));
#2597 = DIRECTION('',(0.,0.,1.));
#2598 = DIRECTION('',(1.,0.,0.));
#2599 = ORIENTED_EDGE('',*,*,#2600,.T.);
#2600 = EDGE_CURVE('',#2590,#2601,#2603,.T.);
#2601 = VERTEX_POINT('',#2602);
#2602 = CARTESIAN_POINT('',(135.01654834701,5.505718958069,0.));
#2603 = LINE('',#2604,#2605);
#2604 = CARTESIAN_POINT('',(135.01654834701,37.252859479034,0.));
#2605 = VECTOR('',#2606,1.);
#2606 = DIRECTION('',(0.,1.,0.));
#2607 = ORIENTED_EDGE('',*,*,#2608,.T.);
#2608 = EDGE_CURVE('',#2601,#2609,#2611,.T.);
#2609 = VERTEX_POINT('',#2610);
#2610 = CARTESIAN_POINT('',(138.71653587455,8.990656175028,0.));
#2611 = CIRCLE('',#2612,3.5);
#2612 = AXIS2_PLACEMENT_3D('',#2613,#2614,#2615);
#2613 = CARTESIAN_POINT('',(135.21654834701,9.,0.));
#2614 = DIRECTION('',(0.,0.,1.));
#2615 = DIRECTION('',(1.,0.,0.));
#2616 = ORIENTED_EDGE('',*,*,#2617,.T.);
#2617 = EDGE_CURVE('',#2609,#2592,#2618,.T.);
#2618 = LINE('',#2619,#2620);
#2619 = CARTESIAN_POINT('',(107.50826962626,8.990656175028,0.));
#2620 = VECTOR('',#2621,1.);
#2621 = DIRECTION('',(1.,0.,0.));
#2622 = FACE_BOUND('',#2623,.F.);
#2623 = EDGE_LOOP('',(#2624,#2625,#2626,#2627));
#2624 = ORIENTED_EDGE('',*,*,#2424,.T.);
#2625 = ORIENTED_EDGE('',*,*,#2465,.T.);
#2626 = ORIENTED_EDGE('',*,*,#2448,.T.);
#2627 = ORIENTED_EDGE('',*,*,#2400,.T.);
#2628 = FACE_BOUND('',#2629,.F.);
#2629 = EDGE_LOOP('',(#2630,#2640,#2648,#2656,#2664,#2672,#2680,#2688,
    #2696));
#2630 = ORIENTED_EDGE('',*,*,#2631,.T.);
#2631 = EDGE_CURVE('',#2632,#2634,#2636,.T.);
#2632 = VERTEX_POINT('',#2633);
#2633 = CARTESIAN_POINT('',(35.5,68.5,0.));
#2634 = VERTEX_POINT('',#2635);
#2635 = CARTESIAN_POINT('',(32.5,68.5,0.));
#2636 = LINE('',#2637,#2638);
#2637 = CARTESIAN_POINT('',(53.75,68.5,0.));
#2638 = VECTOR('',#2639,1.);
#2639 = DIRECTION('',(-1.,0.,0.));
#2640 = ORIENTED_EDGE('',*,*,#2641,.T.);
#2641 = EDGE_CURVE('',#2634,#2642,#2644,.T.);
#2642 = VERTEX_POINT('',#2643);
#2643 = CARTESIAN_POINT('',(32.5,69.5,0.));
#2644 = LINE('',#2645,#2646);
#2645 = CARTESIAN_POINT('',(32.5,69.25,0.));
#2646 = VECTOR('',#2647,1.);
#2647 = DIRECTION('',(0.,1.,0.));
#2648 = ORIENTED_EDGE('',*,*,#2649,.T.);
#2649 = EDGE_CURVE('',#2642,#2650,#2652,.T.);
#2650 = VERTEX_POINT('',#2651);
#2651 = CARTESIAN_POINT('',(35.5,69.5,0.));
#2652 = LINE('',#2653,#2654);
#2653 = CARTESIAN_POINT('',(55.25,69.5,0.));
#2654 = VECTOR('',#2655,1.);
#2655 = DIRECTION('',(1.,0.,0.));
#2656 = ORIENTED_EDGE('',*,*,#2657,.T.);
#2657 = EDGE_CURVE('',#2650,#2658,#2660,.T.);
#2658 = VERTEX_POINT('',#2659);
#2659 = CARTESIAN_POINT('',(34.43933982822,70.56066017178,0.));
#2660 = LINE('',#2661,#2662);
#2661 = CARTESIAN_POINT('',(44.96966991411,60.03033008589,0.));
#2662 = VECTOR('',#2663,1.);
#2663 = DIRECTION('',(-0.707106781187,0.707106781187,0.));
#2664 = ORIENTED_EDGE('',*,*,#2665,.T.);
#2665 = EDGE_CURVE('',#2658,#2666,#2668,.T.);
#2666 = VERTEX_POINT('',#2667);
#2667 = CARTESIAN_POINT('',(35.146446609407,71.267766952966,0.));
#2668 = LINE('',#2669,#2670);
#2669 = CARTESIAN_POINT('',(44.542893218813,80.664213562373,
    -1.110223024625E-16));
#2670 = VECTOR('',#2671,1.);
#2671 = DIRECTION('',(0.707106781187,0.707106781187,0.));
#2672 = ORIENTED_EDGE('',*,*,#2673,.T.);
#2673 = EDGE_CURVE('',#2666,#2674,#2676,.T.);
#2674 = VERTEX_POINT('',#2675);
#2675 = CARTESIAN_POINT('',(37.5,69.,0.));
#2676 = LINE('',#2677,#2678);
#2677 = CARTESIAN_POINT('',(47.222939874806,59.631458873255,0.));
#2678 = VECTOR('',#2679,1.);
#2679 = DIRECTION('',(0.72010887602,-0.693861086009,0.));
#2680 = ORIENTED_EDGE('',*,*,#2681,.T.);
#2681 = EDGE_CURVE('',#2674,#2682,#2684,.T.);
#2682 = VERTEX_POINT('',#2683);
#2683 = CARTESIAN_POINT('',(35.146446609407,66.732233047034,0.));
#2684 = LINE('',#2685,#2686);
#2685 = CARTESIAN_POINT('',(46.04616317951,77.234657650262,0.));
#2686 = VECTOR('',#2687,1.);
#2687 = DIRECTION('',(-0.72010887602,-0.693861086009,0.));
#2688 = ORIENTED_EDGE('',*,*,#2689,.T.);
#2689 = EDGE_CURVE('',#2682,#2690,#2692,.T.);
#2690 = VERTEX_POINT('',#2691);
#2691 = CARTESIAN_POINT('',(34.43933982822,67.43933982822,0.));
#2692 = LINE('',#2693,#2694);
#2693 = CARTESIAN_POINT('',(44.18933982822,57.68933982822,
    -1.110223024625E-16));
#2694 = VECTOR('',#2695,1.);
#2695 = DIRECTION('',(-0.707106781187,0.707106781187,0.));
#2696 = ORIENTED_EDGE('',*,*,#2697,.T.);
#2697 = EDGE_CURVE('',#2690,#2632,#2698,.T.);
#2698 = LINE('',#2699,#2700);
#2699 = CARTESIAN_POINT('',(45.5,78.5,0.));
#2700 = VECTOR('',#2701,1.);
#2701 = DIRECTION('',(0.707106781187,0.707106781187,0.));
#2702 = FACE_BOUND('',#2703,.F.);
#2703 = EDGE_LOOP('',(#2704,#2714,#2722,#2730));
#2704 = ORIENTED_EDGE('',*,*,#2705,.T.);
#2705 = EDGE_CURVE('',#2706,#2708,#2710,.T.);
#2706 = VERTEX_POINT('',#2707);
#2707 = CARTESIAN_POINT('',(39.5,126.5,0.));
#2708 = VERTEX_POINT('',#2709);
#2709 = CARTESIAN_POINT('',(40.5,126.5,0.));
#2710 = LINE('',#2711,#2712);
#2711 = CARTESIAN_POINT('',(57.75,126.5,0.));
#2712 = VECTOR('',#2713,1.);
#2713 = DIRECTION('',(1.,0.,0.));
#2714 = ORIENTED_EDGE('',*,*,#2715,.T.);
#2715 = EDGE_CURVE('',#2708,#2716,#2718,.T.);
#2716 = VERTEX_POINT('',#2717);
#2717 = CARTESIAN_POINT('',(40.5,11.5,0.));
#2718 = LINE('',#2719,#2720);
#2719 = CARTESIAN_POINT('',(40.5,40.25,0.));
#2720 = VECTOR('',#2721,1.);
#2721 = DIRECTION('',(0.,-1.,0.));
#2722 = ORIENTED_EDGE('',*,*,#2723,.T.);
#2723 = EDGE_CURVE('',#2716,#2724,#2726,.T.);
#2724 = VERTEX_POINT('',#2725);
#2725 = CARTESIAN_POINT('',(39.5,11.5,0.));
#2726 = LINE('',#2727,#2728);
#2727 = CARTESIAN_POINT('',(57.25,11.5,0.));
#2728 = VECTOR('',#2729,1.);
#2729 = DIRECTION('',(-1.,0.,0.));
#2730 = ORIENTED_EDGE('',*,*,#2731,.T.);
#2731 = EDGE_CURVE('',#2724,#2706,#2732,.T.);
#2732 = LINE('',#2733,#2734);
#2733 = CARTESIAN_POINT('',(39.5,97.75,0.));
#2734 = VECTOR('',#2735,1.);
#2735 = DIRECTION('',(0.,1.,0.));
#2736 = FACE_BOUND('',#2737,.F.);
#2737 = EDGE_LOOP('',(#2738,#2748,#2756,#2764));
#2738 = ORIENTED_EDGE('',*,*,#2739,.F.);
#2739 = EDGE_CURVE('',#2740,#2742,#2744,.T.);
#2740 = VERTEX_POINT('',#2741);
#2741 = CARTESIAN_POINT('',(44.5,126.5,0.));
#2742 = VERTEX_POINT('',#2743);
#2743 = CARTESIAN_POINT('',(44.5,11.5,0.));
#2744 = LINE('',#2745,#2746);
#2745 = CARTESIAN_POINT('',(44.5,40.25,0.));
#2746 = VECTOR('',#2747,1.);
#2747 = DIRECTION('',(0.,-1.,0.));
#2748 = ORIENTED_EDGE('',*,*,#2749,.F.);
#2749 = EDGE_CURVE('',#2750,#2740,#2752,.T.);
#2750 = VERTEX_POINT('',#2751);
#2751 = CARTESIAN_POINT('',(45.5,126.5,0.));
#2752 = LINE('',#2753,#2754);
#2753 = CARTESIAN_POINT('',(59.75,126.5,0.));
#2754 = VECTOR('',#2755,1.);
#2755 = DIRECTION('',(-1.,0.,0.));
#2756 = ORIENTED_EDGE('',*,*,#2757,.F.);
#2757 = EDGE_CURVE('',#2758,#2750,#2760,.T.);
#2758 = VERTEX_POINT('',#2759);
#2759 = CARTESIAN_POINT('',(45.5,11.5,0.));
#2760 = LINE('',#2761,#2762);
#2761 = CARTESIAN_POINT('',(45.5,97.75,0.));
#2762 = VECTOR('',#2763,1.);
#2763 = DIRECTION('',(0.,1.,0.));
#2764 = ORIENTED_EDGE('',*,*,#2765,.F.);
#2765 = EDGE_CURVE('',#2742,#2758,#2766,.T.);
#2766 = LINE('',#2767,#2768);
#2767 = CARTESIAN_POINT('',(60.25,11.5,0.));
#2768 = VECTOR('',#2769,1.);
#2769 = DIRECTION('',(1.,0.,0.));
#2770 = FACE_BOUND('',#2771,.F.);
#2771 = EDGE_LOOP('',(#2772,#2773,#2774,#2775));
#2772 = ORIENTED_EDGE('',*,*,#2302,.F.);
#2773 = ORIENTED_EDGE('',*,*,#2327,.F.);
#2774 = ORIENTED_EDGE('',*,*,#2368,.T.);
#2775 = ORIENTED_EDGE('',*,*,#2351,.T.);
#2776 = FACE_BOUND('',#2777,.F.);
#2777 = EDGE_LOOP('',(#2778));
#2778 = ORIENTED_EDGE('',*,*,#2779,.F.);
#2779 = EDGE_CURVE('',#2780,#2780,#2782,.T.);
#2780 = VERTEX_POINT('',#2781);
#2781 = CARTESIAN_POINT('',(51.,125.,0.));
#2782 = CIRCLE('',#2783,1.);
#2783 = AXIS2_PLACEMENT_3D('',#2784,#2785,#2786);
#2784 = CARTESIAN_POINT('',(50.,125.,0.));
#2785 = DIRECTION('',(0.,0.,1.));
#2786 = DIRECTION('',(1.,0.,0.));
#2787 = FACE_BOUND('',#2788,.F.);
#2788 = EDGE_LOOP('',(#2789,#2799,#2807,#2815));
#2789 = ORIENTED_EDGE('',*,*,#2790,.T.);
#2790 = EDGE_CURVE('',#2791,#2793,#2795,.T.);
#2791 = VERTEX_POINT('',#2792);
#2792 = CARTESIAN_POINT('',(104.5,126.5,0.));
#2793 = VERTEX_POINT('',#2794);
#2794 = CARTESIAN_POINT('',(105.5,126.5,0.));
#2795 = LINE('',#2796,#2797);
#2796 = CARTESIAN_POINT('',(90.25,126.5,0.));
#2797 = VECTOR('',#2798,1.);
#2798 = DIRECTION('',(1.,0.,0.));
#2799 = ORIENTED_EDGE('',*,*,#2800,.T.);
#2800 = EDGE_CURVE('',#2793,#2801,#2803,.T.);
#2801 = VERTEX_POINT('',#2802);
#2802 = CARTESIAN_POINT('',(105.5,11.5,0.));
#2803 = LINE('',#2804,#2805);
#2804 = CARTESIAN_POINT('',(105.5,40.25,0.));
#2805 = VECTOR('',#2806,1.);
#2806 = DIRECTION('',(0.,-1.,0.));
#2807 = ORIENTED_EDGE('',*,*,#2808,.T.);
#2808 = EDGE_CURVE('',#2801,#2809,#2811,.T.);
#2809 = VERTEX_POINT('',#2810);
#2810 = CARTESIAN_POINT('',(104.5,11.5,0.));
#2811 = LINE('',#2812,#2813);
#2812 = CARTESIAN_POINT('',(89.75,11.5,0.));
#2813 = VECTOR('',#2814,1.);
#2814 = DIRECTION('',(-1.,0.,0.));
#2815 = ORIENTED_EDGE('',*,*,#2816,.T.);
#2816 = EDGE_CURVE('',#2809,#2791,#2817,.T.);
#2817 = LINE('',#2818,#2819);
#2818 = CARTESIAN_POINT('',(104.5,97.75,0.));
#2819 = VECTOR('',#2820,1.);
#2820 = DIRECTION('',(0.,1.,0.));
#2821 = FACE_BOUND('',#2822,.F.);
#2822 = EDGE_LOOP('',(#2823,#2833,#2841,#2849));
#2823 = ORIENTED_EDGE('',*,*,#2824,.T.);
#2824 = EDGE_CURVE('',#2825,#2827,#2829,.T.);
#2825 = VERTEX_POINT('',#2826);
#2826 = CARTESIAN_POINT('',(109.5,126.5,0.));
#2827 = VERTEX_POINT('',#2828);
#2828 = CARTESIAN_POINT('',(110.5,126.5,0.));
#2829 = LINE('',#2830,#2831);
#2830 = CARTESIAN_POINT('',(92.75,126.5,0.));
#2831 = VECTOR('',#2832,1.);
#2832 = DIRECTION('',(1.,0.,0.));
#2833 = ORIENTED_EDGE('',*,*,#2834,.T.);
#2834 = EDGE_CURVE('',#2827,#2835,#2837,.T.);
#2835 = VERTEX_POINT('',#2836);
#2836 = CARTESIAN_POINT('',(110.5,11.5,0.));
#2837 = LINE('',#2838,#2839);
#2838 = CARTESIAN_POINT('',(110.5,40.25,0.));
#2839 = VECTOR('',#2840,1.);
#2840 = DIRECTION('',(0.,-1.,0.));
#2841 = ORIENTED_EDGE('',*,*,#2842,.T.);
#2842 = EDGE_CURVE('',#2835,#2843,#2845,.T.);
#2843 = VERTEX_POINT('',#2844);
#2844 = CARTESIAN_POINT('',(109.5,11.5,0.));
#2845 = LINE('',#2846,#2847);
#2846 = CARTESIAN_POINT('',(92.25,11.5,0.));
#2847 = VECTOR('',#2848,1.);
#2848 = DIRECTION('',(-1.,0.,0.));
#2849 = ORIENTED_EDGE('',*,*,#2850,.T.);
#2850 = EDGE_CURVE('',#2843,#2825,#2851,.T.);
#2851 = LINE('',#2852,#2853);
#2852 = CARTESIAN_POINT('',(109.5,97.75,0.));
#2853 = VECTOR('',#2854,1.);
#2854 = DIRECTION('',(0.,1.,0.));
#2855 = FACE_BOUND('',#2856,.F.);
#2856 = EDGE_LOOP('',(#2857,#2867,#2875,#2883,#2891,#2899,#2907,#2915,
    #2923));
#2857 = ORIENTED_EDGE('',*,*,#2858,.F.);
#2858 = EDGE_CURVE('',#2859,#2861,#2863,.T.);
#2859 = VERTEX_POINT('',#2860);
#2860 = CARTESIAN_POINT('',(117.5,68.5,0.));
#2861 = VERTEX_POINT('',#2862);
#2862 = CARTESIAN_POINT('',(117.5,69.5,0.));
#2863 = LINE('',#2864,#2865);
#2864 = CARTESIAN_POINT('',(117.5,69.25,0.));
#2865 = VECTOR('',#2866,1.);
#2866 = DIRECTION('',(0.,1.,0.));
#2867 = ORIENTED_EDGE('',*,*,#2868,.F.);
#2868 = EDGE_CURVE('',#2869,#2859,#2871,.T.);
#2869 = VERTEX_POINT('',#2870);
#2870 = CARTESIAN_POINT('',(114.5,68.5,0.));
#2871 = LINE('',#2872,#2873);
#2872 = CARTESIAN_POINT('',(96.25,68.5,0.));
#2873 = VECTOR('',#2874,1.);
#2874 = DIRECTION('',(1.,0.,0.));
#2875 = ORIENTED_EDGE('',*,*,#2876,.F.);
#2876 = EDGE_CURVE('',#2877,#2869,#2879,.T.);
#2877 = VERTEX_POINT('',#2878);
#2878 = CARTESIAN_POINT('',(115.56066017178,67.43933982822,0.));
#2879 = LINE('',#2880,#2881);
#2880 = CARTESIAN_POINT('',(104.5,78.5,0.));
#2881 = VECTOR('',#2882,1.);
#2882 = DIRECTION('',(-0.707106781187,0.707106781187,0.));
#2883 = ORIENTED_EDGE('',*,*,#2884,.F.);
#2884 = EDGE_CURVE('',#2885,#2877,#2887,.T.);
#2885 = VERTEX_POINT('',#2886);
#2886 = CARTESIAN_POINT('',(114.85355339059,66.732233047034,0.));
#2887 = LINE('',#2888,#2889);
#2888 = CARTESIAN_POINT('',(105.81066017178,57.68933982822,
    -1.110223024625E-16));
#2889 = VECTOR('',#2890,1.);
#2890 = DIRECTION('',(0.707106781187,0.707106781187,0.));
#2891 = ORIENTED_EDGE('',*,*,#2892,.F.);
#2892 = EDGE_CURVE('',#2893,#2885,#2895,.T.);
#2893 = VERTEX_POINT('',#2894);
#2894 = CARTESIAN_POINT('',(112.5,69.,0.));
#2895 = LINE('',#2896,#2897);
#2896 = CARTESIAN_POINT('',(103.95383682049,77.234657650262,0.));
#2897 = VECTOR('',#2898,1.);
#2898 = DIRECTION('',(0.72010887602,-0.693861086009,0.));
#2899 = ORIENTED_EDGE('',*,*,#2900,.F.);
#2900 = EDGE_CURVE('',#2901,#2893,#2903,.T.);
#2901 = VERTEX_POINT('',#2902);
#2902 = CARTESIAN_POINT('',(114.85355339059,71.267766952966,0.));
#2903 = LINE('',#2904,#2905);
#2904 = CARTESIAN_POINT('',(102.77706012519,59.631458873255,0.));
#2905 = VECTOR('',#2906,1.);
#2906 = DIRECTION('',(-0.72010887602,-0.693861086009,0.));
#2907 = ORIENTED_EDGE('',*,*,#2908,.F.);
#2908 = EDGE_CURVE('',#2909,#2901,#2911,.T.);
#2909 = VERTEX_POINT('',#2910);
#2910 = CARTESIAN_POINT('',(115.56066017178,70.56066017178,0.));
#2911 = LINE('',#2912,#2913);
#2912 = CARTESIAN_POINT('',(105.45710678118,80.664213562373,0.));
#2913 = VECTOR('',#2914,1.);
#2914 = DIRECTION('',(-0.707106781187,0.707106781187,0.));
#2915 = ORIENTED_EDGE('',*,*,#2916,.F.);
#2916 = EDGE_CURVE('',#2917,#2909,#2919,.T.);
#2917 = VERTEX_POINT('',#2918);
#2918 = CARTESIAN_POINT('',(114.5,69.5,0.));
#2919 = LINE('',#2920,#2921);
#2920 = CARTESIAN_POINT('',(105.03033008589,60.03033008589,
    -1.110223024625E-16));
#2921 = VECTOR('',#2922,1.);
#2922 = DIRECTION('',(0.707106781187,0.707106781187,0.));
#2923 = ORIENTED_EDGE('',*,*,#2924,.F.);
#2924 = EDGE_CURVE('',#2861,#2917,#2925,.T.);
#2925 = LINE('',#2926,#2927);
#2926 = CARTESIAN_POINT('',(94.75,69.5,0.));
#2927 = VECTOR('',#2928,1.);
#2928 = DIRECTION('',(-1.,0.,0.));
#2929 = FACE_BOUND('',#2930,.F.);
#2930 = EDGE_LOOP('',(#2931,#2941,#2949,#2957));
#2931 = ORIENTED_EDGE('',*,*,#2932,.T.);
#2932 = EDGE_CURVE('',#2933,#2935,#2937,.T.);
#2933 = VERTEX_POINT('',#2934);
#2934 = CARTESIAN_POINT('',(144.74566731397,123.95079238962,0.));
#2935 = VERTEX_POINT('',#2936);
#2936 = CARTESIAN_POINT('',(145.74429684873,123.89845643338,0.));
#2937 = LINE('',#2938,#2939);
#2938 = CARTESIAN_POINT('',(111.90364741111,125.6719697199,0.));
#2939 = VECTOR('',#2940,1.);
#2940 = DIRECTION('',(0.998629534755,-5.233595624294E-02,0.));
#2941 = ORIENTED_EDGE('',*,*,#2942,.T.);
#2942 = EDGE_CURVE('',#2935,#2943,#2945,.T.);
#2943 = VERTEX_POINT('',#2944);
#2944 = CARTESIAN_POINT('',(139.987341662,14.049207610377,0.));
#2945 = LINE('',#2946,#2947);
#2946 = CARTESIAN_POINT('',(141.33432026862,39.751090518667,
    -1.110223024625E-16));
#2947 = VECTOR('',#2948,1.);
#2948 = DIRECTION('',(-5.233595624294E-02,-0.998629534755,0.));
#2949 = ORIENTED_EDGE('',*,*,#2950,.T.);
#2950 = EDGE_CURVE('',#2943,#2951,#2953,.T.);
#2951 = VERTEX_POINT('',#2952);
#2952 = CARTESIAN_POINT('',(138.98871212725,14.10154356662,0.));
#2953 = LINE('',#2954,#2955);
#2954 = CARTESIAN_POINT('',(105.64737745701,15.84888887502,0.));
#2955 = VECTOR('',#2956,1.);
#2956 = DIRECTION('',(-0.998629534755,5.233595624294E-02,0.));
#2957 = ORIENTED_EDGE('',*,*,#2958,.T.);
#2958 = EDGE_CURVE('',#2951,#2933,#2959,.T.);
#2959 = LINE('',#2960,#2961);
#2960 = CARTESIAN_POINT('',(143.21416832723,94.728050886411,
    -1.110223024625E-16));
#2961 = VECTOR('',#2962,1.);
#2962 = DIRECTION('',(5.233595624294E-02,0.998629534755,0.));
#2963 = FACE_BOUND('',#2964,.F.);
#2964 = EDGE_LOOP('',(#2965));
#2965 = ORIENTED_EDGE('',*,*,#2966,.F.);
#2966 = EDGE_CURVE('',#2967,#2967,#2969,.T.);
#2967 = VERTEX_POINT('',#2968);
#2968 = CARTESIAN_POINT('',(101.,125.,0.));
#2969 = CIRCLE('',#2970,1.);
#2970 = AXIS2_PLACEMENT_3D('',#2971,#2972,#2973);
#2971 = CARTESIAN_POINT('',(100.,125.,0.));
#2972 = DIRECTION('',(0.,0.,1.));
#2973 = DIRECTION('',(1.,0.,0.));
#2974 = FACE_BOUND('',#2975,.F.);
#2975 = EDGE_LOOP('',(#2976,#2986,#2995,#3003));
#2976 = ORIENTED_EDGE('',*,*,#2977,.F.);
#2977 = EDGE_CURVE('',#2978,#2980,#2982,.T.);
#2978 = VERTEX_POINT('',#2979);
#2979 = CARTESIAN_POINT('',(144.98146195772,128.59065617502,0.));
#2980 = VERTEX_POINT('',#2981);
#2981 = CARTESIAN_POINT('',(146.28799559676,128.59065617502,0.));
#2982 = LINE('',#2983,#2984);
#2983 = CARTESIAN_POINT('',(110.64399779838,128.59065617502,0.));
#2984 = VECTOR('',#2985,1.);
#2985 = DIRECTION('',(1.,0.,0.));
#2986 = ORIENTED_EDGE('',*,*,#2987,.T.);
#2987 = EDGE_CURVE('',#2978,#2988,#2990,.T.);
#2988 = VERTEX_POINT('',#2989);
#2989 = CARTESIAN_POINT('',(141.30548186098,132.49428104193,0.));
#2990 = CIRCLE('',#2991,3.5);
#2991 = AXIS2_PLACEMENT_3D('',#2992,#2993,#2994);
#2992 = CARTESIAN_POINT('',(141.50548186098,129.,0.));
#2993 = DIRECTION('',(0.,0.,1.));
#2994 = DIRECTION('',(1.,0.,0.));
#2995 = ORIENTED_EDGE('',*,*,#2996,.T.);
#2996 = EDGE_CURVE('',#2988,#2997,#2999,.T.);
#2997 = VERTEX_POINT('',#2998);
#2998 = CARTESIAN_POINT('',(141.30548186098,133.79583152331,0.));
#2999 = LINE('',#3000,#3001);
#3000 = CARTESIAN_POINT('',(141.30548186098,101.39791576165,0.));
#3001 = VECTOR('',#3002,1.);
#3002 = DIRECTION('',(0.,1.,0.));
#3003 = ORIENTED_EDGE('',*,*,#3004,.F.);
#3004 = EDGE_CURVE('',#2980,#2997,#3005,.T.);
#3005 = CIRCLE('',#3006,4.8);
#3006 = AXIS2_PLACEMENT_3D('',#3007,#3008,#3009);
#3007 = CARTESIAN_POINT('',(141.50548186098,129.,0.));
#3008 = DIRECTION('',(0.,0.,1.));
#3009 = DIRECTION('',(1.,0.,0.));
#3010 = PLANE('',#3011);
#3011 = AXIS2_PLACEMENT_3D('',#3012,#3013,#3014);
#3012 = CARTESIAN_POINT('',(75.,69.,0.));
#3013 = DIRECTION('',(0.,0.,1.));
#3014 = DIRECTION('',(1.,0.,0.));
#3015 = ADVANCED_FACE('',(#3016),#3034,.T.);
#3016 = FACE_BOUND('',#3017,.T.);
#3017 = EDGE_LOOP('',(#3018,#3026,#3032,#3033));
#3018 = ORIENTED_EDGE('',*,*,#3019,.T.);
#3019 = EDGE_CURVE('',#2482,#3020,#3022,.T.);
#3020 = VERTEX_POINT('',#3021);
#3021 = CARTESIAN_POINT('',(20.,4.8,-1.2));
#3022 = LINE('',#3023,#3024);
#3023 = CARTESIAN_POINT('',(20.,4.8,0.));
#3024 = VECTOR('',#3025,1.);
#3025 = DIRECTION('',(0.,0.,-1.));
#3026 = ORIENTED_EDGE('',*,*,#3027,.T.);
#3027 = EDGE_CURVE('',#3020,#818,#3028,.T.);
#3028 = LINE('',#3029,#3030);
#3029 = CARTESIAN_POINT('',(20.,4.8,-1.2));
#3030 = VECTOR('',#3031,1.);
#3031 = DIRECTION('',(0.,-1.,0.));
#3032 = ORIENTED_EDGE('',*,*,#817,.F.);
#3033 = ORIENTED_EDGE('',*,*,#2481,.F.);
#3034 = PLANE('',#3035);
#3035 = AXIS2_PLACEMENT_3D('',#3036,#3037,#3038);
#3036 = CARTESIAN_POINT('',(20.,4.8,0.));
#3037 = DIRECTION('',(-1.,-0.,-0.));
#3038 = DIRECTION('',(0.,-1.,0.));
#3039 = ADVANCED_FACE('',(#3040),#3058,.F.);
#3040 = FACE_BOUND('',#3041,.F.);
#3041 = EDGE_LOOP('',(#3042,#3043,#3051,#3057));
#3042 = ORIENTED_EDGE('',*,*,#825,.T.);
#3043 = ORIENTED_EDGE('',*,*,#3044,.T.);
#3044 = EDGE_CURVE('',#826,#3045,#3047,.T.);
#3045 = VERTEX_POINT('',#3046);
#3046 = CARTESIAN_POINT('',(130.,4.8,-1.2));
#3047 = LINE('',#3048,#3049);
#3048 = CARTESIAN_POINT('',(130.,0.,-1.2));
#3049 = VECTOR('',#3050,1.);
#3050 = DIRECTION('',(0.,1.,0.));
#3051 = ORIENTED_EDGE('',*,*,#3052,.T.);
#3052 = EDGE_CURVE('',#3045,#3020,#3053,.T.);
#3053 = LINE('',#3054,#3055);
#3054 = CARTESIAN_POINT('',(130.,4.8,-1.2));
#3055 = VECTOR('',#3056,1.);
#3056 = DIRECTION('',(-1.,0.,0.));
#3057 = ORIENTED_EDGE('',*,*,#3027,.T.);
#3058 = PLANE('',#3059);
#3059 = AXIS2_PLACEMENT_3D('',#3060,#3061,#3062);
#3060 = CARTESIAN_POINT('',(75.,69.,-1.2));
#3061 = DIRECTION('',(0.,0.,1.));
#3062 = DIRECTION('',(1.,0.,0.));
#3063 = ADVANCED_FACE('',(#3064),#3075,.T.);
#3064 = FACE_BOUND('',#3065,.T.);
#3065 = EDGE_LOOP('',(#3066,#3067,#3068,#3074));
#3066 = ORIENTED_EDGE('',*,*,#833,.T.);
#3067 = ORIENTED_EDGE('',*,*,#3044,.T.);
#3068 = ORIENTED_EDGE('',*,*,#3069,.F.);
#3069 = EDGE_CURVE('',#2490,#3045,#3070,.T.);
#3070 = LINE('',#3071,#3072);
#3071 = CARTESIAN_POINT('',(130.,4.8,0.));
#3072 = VECTOR('',#3073,1.);
#3073 = DIRECTION('',(0.,0.,-1.));
#3074 = ORIENTED_EDGE('',*,*,#2497,.F.);
#3075 = PLANE('',#3076);
#3076 = AXIS2_PLACEMENT_3D('',#3077,#3078,#3079);
#3077 = CARTESIAN_POINT('',(130.,0.,0.));
#3078 = DIRECTION('',(1.,0.,0.));
#3079 = DIRECTION('',(0.,1.,0.));
#3080 = ADVANCED_FACE('',(#3081),#3099,.F.);
#3081 = FACE_BOUND('',#3082,.F.);
#3082 = EDGE_LOOP('',(#3083,#3084,#3092,#3098));
#3083 = ORIENTED_EDGE('',*,*,#921,.T.);
#3084 = ORIENTED_EDGE('',*,*,#3085,.T.);
#3085 = EDGE_CURVE('',#922,#3086,#3088,.T.);
#3086 = VERTEX_POINT('',#3087);
#3087 = CARTESIAN_POINT('',(130.,133.2,-1.2));
#3088 = LINE('',#3089,#3090);
#3089 = CARTESIAN_POINT('',(130.,138.,-1.2));
#3090 = VECTOR('',#3091,1.);
#3091 = DIRECTION('',(0.,-1.,0.));
#3092 = ORIENTED_EDGE('',*,*,#3093,.F.);
#3093 = EDGE_CURVE('',#2507,#3086,#3094,.T.);
#3094 = LINE('',#3095,#3096);
#3095 = CARTESIAN_POINT('',(130.,133.2,0.));
#3096 = VECTOR('',#3097,1.);
#3097 = DIRECTION('',(0.,0.,-1.));
#3098 = ORIENTED_EDGE('',*,*,#2506,.F.);
#3099 = PLANE('',#3100);
#3100 = AXIS2_PLACEMENT_3D('',#3101,#3102,#3103);
#3101 = CARTESIAN_POINT('',(130.,138.,0.));
#3102 = DIRECTION('',(-1.,-0.,-0.));
#3103 = DIRECTION('',(0.,-1.,0.));
#3104 = ADVANCED_FACE('',(#3105),#3123,.F.);
#3105 = FACE_BOUND('',#3106,.T.);
#3106 = EDGE_LOOP('',(#3107,#3108,#3109,#3117));
#3107 = ORIENTED_EDGE('',*,*,#929,.T.);
#3108 = ORIENTED_EDGE('',*,*,#3085,.T.);
#3109 = ORIENTED_EDGE('',*,*,#3110,.T.);
#3110 = EDGE_CURVE('',#3086,#3111,#3113,.T.);
#3111 = VERTEX_POINT('',#3112);
#3112 = CARTESIAN_POINT('',(20.,133.2,-1.2));
#3113 = LINE('',#3114,#3115);
#3114 = CARTESIAN_POINT('',(130.,133.2,-1.2));
#3115 = VECTOR('',#3116,1.);
#3116 = DIRECTION('',(-1.,0.,0.));
#3117 = ORIENTED_EDGE('',*,*,#3118,.T.);
#3118 = EDGE_CURVE('',#3111,#930,#3119,.T.);
#3119 = LINE('',#3120,#3121);
#3120 = CARTESIAN_POINT('',(20.,133.2,-1.2));
#3121 = VECTOR('',#3122,1.);
#3122 = DIRECTION('',(0.,1.,0.));
#3123 = PLANE('',#3124);
#3124 = AXIS2_PLACEMENT_3D('',#3125,#3126,#3127);
#3125 = CARTESIAN_POINT('',(75.,69.,-1.2));
#3126 = DIRECTION('',(0.,0.,1.));
#3127 = DIRECTION('',(1.,0.,0.));
#3128 = ADVANCED_FACE('',(#3129),#3140,.F.);
#3129 = FACE_BOUND('',#3130,.F.);
#3130 = EDGE_LOOP('',(#3131,#3137,#3138,#3139));
#3131 = ORIENTED_EDGE('',*,*,#3132,.T.);
#3132 = EDGE_CURVE('',#2515,#3111,#3133,.T.);
#3133 = LINE('',#3134,#3135);
#3134 = CARTESIAN_POINT('',(20.,133.2,0.));
#3135 = VECTOR('',#3136,1.);
#3136 = DIRECTION('',(0.,0.,-1.));
#3137 = ORIENTED_EDGE('',*,*,#3118,.T.);
#3138 = ORIENTED_EDGE('',*,*,#937,.F.);
#3139 = ORIENTED_EDGE('',*,*,#2522,.F.);
#3140 = PLANE('',#3141);
#3141 = AXIS2_PLACEMENT_3D('',#3142,#3143,#3144);
#3142 = CARTESIAN_POINT('',(20.,133.2,0.));
#3143 = DIRECTION('',(1.,0.,0.));
#3144 = DIRECTION('',(0.,1.,0.));
#3145 = ADVANCED_FACE('',(#3146),#3162,.F.);
#3146 = FACE_BOUND('',#3147,.F.);
#3147 = EDGE_LOOP('',(#3148,#3154,#3155,#3161));
#3148 = ORIENTED_EDGE('',*,*,#3149,.F.);
#3149 = EDGE_CURVE('',#971,#2716,#3150,.T.);
#3150 = LINE('',#3151,#3152);
#3151 = CARTESIAN_POINT('',(40.5,11.5,1.));
#3152 = VECTOR('',#3153,1.);
#3153 = DIRECTION('',(-0.,-0.,-1.));
#3154 = ORIENTED_EDGE('',*,*,#978,.F.);
#3155 = ORIENTED_EDGE('',*,*,#3156,.T.);
#3156 = EDGE_CURVE('',#962,#2724,#3157,.T.);
#3157 = LINE('',#3158,#3159);
#3158 = CARTESIAN_POINT('',(39.5,11.5,1.));
#3159 = VECTOR('',#3160,1.);
#3160 = DIRECTION('',(-0.,-0.,-1.));
#3161 = ORIENTED_EDGE('',*,*,#2723,.F.);
#3162 = PLANE('',#3163);
#3163 = AXIS2_PLACEMENT_3D('',#3164,#3165,#3166);
#3164 = CARTESIAN_POINT('',(39.5,11.5,1.));
#3165 = DIRECTION('',(0.,-1.,0.));
#3166 = DIRECTION('',(1.,0.,0.));
#3167 = ADVANCED_FACE('',(#3168),#3179,.F.);
#3168 = FACE_BOUND('',#3169,.F.);
#3169 = EDGE_LOOP('',(#3170,#3171,#3172,#3178));
#3170 = ORIENTED_EDGE('',*,*,#3156,.F.);
#3171 = ORIENTED_EDGE('',*,*,#1002,.F.);
#3172 = ORIENTED_EDGE('',*,*,#3173,.T.);
#3173 = EDGE_CURVE('',#993,#2706,#3174,.T.);
#3174 = LINE('',#3175,#3176);
#3175 = CARTESIAN_POINT('',(39.5,126.5,1.));
#3176 = VECTOR('',#3177,1.);
#3177 = DIRECTION('',(-0.,-0.,-1.));
#3178 = ORIENTED_EDGE('',*,*,#2731,.F.);
#3179 = PLANE('',#3180);
#3180 = AXIS2_PLACEMENT_3D('',#3181,#3182,#3183);
#3181 = CARTESIAN_POINT('',(39.5,126.5,1.));
#3182 = DIRECTION('',(-1.,0.,0.));
#3183 = DIRECTION('',(0.,-1.,0.));
#3184 = ADVANCED_FACE('',(#3185),#3196,.F.);
#3185 = FACE_BOUND('',#3186,.F.);
#3186 = EDGE_LOOP('',(#3187,#3193,#3194,#3195));
#3187 = ORIENTED_EDGE('',*,*,#3188,.F.);
#3188 = EDGE_CURVE('',#1019,#2708,#3189,.T.);
#3189 = LINE('',#3190,#3191);
#3190 = CARTESIAN_POINT('',(40.5,126.5,1.));
#3191 = VECTOR('',#3192,1.);
#3192 = DIRECTION('',(-0.,-0.,-1.));
#3193 = ORIENTED_EDGE('',*,*,#1026,.F.);
#3194 = ORIENTED_EDGE('',*,*,#3149,.T.);
#3195 = ORIENTED_EDGE('',*,*,#2715,.F.);
#3196 = PLANE('',#3197);
#3197 = AXIS2_PLACEMENT_3D('',#3198,#3199,#3200);
#3198 = CARTESIAN_POINT('',(40.5,11.5,1.));
#3199 = DIRECTION('',(1.,0.,0.));
#3200 = DIRECTION('',(0.,1.,0.));
#3201 = ADVANCED_FACE('',(#3202),#3208,.F.);
#3202 = FACE_BOUND('',#3203,.F.);
#3203 = EDGE_LOOP('',(#3204,#3205,#3206,#3207));
#3204 = ORIENTED_EDGE('',*,*,#3173,.F.);
#3205 = ORIENTED_EDGE('',*,*,#1043,.F.);
#3206 = ORIENTED_EDGE('',*,*,#3188,.T.);
#3207 = ORIENTED_EDGE('',*,*,#2705,.F.);
#3208 = PLANE('',#3209);
#3209 = AXIS2_PLACEMENT_3D('',#3210,#3211,#3212);
#3210 = CARTESIAN_POINT('',(40.5,126.5,1.));
#3211 = DIRECTION('',(0.,1.,0.));
#3212 = DIRECTION('',(-1.,0.,0.));
#3213 = ADVANCED_FACE('',(#3214),#3230,.T.);
#3214 = FACE_BOUND('',#3215,.T.);
#3215 = EDGE_LOOP('',(#3216,#3222,#3223,#3229));
#3216 = ORIENTED_EDGE('',*,*,#3217,.F.);
#3217 = EDGE_CURVE('',#1067,#2740,#3218,.T.);
#3218 = LINE('',#3219,#3220);
#3219 = CARTESIAN_POINT('',(44.5,126.5,1.));
#3220 = VECTOR('',#3221,1.);
#3221 = DIRECTION('',(-0.,-0.,-1.));
#3222 = ORIENTED_EDGE('',*,*,#1074,.F.);
#3223 = ORIENTED_EDGE('',*,*,#3224,.T.);
#3224 = EDGE_CURVE('',#1058,#2742,#3225,.T.);
#3225 = LINE('',#3226,#3227);
#3226 = CARTESIAN_POINT('',(44.5,11.5,1.));
#3227 = VECTOR('',#3228,1.);
#3228 = DIRECTION('',(-0.,-0.,-1.));
#3229 = ORIENTED_EDGE('',*,*,#2739,.F.);
#3230 = PLANE('',#3231);
#3231 = AXIS2_PLACEMENT_3D('',#3232,#3233,#3234);
#3232 = CARTESIAN_POINT('',(44.5,11.5,1.));
#3233 = DIRECTION('',(1.,0.,0.));
#3234 = DIRECTION('',(0.,1.,0.));
#3235 = ADVANCED_FACE('',(#3236),#3247,.T.);
#3236 = FACE_BOUND('',#3237,.T.);
#3237 = EDGE_LOOP('',(#3238,#3239,#3240,#3246));
#3238 = ORIENTED_EDGE('',*,*,#3224,.F.);
#3239 = ORIENTED_EDGE('',*,*,#1098,.F.);
#3240 = ORIENTED_EDGE('',*,*,#3241,.T.);
#3241 = EDGE_CURVE('',#1089,#2758,#3242,.T.);
#3242 = LINE('',#3243,#3244);
#3243 = CARTESIAN_POINT('',(45.5,11.5,1.));
#3244 = VECTOR('',#3245,1.);
#3245 = DIRECTION('',(-0.,-0.,-1.));
#3246 = ORIENTED_EDGE('',*,*,#2765,.F.);
#3247 = PLANE('',#3248);
#3248 = AXIS2_PLACEMENT_3D('',#3249,#3250,#3251);
#3249 = CARTESIAN_POINT('',(45.5,11.5,1.));
#3250 = DIRECTION('',(0.,1.,0.));
#3251 = DIRECTION('',(-1.,0.,0.));
#3252 = ADVANCED_FACE('',(#3253),#3264,.T.);
#3253 = FACE_BOUND('',#3254,.T.);
#3254 = EDGE_LOOP('',(#3255,#3261,#3262,#3263));
#3255 = ORIENTED_EDGE('',*,*,#3256,.F.);
#3256 = EDGE_CURVE('',#1115,#2750,#3257,.T.);
#3257 = LINE('',#3258,#3259);
#3258 = CARTESIAN_POINT('',(45.5,126.5,1.));
#3259 = VECTOR('',#3260,1.);
#3260 = DIRECTION('',(-0.,-0.,-1.));
#3261 = ORIENTED_EDGE('',*,*,#1122,.F.);
#3262 = ORIENTED_EDGE('',*,*,#3217,.T.);
#3263 = ORIENTED_EDGE('',*,*,#2749,.F.);
#3264 = PLANE('',#3265);
#3265 = AXIS2_PLACEMENT_3D('',#3266,#3267,#3268);
#3266 = CARTESIAN_POINT('',(44.5,126.5,1.));
#3267 = DIRECTION('',(0.,-1.,0.));
#3268 = DIRECTION('',(1.,0.,0.));
#3269 = ADVANCED_FACE('',(#3270),#3276,.T.);
#3270 = FACE_BOUND('',#3271,.T.);
#3271 = EDGE_LOOP('',(#3272,#3273,#3274,#3275));
#3272 = ORIENTED_EDGE('',*,*,#3241,.F.);
#3273 = ORIENTED_EDGE('',*,*,#1139,.F.);
#3274 = ORIENTED_EDGE('',*,*,#3256,.T.);
#3275 = ORIENTED_EDGE('',*,*,#2757,.F.);
#3276 = PLANE('',#3277);
#3277 = AXIS2_PLACEMENT_3D('',#3278,#3279,#3280);
#3278 = CARTESIAN_POINT('',(45.5,126.5,1.));
#3279 = DIRECTION('',(-1.,0.,0.));
#3280 = DIRECTION('',(0.,-1.,0.));
#3281 = ADVANCED_FACE('',(#3282),#3293,.F.);
#3282 = FACE_BOUND('',#3283,.F.);
#3283 = EDGE_LOOP('',(#3284,#3290,#3291,#3292));
#3284 = ORIENTED_EDGE('',*,*,#3285,.F.);
#3285 = EDGE_CURVE('',#1154,#2780,#3286,.T.);
#3286 = LINE('',#3287,#3288);
#3287 = CARTESIAN_POINT('',(51.,125.,1.));
#3288 = VECTOR('',#3289,1.);
#3289 = DIRECTION('',(-0.,-0.,-1.));
#3290 = ORIENTED_EDGE('',*,*,#1163,.F.);
#3291 = ORIENTED_EDGE('',*,*,#3285,.T.);
#3292 = ORIENTED_EDGE('',*,*,#2779,.T.);
#3293 = CYLINDRICAL_SURFACE('',#3294,1.);
#3294 = AXIS2_PLACEMENT_3D('',#3295,#3296,#3297);
#3295 = CARTESIAN_POINT('',(50.,125.,1.));
#3296 = DIRECTION('',(0.,0.,1.));
#3297 = DIRECTION('',(1.,0.,0.));
#3298 = ADVANCED_FACE('',(#3299),#3310,.F.);
#3299 = FACE_BOUND('',#3300,.F.);
#3300 = EDGE_LOOP('',(#3301,#3307,#3308,#3309));
#3301 = ORIENTED_EDGE('',*,*,#3302,.F.);
#3302 = EDGE_CURVE('',#1179,#2568,#3303,.T.);
#3303 = LINE('',#3304,#3305);
#3304 = CARTESIAN_POINT('',(51.,13.,1.));
#3305 = VECTOR('',#3306,1.);
#3306 = DIRECTION('',(-0.,-0.,-1.));
#3307 = ORIENTED_EDGE('',*,*,#1188,.F.);
#3308 = ORIENTED_EDGE('',*,*,#3302,.T.);
#3309 = ORIENTED_EDGE('',*,*,#2567,.T.);
#3310 = CYLINDRICAL_SURFACE('',#3311,1.);
#3311 = AXIS2_PLACEMENT_3D('',#3312,#3313,#3314);
#3312 = CARTESIAN_POINT('',(50.,13.,1.));
#3313 = DIRECTION('',(0.,0.,1.));
#3314 = DIRECTION('',(1.,0.,0.));
#3315 = ADVANCED_FACE('',(#3316),#3327,.F.);
#3316 = FACE_BOUND('',#3317,.F.);
#3317 = EDGE_LOOP('',(#3318,#3324,#3325,#3326));
#3318 = ORIENTED_EDGE('',*,*,#3319,.F.);
#3319 = EDGE_CURVE('',#1204,#2967,#3320,.T.);
#3320 = LINE('',#3321,#3322);
#3321 = CARTESIAN_POINT('',(101.,125.,1.));
#3322 = VECTOR('',#3323,1.);
#3323 = DIRECTION('',(-0.,-0.,-1.));
#3324 = ORIENTED_EDGE('',*,*,#1213,.F.);
#3325 = ORIENTED_EDGE('',*,*,#3319,.T.);
#3326 = ORIENTED_EDGE('',*,*,#2966,.T.);
#3327 = CYLINDRICAL_SURFACE('',#3328,1.);
#3328 = AXIS2_PLACEMENT_3D('',#3329,#3330,#3331);
#3329 = CARTESIAN_POINT('',(100.,125.,1.));
#3330 = DIRECTION('',(0.,0.,1.));
#3331 = DIRECTION('',(1.,0.,0.));
#3332 = ADVANCED_FACE('',(#3333),#3349,.F.);
#3333 = FACE_BOUND('',#3334,.F.);
#3334 = EDGE_LOOP('',(#3335,#3341,#3342,#3348));
#3335 = ORIENTED_EDGE('',*,*,#3336,.F.);
#3336 = EDGE_CURVE('',#1238,#2801,#3337,.T.);
#3337 = LINE('',#3338,#3339);
#3338 = CARTESIAN_POINT('',(105.5,11.5,1.));
#3339 = VECTOR('',#3340,1.);
#3340 = DIRECTION('',(-0.,-0.,-1.));
#3341 = ORIENTED_EDGE('',*,*,#1245,.F.);
#3342 = ORIENTED_EDGE('',*,*,#3343,.T.);
#3343 = EDGE_CURVE('',#1229,#2809,#3344,.T.);
#3344 = LINE('',#3345,#3346);
#3345 = CARTESIAN_POINT('',(104.5,11.5,1.));
#3346 = VECTOR('',#3347,1.);
#3347 = DIRECTION('',(-0.,-0.,-1.));
#3348 = ORIENTED_EDGE('',*,*,#2808,.F.);
#3349 = PLANE('',#3350);
#3350 = AXIS2_PLACEMENT_3D('',#3351,#3352,#3353);
#3351 = CARTESIAN_POINT('',(104.5,11.5,1.));
#3352 = DIRECTION('',(0.,-1.,0.));
#3353 = DIRECTION('',(1.,0.,0.));
#3354 = ADVANCED_FACE('',(#3355),#3366,.F.);
#3355 = FACE_BOUND('',#3356,.F.);
#3356 = EDGE_LOOP('',(#3357,#3358,#3359,#3365));
#3357 = ORIENTED_EDGE('',*,*,#3343,.F.);
#3358 = ORIENTED_EDGE('',*,*,#1269,.F.);
#3359 = ORIENTED_EDGE('',*,*,#3360,.T.);
#3360 = EDGE_CURVE('',#1260,#2791,#3361,.T.);
#3361 = LINE('',#3362,#3363);
#3362 = CARTESIAN_POINT('',(104.5,126.5,1.));
#3363 = VECTOR('',#3364,1.);
#3364 = DIRECTION('',(-0.,-0.,-1.));
#3365 = ORIENTED_EDGE('',*,*,#2816,.F.);
#3366 = PLANE('',#3367);
#3367 = AXIS2_PLACEMENT_3D('',#3368,#3369,#3370);
#3368 = CARTESIAN_POINT('',(104.5,126.5,1.));
#3369 = DIRECTION('',(-1.,0.,0.));
#3370 = DIRECTION('',(0.,-1.,0.));
#3371 = ADVANCED_FACE('',(#3372),#3383,.F.);
#3372 = FACE_BOUND('',#3373,.F.);
#3373 = EDGE_LOOP('',(#3374,#3380,#3381,#3382));
#3374 = ORIENTED_EDGE('',*,*,#3375,.F.);
#3375 = EDGE_CURVE('',#1286,#2793,#3376,.T.);
#3376 = LINE('',#3377,#3378);
#3377 = CARTESIAN_POINT('',(105.5,126.5,1.));
#3378 = VECTOR('',#3379,1.);
#3379 = DIRECTION('',(-0.,-0.,-1.));
#3380 = ORIENTED_EDGE('',*,*,#1293,.F.);
#3381 = ORIENTED_EDGE('',*,*,#3336,.T.);
#3382 = ORIENTED_EDGE('',*,*,#2800,.F.);
#3383 = PLANE('',#3384);
#3384 = AXIS2_PLACEMENT_3D('',#3385,#3386,#3387);
#3385 = CARTESIAN_POINT('',(105.5,11.5,1.));
#3386 = DIRECTION('',(1.,0.,0.));
#3387 = DIRECTION('',(0.,1.,0.));
#3388 = ADVANCED_FACE('',(#3389),#3395,.F.);
#3389 = FACE_BOUND('',#3390,.F.);
#3390 = EDGE_LOOP('',(#3391,#3392,#3393,#3394));
#3391 = ORIENTED_EDGE('',*,*,#3360,.F.);
#3392 = ORIENTED_EDGE('',*,*,#1310,.F.);
#3393 = ORIENTED_EDGE('',*,*,#3375,.T.);
#3394 = ORIENTED_EDGE('',*,*,#2790,.F.);
#3395 = PLANE('',#3396);
#3396 = AXIS2_PLACEMENT_3D('',#3397,#3398,#3399);
#3397 = CARTESIAN_POINT('',(105.5,126.5,1.));
#3398 = DIRECTION('',(0.,1.,0.));
#3399 = DIRECTION('',(-1.,0.,0.));
#3400 = ADVANCED_FACE('',(#3401),#3417,.F.);
#3401 = FACE_BOUND('',#3402,.F.);
#3402 = EDGE_LOOP('',(#3403,#3409,#3410,#3416));
#3403 = ORIENTED_EDGE('',*,*,#3404,.F.);
#3404 = EDGE_CURVE('',#1334,#2835,#3405,.T.);
#3405 = LINE('',#3406,#3407);
#3406 = CARTESIAN_POINT('',(110.5,11.5,1.));
#3407 = VECTOR('',#3408,1.);
#3408 = DIRECTION('',(-0.,-0.,-1.));
#3409 = ORIENTED_EDGE('',*,*,#1341,.F.);
#3410 = ORIENTED_EDGE('',*,*,#3411,.T.);
#3411 = EDGE_CURVE('',#1325,#2843,#3412,.T.);
#3412 = LINE('',#3413,#3414);
#3413 = CARTESIAN_POINT('',(109.5,11.5,1.));
#3414 = VECTOR('',#3415,1.);
#3415 = DIRECTION('',(-0.,-0.,-1.));
#3416 = ORIENTED_EDGE('',*,*,#2842,.F.);
#3417 = PLANE('',#3418);
#3418 = AXIS2_PLACEMENT_3D('',#3419,#3420,#3421);
#3419 = CARTESIAN_POINT('',(109.5,11.5,1.));
#3420 = DIRECTION('',(0.,-1.,0.));
#3421 = DIRECTION('',(1.,0.,0.));
#3422 = ADVANCED_FACE('',(#3423),#3434,.F.);
#3423 = FACE_BOUND('',#3424,.F.);
#3424 = EDGE_LOOP('',(#3425,#3426,#3427,#3433));
#3425 = ORIENTED_EDGE('',*,*,#3411,.F.);
#3426 = ORIENTED_EDGE('',*,*,#1365,.F.);
#3427 = ORIENTED_EDGE('',*,*,#3428,.T.);
#3428 = EDGE_CURVE('',#1356,#2825,#3429,.T.);
#3429 = LINE('',#3430,#3431);
#3430 = CARTESIAN_POINT('',(109.5,126.5,1.));
#3431 = VECTOR('',#3432,1.);
#3432 = DIRECTION('',(-0.,-0.,-1.));
#3433 = ORIENTED_EDGE('',*,*,#2850,.F.);
#3434 = PLANE('',#3435);
#3435 = AXIS2_PLACEMENT_3D('',#3436,#3437,#3438);
#3436 = CARTESIAN_POINT('',(109.5,126.5,1.));
#3437 = DIRECTION('',(-1.,0.,0.));
#3438 = DIRECTION('',(0.,-1.,0.));
#3439 = ADVANCED_FACE('',(#3440),#3451,.F.);
#3440 = FACE_BOUND('',#3441,.F.);
#3441 = EDGE_LOOP('',(#3442,#3448,#3449,#3450));
#3442 = ORIENTED_EDGE('',*,*,#3443,.F.);
#3443 = EDGE_CURVE('',#1382,#2827,#3444,.T.);
#3444 = LINE('',#3445,#3446);
#3445 = CARTESIAN_POINT('',(110.5,126.5,1.));
#3446 = VECTOR('',#3447,1.);
#3447 = DIRECTION('',(-0.,-0.,-1.));
#3448 = ORIENTED_EDGE('',*,*,#1389,.F.);
#3449 = ORIENTED_EDGE('',*,*,#3404,.T.);
#3450 = ORIENTED_EDGE('',*,*,#2834,.F.);
#3451 = PLANE('',#3452);
#3452 = AXIS2_PLACEMENT_3D('',#3453,#3454,#3455);
#3453 = CARTESIAN_POINT('',(110.5,11.5,1.));
#3454 = DIRECTION('',(1.,0.,0.));
#3455 = DIRECTION('',(0.,1.,0.));
#3456 = ADVANCED_FACE('',(#3457),#3463,.F.);
#3457 = FACE_BOUND('',#3458,.F.);
#3458 = EDGE_LOOP('',(#3459,#3460,#3461,#3462));
#3459 = ORIENTED_EDGE('',*,*,#3428,.F.);
#3460 = ORIENTED_EDGE('',*,*,#1406,.F.);
#3461 = ORIENTED_EDGE('',*,*,#3443,.T.);
#3462 = ORIENTED_EDGE('',*,*,#2824,.F.);
#3463 = PLANE('',#3464);
#3464 = AXIS2_PLACEMENT_3D('',#3465,#3466,#3467);
#3465 = CARTESIAN_POINT('',(110.5,126.5,1.));
#3466 = DIRECTION('',(0.,1.,0.));
#3467 = DIRECTION('',(-1.,0.,0.));
#3468 = ADVANCED_FACE('',(#3469),#3480,.F.);
#3469 = FACE_BOUND('',#3470,.F.);
#3470 = EDGE_LOOP('',(#3471,#3477,#3478,#3479));
#3471 = ORIENTED_EDGE('',*,*,#3472,.F.);
#3472 = EDGE_CURVE('',#1421,#2579,#3473,.T.);
#3473 = LINE('',#3474,#3475);
#3474 = CARTESIAN_POINT('',(101.,13.,1.));
#3475 = VECTOR('',#3476,1.);
#3476 = DIRECTION('',(-0.,-0.,-1.));
#3477 = ORIENTED_EDGE('',*,*,#1430,.F.);
#3478 = ORIENTED_EDGE('',*,*,#3472,.T.);
#3479 = ORIENTED_EDGE('',*,*,#2578,.T.);
#3480 = CYLINDRICAL_SURFACE('',#3481,1.);
#3481 = AXIS2_PLACEMENT_3D('',#3482,#3483,#3484);
#3482 = CARTESIAN_POINT('',(100.,13.,1.));
#3483 = DIRECTION('',(0.,0.,1.));
#3484 = DIRECTION('',(1.,0.,0.));
#3485 = ADVANCED_FACE('',(#3486),#3502,.F.);
#3486 = FACE_BOUND('',#3487,.F.);
#3487 = EDGE_LOOP('',(#3488,#3494,#3495,#3501));
#3488 = ORIENTED_EDGE('',*,*,#3489,.F.);
#3489 = EDGE_CURVE('',#1455,#2951,#3490,.T.);
#3490 = LINE('',#3491,#3492);
#3491 = CARTESIAN_POINT('',(138.98871212725,14.10154356662,1.));
#3492 = VECTOR('',#3493,1.);
#3493 = DIRECTION('',(-0.,-0.,-1.));
#3494 = ORIENTED_EDGE('',*,*,#1462,.F.);
#3495 = ORIENTED_EDGE('',*,*,#3496,.T.);
#3496 = EDGE_CURVE('',#1446,#2933,#3497,.T.);
#3497 = LINE('',#3498,#3499);
#3498 = CARTESIAN_POINT('',(144.74566731397,123.95079238962,1.));
#3499 = VECTOR('',#3500,1.);
#3500 = DIRECTION('',(-0.,-0.,-1.));
#3501 = ORIENTED_EDGE('',*,*,#2958,.F.);
#3502 = PLANE('',#3503);
#3503 = AXIS2_PLACEMENT_3D('',#3504,#3505,#3506);
#3504 = CARTESIAN_POINT('',(144.74566731397,123.95079238962,1.));
#3505 = DIRECTION('',(-0.998629534755,5.233595624294E-02,0.));
#3506 = DIRECTION('',(-5.233595624294E-02,-0.998629534755,0.));
#3507 = ADVANCED_FACE('',(#3508),#3519,.F.);
#3508 = FACE_BOUND('',#3509,.F.);
#3509 = EDGE_LOOP('',(#3510,#3511,#3512,#3518));
#3510 = ORIENTED_EDGE('',*,*,#3496,.F.);
#3511 = ORIENTED_EDGE('',*,*,#1486,.F.);
#3512 = ORIENTED_EDGE('',*,*,#3513,.T.);
#3513 = EDGE_CURVE('',#1477,#2935,#3514,.T.);
#3514 = LINE('',#3515,#3516);
#3515 = CARTESIAN_POINT('',(145.74429684873,123.89845643338,1.));
#3516 = VECTOR('',#3517,1.);
#3517 = DIRECTION('',(-0.,-0.,-1.));
#3518 = ORIENTED_EDGE('',*,*,#2932,.F.);
#3519 = PLANE('',#3520);
#3520 = AXIS2_PLACEMENT_3D('',#3521,#3522,#3523);
#3521 = CARTESIAN_POINT('',(145.74429684873,123.89845643338,1.));
#3522 = DIRECTION('',(5.233595624294E-02,0.998629534755,0.));
#3523 = DIRECTION('',(-0.998629534755,5.233595624294E-02,0.));
#3524 = ADVANCED_FACE('',(#3525),#3536,.F.);
#3525 = FACE_BOUND('',#3526,.F.);
#3526 = EDGE_LOOP('',(#3527,#3533,#3534,#3535));
#3527 = ORIENTED_EDGE('',*,*,#3528,.F.);
#3528 = EDGE_CURVE('',#1503,#2943,#3529,.T.);
#3529 = LINE('',#3530,#3531);
#3530 = CARTESIAN_POINT('',(139.987341662,14.049207610377,1.));
#3531 = VECTOR('',#3532,1.);
#3532 = DIRECTION('',(-0.,-0.,-1.));
#3533 = ORIENTED_EDGE('',*,*,#1510,.F.);
#3534 = ORIENTED_EDGE('',*,*,#3489,.T.);
#3535 = ORIENTED_EDGE('',*,*,#2950,.F.);
#3536 = PLANE('',#3537);
#3537 = AXIS2_PLACEMENT_3D('',#3538,#3539,#3540);
#3538 = CARTESIAN_POINT('',(138.98871212725,14.10154356662,1.));
#3539 = DIRECTION('',(-5.233595624294E-02,-0.998629534755,0.));
#3540 = DIRECTION('',(0.998629534755,-5.233595624294E-02,0.));
#3541 = ADVANCED_FACE('',(#3542),#3548,.F.);
#3542 = FACE_BOUND('',#3543,.F.);
#3543 = EDGE_LOOP('',(#3544,#3545,#3546,#3547));
#3544 = ORIENTED_EDGE('',*,*,#3513,.F.);
#3545 = ORIENTED_EDGE('',*,*,#1527,.F.);
#3546 = ORIENTED_EDGE('',*,*,#3528,.T.);
#3547 = ORIENTED_EDGE('',*,*,#2942,.F.);
#3548 = PLANE('',#3549);
#3549 = AXIS2_PLACEMENT_3D('',#3550,#3551,#3552);
#3550 = CARTESIAN_POINT('',(139.987341662,14.049207610377,1.));
#3551 = DIRECTION('',(0.998629534755,-5.233595624294E-02,0.));
#3552 = DIRECTION('',(5.233595624294E-02,0.998629534755,0.));
#3553 = ADVANCED_FACE('',(#3554),#3570,.T.);
#3554 = FACE_BOUND('',#3555,.T.);
#3555 = EDGE_LOOP('',(#3556,#3562,#3563,#3569));
#3556 = ORIENTED_EDGE('',*,*,#3557,.F.);
#3557 = EDGE_CURVE('',#1551,#2885,#3558,.T.);
#3558 = LINE('',#3559,#3560);
#3559 = CARTESIAN_POINT('',(114.85355339059,66.732233047034,1.));
#3560 = VECTOR('',#3561,1.);
#3561 = DIRECTION('',(-0.,-0.,-1.));
#3562 = ORIENTED_EDGE('',*,*,#1558,.F.);
#3563 = ORIENTED_EDGE('',*,*,#3564,.T.);
#3564 = EDGE_CURVE('',#1542,#2877,#3565,.T.);
#3565 = LINE('',#3566,#3567);
#3566 = CARTESIAN_POINT('',(115.56066017178,67.43933982822,1.));
#3567 = VECTOR('',#3568,1.);
#3568 = DIRECTION('',(-0.,-0.,-1.));
#3569 = ORIENTED_EDGE('',*,*,#2884,.F.);
#3570 = PLANE('',#3571);
#3571 = AXIS2_PLACEMENT_3D('',#3572,#3573,#3574);
#3572 = CARTESIAN_POINT('',(115.56066017178,67.43933982822,1.));
#3573 = DIRECTION('',(-0.707106781187,0.707106781187,0.));
#3574 = DIRECTION('',(-0.707106781187,-0.707106781187,0.));
#3575 = ADVANCED_FACE('',(#3576),#3587,.T.);
#3576 = FACE_BOUND('',#3577,.T.);
#3577 = EDGE_LOOP('',(#3578,#3579,#3580,#3586));
#3578 = ORIENTED_EDGE('',*,*,#3564,.F.);
#3579 = ORIENTED_EDGE('',*,*,#1582,.F.);
#3580 = ORIENTED_EDGE('',*,*,#3581,.T.);
#3581 = EDGE_CURVE('',#1573,#2869,#3582,.T.);
#3582 = LINE('',#3583,#3584);
#3583 = CARTESIAN_POINT('',(114.5,68.5,1.));
#3584 = VECTOR('',#3585,1.);
#3585 = DIRECTION('',(-0.,-0.,-1.));
#3586 = ORIENTED_EDGE('',*,*,#2876,.F.);
#3587 = PLANE('',#3588);
#3588 = AXIS2_PLACEMENT_3D('',#3589,#3590,#3591);
#3589 = CARTESIAN_POINT('',(114.5,68.5,1.));
#3590 = DIRECTION('',(-0.707106781187,-0.707106781187,0.));
#3591 = DIRECTION('',(0.707106781187,-0.707106781187,0.));
#3592 = ADVANCED_FACE('',(#3593),#3604,.T.);
#3593 = FACE_BOUND('',#3594,.T.);
#3594 = EDGE_LOOP('',(#3595,#3601,#3602,#3603));
#3595 = ORIENTED_EDGE('',*,*,#3596,.F.);
#3596 = EDGE_CURVE('',#1599,#2893,#3597,.T.);
#3597 = LINE('',#3598,#3599);
#3598 = CARTESIAN_POINT('',(112.5,69.,1.));
#3599 = VECTOR('',#3600,1.);
#3600 = DIRECTION('',(-0.,-0.,-1.));
#3601 = ORIENTED_EDGE('',*,*,#1606,.F.);
#3602 = ORIENTED_EDGE('',*,*,#3557,.T.);
#3603 = ORIENTED_EDGE('',*,*,#2892,.F.);
#3604 = PLANE('',#3605);
#3605 = AXIS2_PLACEMENT_3D('',#3606,#3607,#3608);
#3606 = CARTESIAN_POINT('',(114.85355339059,66.732233047034,1.));
#3607 = DIRECTION('',(0.693861086009,0.72010887602,0.));
#3608 = DIRECTION('',(-0.72010887602,0.693861086009,0.));
#3609 = ADVANCED_FACE('',(#3610),#3621,.T.);
#3610 = FACE_BOUND('',#3611,.T.);
#3611 = EDGE_LOOP('',(#3612,#3613,#3614,#3620));
#3612 = ORIENTED_EDGE('',*,*,#3581,.F.);
#3613 = ORIENTED_EDGE('',*,*,#1630,.F.);
#3614 = ORIENTED_EDGE('',*,*,#3615,.T.);
#3615 = EDGE_CURVE('',#1621,#2859,#3616,.T.);
#3616 = LINE('',#3617,#3618);
#3617 = CARTESIAN_POINT('',(117.5,68.5,1.));
#3618 = VECTOR('',#3619,1.);
#3619 = DIRECTION('',(-0.,-0.,-1.));
#3620 = ORIENTED_EDGE('',*,*,#2868,.F.);
#3621 = PLANE('',#3622);
#3622 = AXIS2_PLACEMENT_3D('',#3623,#3624,#3625);
#3623 = CARTESIAN_POINT('',(117.5,68.5,1.));
#3624 = DIRECTION('',(0.,1.,0.));
#3625 = DIRECTION('',(-1.,0.,0.));
#3626 = ADVANCED_FACE('',(#3627),#3638,.T.);
#3627 = FACE_BOUND('',#3628,.T.);
#3628 = EDGE_LOOP('',(#3629,#3635,#3636,#3637));
#3629 = ORIENTED_EDGE('',*,*,#3630,.F.);
#3630 = EDGE_CURVE('',#1647,#2901,#3631,.T.);
#3631 = LINE('',#3632,#3633);
#3632 = CARTESIAN_POINT('',(114.85355339059,71.267766952966,1.));
#3633 = VECTOR('',#3634,1.);
#3634 = DIRECTION('',(-0.,-0.,-1.));
#3635 = ORIENTED_EDGE('',*,*,#1654,.F.);
#3636 = ORIENTED_EDGE('',*,*,#3596,.T.);
#3637 = ORIENTED_EDGE('',*,*,#2900,.F.);
#3638 = PLANE('',#3639);
#3639 = AXIS2_PLACEMENT_3D('',#3640,#3641,#3642);
#3640 = CARTESIAN_POINT('',(112.5,69.,1.));
#3641 = DIRECTION('',(0.693861086009,-0.72010887602,0.));
#3642 = DIRECTION('',(0.72010887602,0.693861086009,0.));
#3643 = ADVANCED_FACE('',(#3644),#3655,.T.);
#3644 = FACE_BOUND('',#3645,.T.);
#3645 = EDGE_LOOP('',(#3646,#3647,#3648,#3654));
#3646 = ORIENTED_EDGE('',*,*,#3615,.F.);
#3647 = ORIENTED_EDGE('',*,*,#1678,.F.);
#3648 = ORIENTED_EDGE('',*,*,#3649,.T.);
#3649 = EDGE_CURVE('',#1669,#2861,#3650,.T.);
#3650 = LINE('',#3651,#3652);
#3651 = CARTESIAN_POINT('',(117.5,69.5,1.));
#3652 = VECTOR('',#3653,1.);
#3653 = DIRECTION('',(-0.,-0.,-1.));
#3654 = ORIENTED_EDGE('',*,*,#2858,.F.);
#3655 = PLANE('',#3656);
#3656 = AXIS2_PLACEMENT_3D('',#3657,#3658,#3659);
#3657 = CARTESIAN_POINT('',(117.5,69.5,1.));
#3658 = DIRECTION('',(-1.,0.,0.));
#3659 = DIRECTION('',(0.,-1.,0.));
#3660 = ADVANCED_FACE('',(#3661),#3672,.T.);
#3661 = FACE_BOUND('',#3662,.T.);
#3662 = EDGE_LOOP('',(#3663,#3669,#3670,#3671));
#3663 = ORIENTED_EDGE('',*,*,#3664,.F.);
#3664 = EDGE_CURVE('',#1695,#2909,#3665,.T.);
#3665 = LINE('',#3666,#3667);
#3666 = CARTESIAN_POINT('',(115.56066017178,70.56066017178,1.));
#3667 = VECTOR('',#3668,1.);
#3668 = DIRECTION('',(-0.,-0.,-1.));
#3669 = ORIENTED_EDGE('',*,*,#1702,.F.);
#3670 = ORIENTED_EDGE('',*,*,#3630,.T.);
#3671 = ORIENTED_EDGE('',*,*,#2908,.F.);
#3672 = PLANE('',#3673);
#3673 = AXIS2_PLACEMENT_3D('',#3674,#3675,#3676);
#3674 = CARTESIAN_POINT('',(114.85355339059,71.267766952966,1.));
#3675 = DIRECTION('',(-0.707106781187,-0.707106781187,0.));
#3676 = DIRECTION('',(0.707106781187,-0.707106781187,0.));
#3677 = ADVANCED_FACE('',(#3678),#3689,.T.);
#3678 = FACE_BOUND('',#3679,.T.);
#3679 = EDGE_LOOP('',(#3680,#3681,#3682,#3688));
#3680 = ORIENTED_EDGE('',*,*,#3649,.F.);
#3681 = ORIENTED_EDGE('',*,*,#1726,.F.);
#3682 = ORIENTED_EDGE('',*,*,#3683,.T.);
#3683 = EDGE_CURVE('',#1717,#2917,#3684,.T.);
#3684 = LINE('',#3685,#3686);
#3685 = CARTESIAN_POINT('',(114.5,69.5,1.));
#3686 = VECTOR('',#3687,1.);
#3687 = DIRECTION('',(-0.,-0.,-1.));
#3688 = ORIENTED_EDGE('',*,*,#2924,.F.);
#3689 = PLANE('',#3690);
#3690 = AXIS2_PLACEMENT_3D('',#3691,#3692,#3693);
#3691 = CARTESIAN_POINT('',(114.5,69.5,1.));
#3692 = DIRECTION('',(0.,-1.,0.));
#3693 = DIRECTION('',(1.,0.,0.));
#3694 = ADVANCED_FACE('',(#3695),#3701,.T.);
#3695 = FACE_BOUND('',#3696,.T.);
#3696 = EDGE_LOOP('',(#3697,#3698,#3699,#3700));
#3697 = ORIENTED_EDGE('',*,*,#3683,.F.);
#3698 = ORIENTED_EDGE('',*,*,#1743,.F.);
#3699 = ORIENTED_EDGE('',*,*,#3664,.T.);
#3700 = ORIENTED_EDGE('',*,*,#2916,.F.);
#3701 = PLANE('',#3702);
#3702 = AXIS2_PLACEMENT_3D('',#3703,#3704,#3705);
#3703 = CARTESIAN_POINT('',(115.56066017178,70.56066017178,1.));
#3704 = DIRECTION('',(-0.707106781187,0.707106781187,0.));
#3705 = DIRECTION('',(-0.707106781187,-0.707106781187,0.));
#3706 = ADVANCED_FACE('',(#3707),#3723,.F.);
#3707 = FACE_BOUND('',#3708,.F.);
#3708 = EDGE_LOOP('',(#3709,#3715,#3716,#3722));
#3709 = ORIENTED_EDGE('',*,*,#3710,.F.);
#3710 = EDGE_CURVE('',#1767,#2632,#3711,.T.);
#3711 = LINE('',#3712,#3713);
#3712 = CARTESIAN_POINT('',(35.5,68.5,1.));
#3713 = VECTOR('',#3714,1.);
#3714 = DIRECTION('',(-0.,-0.,-1.));
#3715 = ORIENTED_EDGE('',*,*,#1774,.F.);
#3716 = ORIENTED_EDGE('',*,*,#3717,.T.);
#3717 = EDGE_CURVE('',#1758,#2634,#3718,.T.);
#3718 = LINE('',#3719,#3720);
#3719 = CARTESIAN_POINT('',(32.5,68.5,1.));
#3720 = VECTOR('',#3721,1.);
#3721 = DIRECTION('',(-0.,-0.,-1.));
#3722 = ORIENTED_EDGE('',*,*,#2631,.F.);
#3723 = PLANE('',#3724);
#3724 = AXIS2_PLACEMENT_3D('',#3725,#3726,#3727);
#3725 = CARTESIAN_POINT('',(32.5,68.5,1.));
#3726 = DIRECTION('',(0.,-1.,0.));
#3727 = DIRECTION('',(1.,0.,0.));
#3728 = ADVANCED_FACE('',(#3729),#3740,.F.);
#3729 = FACE_BOUND('',#3730,.F.);
#3730 = EDGE_LOOP('',(#3731,#3732,#3733,#3739));
#3731 = ORIENTED_EDGE('',*,*,#3717,.F.);
#3732 = ORIENTED_EDGE('',*,*,#1798,.F.);
#3733 = ORIENTED_EDGE('',*,*,#3734,.T.);
#3734 = EDGE_CURVE('',#1789,#2642,#3735,.T.);
#3735 = LINE('',#3736,#3737);
#3736 = CARTESIAN_POINT('',(32.5,69.5,1.));
#3737 = VECTOR('',#3738,1.);
#3738 = DIRECTION('',(-0.,-0.,-1.));
#3739 = ORIENTED_EDGE('',*,*,#2641,.F.);
#3740 = PLANE('',#3741);
#3741 = AXIS2_PLACEMENT_3D('',#3742,#3743,#3744);
#3742 = CARTESIAN_POINT('',(32.5,69.5,1.));
#3743 = DIRECTION('',(-1.,0.,0.));
#3744 = DIRECTION('',(0.,-1.,0.));
#3745 = ADVANCED_FACE('',(#3746),#3757,.F.);
#3746 = FACE_BOUND('',#3747,.F.);
#3747 = EDGE_LOOP('',(#3748,#3754,#3755,#3756));
#3748 = ORIENTED_EDGE('',*,*,#3749,.F.);
#3749 = EDGE_CURVE('',#1815,#2690,#3750,.T.);
#3750 = LINE('',#3751,#3752);
#3751 = CARTESIAN_POINT('',(34.43933982822,67.43933982822,1.));
#3752 = VECTOR('',#3753,1.);
#3753 = DIRECTION('',(-0.,-0.,-1.));
#3754 = ORIENTED_EDGE('',*,*,#1822,.F.);
#3755 = ORIENTED_EDGE('',*,*,#3710,.T.);
#3756 = ORIENTED_EDGE('',*,*,#2697,.F.);
#3757 = PLANE('',#3758);
#3758 = AXIS2_PLACEMENT_3D('',#3759,#3760,#3761);
#3759 = CARTESIAN_POINT('',(35.5,68.5,1.));
#3760 = DIRECTION('',(-0.707106781187,0.707106781187,0.));
#3761 = DIRECTION('',(-0.707106781187,-0.707106781187,0.));
#3762 = ADVANCED_FACE('',(#3763),#3774,.F.);
#3763 = FACE_BOUND('',#3764,.F.);
#3764 = EDGE_LOOP('',(#3765,#3766,#3767,#3773));
#3765 = ORIENTED_EDGE('',*,*,#3734,.F.);
#3766 = ORIENTED_EDGE('',*,*,#1846,.F.);
#3767 = ORIENTED_EDGE('',*,*,#3768,.T.);
#3768 = EDGE_CURVE('',#1837,#2650,#3769,.T.);
#3769 = LINE('',#3770,#3771);
#3770 = CARTESIAN_POINT('',(35.5,69.5,1.));
#3771 = VECTOR('',#3772,1.);
#3772 = DIRECTION('',(-0.,-0.,-1.));
#3773 = ORIENTED_EDGE('',*,*,#2649,.F.);
#3774 = PLANE('',#3775);
#3775 = AXIS2_PLACEMENT_3D('',#3776,#3777,#3778);
#3776 = CARTESIAN_POINT('',(35.5,69.5,1.));
#3777 = DIRECTION('',(0.,1.,0.));
#3778 = DIRECTION('',(-1.,0.,0.));
#3779 = ADVANCED_FACE('',(#3780),#3791,.F.);
#3780 = FACE_BOUND('',#3781,.F.);
#3781 = EDGE_LOOP('',(#3782,#3788,#3789,#3790));
#3782 = ORIENTED_EDGE('',*,*,#3783,.F.);
#3783 = EDGE_CURVE('',#1863,#2682,#3784,.T.);
#3784 = LINE('',#3785,#3786);
#3785 = CARTESIAN_POINT('',(35.146446609407,66.732233047034,1.));
#3786 = VECTOR('',#3787,1.);
#3787 = DIRECTION('',(-0.,-0.,-1.));
#3788 = ORIENTED_EDGE('',*,*,#1870,.F.);
#3789 = ORIENTED_EDGE('',*,*,#3749,.T.);
#3790 = ORIENTED_EDGE('',*,*,#2689,.F.);
#3791 = PLANE('',#3792);
#3792 = AXIS2_PLACEMENT_3D('',#3793,#3794,#3795);
#3793 = CARTESIAN_POINT('',(34.43933982822,67.43933982822,1.));
#3794 = DIRECTION('',(-0.707106781187,-0.707106781187,0.));
#3795 = DIRECTION('',(0.707106781187,-0.707106781187,0.));
#3796 = ADVANCED_FACE('',(#3797),#3808,.F.);
#3797 = FACE_BOUND('',#3798,.F.);
#3798 = EDGE_LOOP('',(#3799,#3800,#3801,#3807));
#3799 = ORIENTED_EDGE('',*,*,#3768,.F.);
#3800 = ORIENTED_EDGE('',*,*,#1894,.F.);
#3801 = ORIENTED_EDGE('',*,*,#3802,.T.);
#3802 = EDGE_CURVE('',#1885,#2658,#3803,.T.);
#3803 = LINE('',#3804,#3805);
#3804 = CARTESIAN_POINT('',(34.43933982822,70.56066017178,1.));
#3805 = VECTOR('',#3806,1.);
#3806 = DIRECTION('',(-0.,-0.,-1.));
#3807 = ORIENTED_EDGE('',*,*,#2657,.F.);
#3808 = PLANE('',#3809);
#3809 = AXIS2_PLACEMENT_3D('',#3810,#3811,#3812);
#3810 = CARTESIAN_POINT('',(34.43933982822,70.56066017178,1.));
#3811 = DIRECTION('',(-0.707106781187,-0.707106781187,0.));
#3812 = DIRECTION('',(0.707106781187,-0.707106781187,0.));
#3813 = ADVANCED_FACE('',(#3814),#3825,.F.);
#3814 = FACE_BOUND('',#3815,.F.);
#3815 = EDGE_LOOP('',(#3816,#3822,#3823,#3824));
#3816 = ORIENTED_EDGE('',*,*,#3817,.F.);
#3817 = EDGE_CURVE('',#1911,#2674,#3818,.T.);
#3818 = LINE('',#3819,#3820);
#3819 = CARTESIAN_POINT('',(37.5,69.,1.));
#3820 = VECTOR('',#3821,1.);
#3821 = DIRECTION('',(-0.,-0.,-1.));
#3822 = ORIENTED_EDGE('',*,*,#1918,.F.);
#3823 = ORIENTED_EDGE('',*,*,#3783,.T.);
#3824 = ORIENTED_EDGE('',*,*,#2681,.F.);
#3825 = PLANE('',#3826);
#3826 = AXIS2_PLACEMENT_3D('',#3827,#3828,#3829);
#3827 = CARTESIAN_POINT('',(35.146446609407,66.732233047034,1.));
#3828 = DIRECTION('',(0.693861086009,-0.72010887602,0.));
#3829 = DIRECTION('',(0.72010887602,0.693861086009,0.));
#3830 = ADVANCED_FACE('',(#3831),#3842,.F.);
#3831 = FACE_BOUND('',#3832,.F.);
#3832 = EDGE_LOOP('',(#3833,#3834,#3835,#3841));
#3833 = ORIENTED_EDGE('',*,*,#3802,.F.);
#3834 = ORIENTED_EDGE('',*,*,#1942,.F.);
#3835 = ORIENTED_EDGE('',*,*,#3836,.T.);
#3836 = EDGE_CURVE('',#1933,#2666,#3837,.T.);
#3837 = LINE('',#3838,#3839);
#3838 = CARTESIAN_POINT('',(35.146446609407,71.267766952966,1.));
#3839 = VECTOR('',#3840,1.);
#3840 = DIRECTION('',(-0.,-0.,-1.));
#3841 = ORIENTED_EDGE('',*,*,#2665,.F.);
#3842 = PLANE('',#3843);
#3843 = AXIS2_PLACEMENT_3D('',#3844,#3845,#3846);
#3844 = CARTESIAN_POINT('',(35.146446609407,71.267766952966,1.));
#3845 = DIRECTION('',(-0.707106781187,0.707106781187,0.));
#3846 = DIRECTION('',(-0.707106781187,-0.707106781187,0.));
#3847 = ADVANCED_FACE('',(#3848),#3854,.F.);
#3848 = FACE_BOUND('',#3849,.F.);
#3849 = EDGE_LOOP('',(#3850,#3851,#3852,#3853));
#3850 = ORIENTED_EDGE('',*,*,#3836,.F.);
#3851 = ORIENTED_EDGE('',*,*,#1959,.F.);
#3852 = ORIENTED_EDGE('',*,*,#3817,.T.);
#3853 = ORIENTED_EDGE('',*,*,#2673,.F.);
#3854 = PLANE('',#3855);
#3855 = AXIS2_PLACEMENT_3D('',#3856,#3857,#3858);
#3856 = CARTESIAN_POINT('',(37.5,69.,1.));
#3857 = DIRECTION('',(0.693861086009,0.72010887602,0.));
#3858 = DIRECTION('',(-0.72010887602,0.693861086009,0.));
#3859 = ADVANCED_FACE('',(#3860),#3876,.F.);
#3860 = FACE_BOUND('',#3861,.F.);
#3861 = EDGE_LOOP('',(#3862,#3868,#3869,#3875));
#3862 = ORIENTED_EDGE('',*,*,#3863,.F.);
#3863 = EDGE_CURVE('',#1984,#2997,#3864,.T.);
#3864 = LINE('',#3865,#3866);
#3865 = CARTESIAN_POINT('',(141.30548186098,133.79583152331,1.));
#3866 = VECTOR('',#3867,1.);
#3867 = DIRECTION('',(-0.,-0.,-1.));
#3868 = ORIENTED_EDGE('',*,*,#1992,.F.);
#3869 = ORIENTED_EDGE('',*,*,#3870,.T.);
#3870 = EDGE_CURVE('',#1974,#2980,#3871,.T.);
#3871 = LINE('',#3872,#3873);
#3872 = CARTESIAN_POINT('',(146.28799559676,128.59065617502,1.));
#3873 = VECTOR('',#3874,1.);
#3874 = DIRECTION('',(-0.,-0.,-1.));
#3875 = ORIENTED_EDGE('',*,*,#3004,.T.);
#3876 = CYLINDRICAL_SURFACE('',#3877,4.8);
#3877 = AXIS2_PLACEMENT_3D('',#3878,#3879,#3880);
#3878 = CARTESIAN_POINT('',(141.50548186098,129.,1.));
#3879 = DIRECTION('',(0.,0.,1.));
#3880 = DIRECTION('',(1.,0.,0.));
#3881 = ADVANCED_FACE('',(#3882),#3893,.T.);
#3882 = FACE_BOUND('',#3883,.T.);
#3883 = EDGE_LOOP('',(#3884,#3890,#3891,#3892));
#3884 = ORIENTED_EDGE('',*,*,#3885,.F.);
#3885 = EDGE_CURVE('',#2010,#2978,#3886,.T.);
#3886 = LINE('',#3887,#3888);
#3887 = CARTESIAN_POINT('',(144.98146195772,128.59065617502,1.));
#3888 = VECTOR('',#3889,1.);
#3889 = DIRECTION('',(-0.,-0.,-1.));
#3890 = ORIENTED_EDGE('',*,*,#2018,.F.);
#3891 = ORIENTED_EDGE('',*,*,#3870,.T.);
#3892 = ORIENTED_EDGE('',*,*,#2977,.F.);
#3893 = PLANE('',#3894);
#3894 = AXIS2_PLACEMENT_3D('',#3895,#3896,#3897);
#3895 = CARTESIAN_POINT('',(146.28799559676,128.59065617502,1.));
#3896 = DIRECTION('',(0.,1.,0.));
#3897 = DIRECTION('',(-1.,0.,0.));
#3898 = ADVANCED_FACE('',(#3899),#3910,.F.);
#3899 = FACE_BOUND('',#3900,.F.);
#3900 = EDGE_LOOP('',(#3901,#3907,#3908,#3909));
#3901 = ORIENTED_EDGE('',*,*,#3902,.F.);
#3902 = EDGE_CURVE('',#2035,#2988,#3903,.T.);
#3903 = LINE('',#3904,#3905);
#3904 = CARTESIAN_POINT('',(141.30548186098,132.49428104193,1.));
#3905 = VECTOR('',#3906,1.);
#3906 = DIRECTION('',(-0.,-0.,-1.));
#3907 = ORIENTED_EDGE('',*,*,#2045,.F.);
#3908 = ORIENTED_EDGE('',*,*,#3863,.T.);
#3909 = ORIENTED_EDGE('',*,*,#2996,.F.);
#3910 = PLANE('',#3911);
#3911 = AXIS2_PLACEMENT_3D('',#3912,#3913,#3914);
#3912 = CARTESIAN_POINT('',(141.30548186098,133.79583152331,1.));
#3913 = DIRECTION('',(-1.,0.,0.));
#3914 = DIRECTION('',(0.,-1.,0.));
#3915 = ADVANCED_FACE('',(#3916),#3922,.T.);
#3916 = FACE_BOUND('',#3917,.T.);
#3917 = EDGE_LOOP('',(#3918,#3919,#3920,#3921));
#3918 = ORIENTED_EDGE('',*,*,#3902,.F.);
#3919 = ORIENTED_EDGE('',*,*,#2062,.F.);
#3920 = ORIENTED_EDGE('',*,*,#3885,.T.);
#3921 = ORIENTED_EDGE('',*,*,#2987,.T.);
#3922 = CYLINDRICAL_SURFACE('',#3923,3.5);
#3923 = AXIS2_PLACEMENT_3D('',#3924,#3925,#3926);
#3924 = CARTESIAN_POINT('',(141.50548186098,129.,1.));
#3925 = DIRECTION('',(0.,0.,1.));
#3926 = DIRECTION('',(1.,0.,0.));
#3927 = ADVANCED_FACE('',(#3928),#3944,.T.);
#3928 = FACE_BOUND('',#3929,.T.);
#3929 = EDGE_LOOP('',(#3930,#3936,#3937,#3943));
#3930 = ORIENTED_EDGE('',*,*,#3931,.F.);
#3931 = EDGE_CURVE('',#2090,#2609,#3932,.T.);
#3932 = LINE('',#3933,#3934);
#3933 = CARTESIAN_POINT('',(138.71653587455,8.990656175028,1.));
#3934 = VECTOR('',#3935,1.);
#3935 = DIRECTION('',(-0.,-0.,-1.));
#3936 = ORIENTED_EDGE('',*,*,#2098,.F.);
#3937 = ORIENTED_EDGE('',*,*,#3938,.T.);
#3938 = EDGE_CURVE('',#2078,#2601,#3939,.T.);
#3939 = LINE('',#3940,#3941);
#3940 = CARTESIAN_POINT('',(135.01654834701,5.505718958069,1.));
#3941 = VECTOR('',#3942,1.);
#3942 = DIRECTION('',(-0.,-0.,-1.));
#3943 = ORIENTED_EDGE('',*,*,#2608,.T.);
#3944 = CYLINDRICAL_SURFACE('',#3945,3.5);
#3945 = AXIS2_PLACEMENT_3D('',#3946,#3947,#3948);
#3946 = CARTESIAN_POINT('',(135.21654834701,9.,1.));
#3947 = DIRECTION('',(0.,0.,1.));
#3948 = DIRECTION('',(1.,0.,0.));
#3949 = ADVANCED_FACE('',(#3950),#3961,.F.);
#3950 = FACE_BOUND('',#3951,.F.);
#3951 = EDGE_LOOP('',(#3952,#3958,#3959,#3960));
#3952 = ORIENTED_EDGE('',*,*,#3953,.F.);
#3953 = EDGE_CURVE('',#2116,#2590,#3954,.T.);
#3954 = LINE('',#3955,#3956);
#3955 = CARTESIAN_POINT('',(135.01654834701,4.204168476687,1.));
#3956 = VECTOR('',#3957,1.);
#3957 = DIRECTION('',(-0.,-0.,-1.));
#3958 = ORIENTED_EDGE('',*,*,#2124,.F.);
#3959 = ORIENTED_EDGE('',*,*,#3938,.T.);
#3960 = ORIENTED_EDGE('',*,*,#2600,.F.);
#3961 = PLANE('',#3962);
#3962 = AXIS2_PLACEMENT_3D('',#3963,#3964,#3965);
#3963 = CARTESIAN_POINT('',(135.01654834701,5.505718958069,1.));
#3964 = DIRECTION('',(-1.,0.,0.));
#3965 = DIRECTION('',(0.,-1.,0.));
#3966 = ADVANCED_FACE('',(#3967),#3978,.F.);
#3967 = FACE_BOUND('',#3968,.F.);
#3968 = EDGE_LOOP('',(#3969,#3970,#3971,#3977));
#3969 = ORIENTED_EDGE('',*,*,#3931,.F.);
#3970 = ORIENTED_EDGE('',*,*,#2149,.F.);
#3971 = ORIENTED_EDGE('',*,*,#3972,.T.);
#3972 = EDGE_CURVE('',#2139,#2592,#3973,.T.);
#3973 = LINE('',#3974,#3975);
#3974 = CARTESIAN_POINT('',(140.01653925252,8.990656175028,1.));
#3975 = VECTOR('',#3976,1.);
#3976 = DIRECTION('',(-0.,-0.,-1.));
#3977 = ORIENTED_EDGE('',*,*,#2617,.F.);
#3978 = PLANE('',#3979);
#3979 = AXIS2_PLACEMENT_3D('',#3980,#3981,#3982);
#3980 = CARTESIAN_POINT('',(140.01653925252,8.990656175028,1.));
#3981 = DIRECTION('',(0.,1.,0.));
#3982 = DIRECTION('',(-1.,0.,0.));
#3983 = ADVANCED_FACE('',(#3984),#3990,.F.);
#3984 = FACE_BOUND('',#3985,.F.);
#3985 = EDGE_LOOP('',(#3986,#3987,#3988,#3989));
#3986 = ORIENTED_EDGE('',*,*,#3972,.F.);
#3987 = ORIENTED_EDGE('',*,*,#2166,.F.);
#3988 = ORIENTED_EDGE('',*,*,#3953,.T.);
#3989 = ORIENTED_EDGE('',*,*,#2589,.T.);
#3990 = CYLINDRICAL_SURFACE('',#3991,4.8);
#3991 = AXIS2_PLACEMENT_3D('',#3992,#3993,#3994);
#3992 = CARTESIAN_POINT('',(135.21654834701,9.,1.));
#3993 = DIRECTION('',(0.,0.,1.));
#3994 = DIRECTION('',(1.,0.,0.));
#3995 = ADVANCED_FACE('',(#3996),#4012,.T.);
#3996 = FACE_BOUND('',#3997,.T.);
#3997 = EDGE_LOOP('',(#3998,#4004,#4005,#4011));
#3998 = ORIENTED_EDGE('',*,*,#3999,.F.);
#3999 = EDGE_CURVE('',#2192,#2532,#4000,.T.);
#4000 = LINE('',#4001,#4002);
#4001 = CARTESIAN_POINT('',(11.283464125443,8.990656175028,1.));
#4002 = VECTOR('',#4003,1.);
#4003 = DIRECTION('',(-0.,-0.,-1.));
#4004 = ORIENTED_EDGE('',*,*,#2202,.F.);
#4005 = ORIENTED_EDGE('',*,*,#4006,.T.);
#4006 = EDGE_CURVE('',#2182,#2534,#4007,.T.);
#4007 = LINE('',#4008,#4009);
#4008 = CARTESIAN_POINT('',(9.983460747478,8.990656175028,1.));
#4009 = VECTOR('',#4010,1.);
#4010 = DIRECTION('',(-0.,-0.,-1.));
#4011 = ORIENTED_EDGE('',*,*,#2531,.F.);
#4012 = PLANE('',#4013);
#4013 = AXIS2_PLACEMENT_3D('',#4014,#4015,#4016);
#4014 = CARTESIAN_POINT('',(9.983460747478,8.990656175028,1.));
#4015 = DIRECTION('',(0.,-1.,0.));
#4016 = DIRECTION('',(1.,0.,0.));
#4017 = ADVANCED_FACE('',(#4018),#4029,.F.);
#4018 = FACE_BOUND('',#4019,.F.);
#4019 = EDGE_LOOP('',(#4020,#4026,#4027,#4028));
#4020 = ORIENTED_EDGE('',*,*,#4021,.F.);
#4021 = EDGE_CURVE('',#2219,#2551,#4022,.T.);
#4022 = LINE('',#4023,#4024);
#4023 = CARTESIAN_POINT('',(14.983451652983,4.204168476687,1.));
#4024 = VECTOR('',#4025,1.);
#4025 = DIRECTION('',(-0.,-0.,-1.));
#4026 = ORIENTED_EDGE('',*,*,#2227,.F.);
#4027 = ORIENTED_EDGE('',*,*,#4006,.T.);
#4028 = ORIENTED_EDGE('',*,*,#2558,.T.);
#4029 = CYLINDRICAL_SURFACE('',#4030,4.8);
#4030 = AXIS2_PLACEMENT_3D('',#4031,#4032,#4033);
#4031 = CARTESIAN_POINT('',(14.783451652983,9.,1.));
#4032 = DIRECTION('',(0.,0.,1.));
#4033 = DIRECTION('',(1.,0.,0.));
#4034 = ADVANCED_FACE('',(#4035),#4046,.T.);
#4035 = FACE_BOUND('',#4036,.T.);
#4036 = EDGE_LOOP('',(#4037,#4043,#4044,#4045));
#4037 = ORIENTED_EDGE('',*,*,#4038,.F.);
#4038 = EDGE_CURVE('',#2245,#2542,#4039,.T.);
#4039 = LINE('',#4040,#4041);
#4040 = CARTESIAN_POINT('',(14.983451652983,5.505718958069,1.));
#4041 = VECTOR('',#4042,1.);
#4042 = DIRECTION('',(-0.,-0.,-1.));
#4043 = ORIENTED_EDGE('',*,*,#2253,.F.);
#4044 = ORIENTED_EDGE('',*,*,#3999,.T.);
#4045 = ORIENTED_EDGE('',*,*,#2541,.T.);
#4046 = CYLINDRICAL_SURFACE('',#4047,3.5);
#4047 = AXIS2_PLACEMENT_3D('',#4048,#4049,#4050);
#4048 = CARTESIAN_POINT('',(14.783451652983,9.,1.));
#4049 = DIRECTION('',(0.,0.,1.));
#4050 = DIRECTION('',(1.,0.,0.));
#4051 = ADVANCED_FACE('',(#4052),#4058,.T.);
#4052 = FACE_BOUND('',#4053,.T.);
#4053 = EDGE_LOOP('',(#4054,#4055,#4056,#4057));
#4054 = ORIENTED_EDGE('',*,*,#4021,.F.);
#4055 = ORIENTED_EDGE('',*,*,#2271,.F.);
#4056 = ORIENTED_EDGE('',*,*,#4038,.T.);
#4057 = ORIENTED_EDGE('',*,*,#2550,.F.);
#4058 = PLANE('',#4059);
#4059 = AXIS2_PLACEMENT_3D('',#4060,#4061,#4062);
#4060 = CARTESIAN_POINT('',(14.983451652983,5.505718958069,1.));
#4061 = DIRECTION('',(-1.,0.,0.));
#4062 = DIRECTION('',(0.,-1.,0.));
#4063 = ADVANCED_FACE('',(#4064),#4070,.F.);
#4064 = FACE_BOUND('',#4065,.F.);
#4065 = EDGE_LOOP('',(#4066,#4067,#4068,#4069));
#4066 = ORIENTED_EDGE('',*,*,#3093,.T.);
#4067 = ORIENTED_EDGE('',*,*,#3110,.T.);
#4068 = ORIENTED_EDGE('',*,*,#3132,.F.);
#4069 = ORIENTED_EDGE('',*,*,#2514,.F.);
#4070 = PLANE('',#4071);
#4071 = AXIS2_PLACEMENT_3D('',#4072,#4073,#4074);
#4072 = CARTESIAN_POINT('',(130.,133.2,0.));
#4073 = DIRECTION('',(0.,1.,0.));
#4074 = DIRECTION('',(-1.,0.,0.));
#4075 = ADVANCED_FACE('',(#4076),#4082,.T.);
#4076 = FACE_BOUND('',#4077,.T.);
#4077 = EDGE_LOOP('',(#4078,#4079,#4080,#4081));
#4078 = ORIENTED_EDGE('',*,*,#3069,.T.);
#4079 = ORIENTED_EDGE('',*,*,#3052,.T.);
#4080 = ORIENTED_EDGE('',*,*,#3019,.F.);
#4081 = ORIENTED_EDGE('',*,*,#2489,.F.);
#4082 = PLANE('',#4083);
#4083 = AXIS2_PLACEMENT_3D('',#4084,#4085,#4086);
#4084 = CARTESIAN_POINT('',(130.,4.8,0.));
#4085 = DIRECTION('',(0.,1.,0.));
#4086 = DIRECTION('',(-1.,0.,0.));
#4087 = ( GEOMETRIC_REPRESENTATION_CONTEXT(3) 
GLOBAL_UNCERTAINTY_ASSIGNED_CONTEXT((#4091)) 
GLOBAL_UNIT_ASSIGNED_CONTEXT((#4088,#4089,#4090)) REPRESENTATION_CONTEXT
('Context #1','3D Context with UNIT and UNCERTAINTY') );
#4088 = ( LENGTH_UNIT() NAMED_UNIT(*) SI_UNIT(.MILLI.,.METRE.) );
#4089 = ( NAMED_UNIT(*) PLANE_ANGLE_UNIT() SI_UNIT($,.RADIAN.) );
#4090 = ( NAMED_UNIT(*) SI_UNIT($,.STERADIAN.) SOLID_ANGLE_UNIT() );
#4091 = UNCERTAINTY_MEASURE_WITH_UNIT(LENGTH_MEASURE(2.E-05),#4088,
  'distance_accuracy_value','confusion accuracy');
#4092 = PRODUCT_RELATED_PRODUCT_CATEGORY('part',$,(#7));
#4093 = MECHANICAL_DESIGN_GEOMETRIC_PRESENTATION_REPRESENTATION('',(
    #4094),#4087);
#4094 = STYLED_ITEM('color',(#4095),#15);
#4095 = PRESENTATION_STYLE_ASSIGNMENT((#4096,#4102));
#4096 = SURFACE_STYLE_USAGE(.BOTH.,#4097);
#4097 = SURFACE_SIDE_STYLE('',(#4098));
#4098 = SURFACE_STYLE_FILL_AREA(#4099);
#4099 = FILL_AREA_STYLE('',(#4100));
#4100 = FILL_AREA_STYLE_COLOUR('',#4101);
#4101 = COLOUR_RGB('',0.800000010877,0.800000010877,0.800000010877);
#4102 = CURVE_STYLE('',#4103,POSITIVE_LENGTH_MEASURE(0.1),#4104);
#4103 = DRAUGHTING_PRE_DEFINED_CURVE_FONT('continuous');
#4104 = COLOUR_RGB('',9.803921802644E-02,9.803921802644E-02,
  9.803921802644E-02);
ENDSEC;
END-ISO-10303-21;
