ISO-10303-21;
HEADER;
FILE_DESCRIPTION(('FreeCAD Model'),'2;1');
FILE_NAME('Open CASCADE Shape Model','2025-12-06T12:46:58',(''),(''),
  'Open CASCADE STEP processor 7.9','FreeCAD','Unknown');
FILE_SCHEMA(('AUTOMOTIVE_DESIGN { 1 0 10303 214 1 1 1 1 }'));
ENDSEC;
DATA;
#1 = APPLICATION_PROTOCOL_DEFINITION('international standard',
  'automotive_design',2000,#2);
#2 = APPLICATION_CONTEXT(
  'core data for automotive mechanical design processes');
#3 = SHAPE_DEFINITION_REPRESENTATION(#4,#10);
#4 = PRODUCT_DEFINITION_SHAPE('','',#5);
#5 = PRODUCT_DEFINITION('design','',#6,#9);
#6 = PRODUCT_DEFINITION_FORMATION('','',#7);
#7 = PRODUCT('Body','Body','',(#8));
#8 = PRODUCT_CONTEXT('',#2,'mechanical');
#9 = PRODUCT_DEFINITION_CONTEXT('part definition',#2,'design');
#10 = ADVANCED_BREP_SHAPE_REPRESENTATION('',(#11,#15),#11363);
#11 = AXIS2_PLACEMENT_3D('',#12,#13,#14);
#12 = CARTESIAN_POINT('',(0.,0.,0.));
#13 = DIRECTION('',(0.,0.,1.));
#14 = DIRECTION('',(1.,0.,-0.));
#15 = MANIFOLD_SOLID_BREP('',#16);
#16 = CLOSED_SHELL('',(#17,#1895,#1926,#1950,#1974,#1998,#2022,#2046,
    #2070,#2094,#2111,#2142,#2166,#2190,#2214,#2238,#2262,#2286,#2310,
    #2327,#2358,#2382,#2406,#2430,#2454,#2478,#2502,#2526,#2543,#2574,
    #2598,#2622,#2646,#2670,#2694,#2718,#2742,#2759,#2790,#2814,#2838,
    #2862,#2886,#2903,#2966,#3054,#3142,#3191,#3222,#3246,#3270,#3294,
    #3318,#3342,#3366,#3390,#3414,#3438,#3462,#3479,#3510,#3534,#3558,
    #3582,#3606,#3630,#3654,#3678,#3702,#3726,#3750,#3774,#3798,#3822,
    #3846,#3863,#3894,#3918,#3942,#3966,#3990,#4014,#4038,#4062,#4086,
    #4110,#4134,#4158,#4182,#4206,#4230,#4247,#4278,#4302,#4326,#4350,
    #4374,#4398,#4422,#4446,#4470,#4494,#4518,#4535,#4566,#4590,#4614,
    #4638,#4662,#4686,#4710,#4734,#4758,#4782,#4806,#4823,#4854,#4878,
    #4902,#4926,#4950,#4974,#4998,#5022,#5046,#5070,#5094,#5118,#5142,
    #5166,#5190,#5207,#5238,#5262,#5286,#5310,#5334,#5358,#5382,#5406,
    #5430,#5454,#5478,#5502,#5526,#5550,#5574,#5598,#5622,#5646,#5670,
    #5687,#5718,#5742,#5766,#5790,#5814,#5831,#5856,#5886,#5910,#5932,
    #5949,#5979,#6001,#6025,#6042,#6067,#6098,#6122,#6146,#6170,#6194,
    #6211,#6236,#6261,#6286,#6317,#6341,#6365,#6382,#6413,#6437,#6461,
    #6478,#6503,#6528,#6553,#6578,#6603,#6628,#6653,#6678,#6703,#6734,
    #6758,#6782,#6799,#6830,#6854,#6878,#6895,#6926,#6950,#6974,#6998,
    #7022,#7039,#7070,#7094,#7118,#7142,#7166,#7183,#7214,#7238,#7262,
    #7279,#7310,#7334,#7358,#7375,#7400,#7425,#7456,#7480,#7504,#7528,
    #7552,#7576,#7600,#7624,#7641,#7672,#7696,#7720,#7744,#7768,#7792,
    #7816,#7840,#7857,#7888,#7912,#7936,#7960,#7984,#8008,#8032,#8056,
    #8073,#8104,#8128,#8152,#8176,#8200,#8224,#8248,#8272,#8289,#8320,
    #8344,#8368,#8392,#8416,#8433,#9467,#9491,#9533,#9550,#9574,#9616,
    #9633,#9657,#9699,#9716,#9740,#9782,#9799,#9823,#9865,#9882,#9906,
    #9948,#9965,#9982,#10004,#10021,#10038,#10050,#10072,#10089,#10106,
    #10118,#10135,#10157,#10174,#10191,#10208,#10225,#10237,#10254,
    #10271,#10288,#10310,#10327,#10344,#10356,#10378,#10395,#10412,
    #10424,#10441,#10458,#10475,#10492,#10509,#10526,#10543,#10560,
    #10577,#10599,#10616,#10633,#10645,#10667,#10684,#10701,#10713,
    #10735,#10752,#10769,#10786,#10803,#10815,#10837,#10854,#10871,
    #10888,#10905,#10917,#10939,#10956,#10973,#10985,#11007,#11024,
    #11041,#11053,#11070,#11087,#11104,#11121,#11133,#11150,#11167,
    #11179,#11196,#11213,#11225,#11242,#11259,#11271,#11288,#11305,
    #11317,#11334,#11351));
#17 = ADVANCED_FACE('',(#18,#92,#166,#240,#314,#364,#398,#496,#626,#756,
    #854,#952,#1082,#1244,#1294,#1305,#1338,#1371,#1382,#1432,#1443,
    #1454,#1465,#1499,#1533,#1544,#1555,#1566,#1577,#1588,#1599,#1610,
    #1621,#1632,#1666,#1700,#1750,#1800,#1834,#1868,#1879),#1890,.T.);
#18 = FACE_BOUND('',#19,.T.);
#19 = EDGE_LOOP('',(#20,#30,#38,#46,#54,#62,#70,#78,#86));
#20 = ORIENTED_EDGE('',*,*,#21,.T.);
#21 = EDGE_CURVE('',#22,#24,#26,.T.);
#22 = VERTEX_POINT('',#23);
#23 = CARTESIAN_POINT('',(39.,5.,1.));
#24 = VERTEX_POINT('',#25);
#25 = CARTESIAN_POINT('',(39.,7.292893218813,1.));
#26 = LINE('',#27,#28);
#27 = CARTESIAN_POINT('',(39.,5.5,1.));
#28 = VECTOR('',#29,1.);
#29 = DIRECTION('',(0.,1.,0.));
#30 = ORIENTED_EDGE('',*,*,#31,.T.);
#31 = EDGE_CURVE('',#24,#32,#34,.T.);
#32 = VERTEX_POINT('',#33);
#33 = CARTESIAN_POINT('',(38.445823804469,6.738717023283,1.));
#34 = LINE('',#35,#36);
#35 = CARTESIAN_POINT('',(39.853553390593,8.146446609407,1.));
#36 = VECTOR('',#37,1.);
#37 = DIRECTION('',(-0.707106781187,-0.707106781187,0.));
#38 = ORIENTED_EDGE('',*,*,#39,.T.);
#39 = EDGE_CURVE('',#32,#40,#42,.T.);
#40 = VERTEX_POINT('',#41);
#41 = CARTESIAN_POINT('',(37.012281647874,8.120151806602,1.));
#42 = LINE('',#43,#44);
#43 = CARTESIAN_POINT('',(38.092390416671,7.079303571955,1.));
#44 = VECTOR('',#45,1.);
#45 = DIRECTION('',(-0.720072512531,0.693898823098,0.));
#46 = ORIENTED_EDGE('',*,*,#47,.T.);
#47 = EDGE_CURVE('',#40,#48,#50,.T.);
#48 = VERTEX_POINT('',#49);
#49 = CARTESIAN_POINT('',(40.,11.220566145029,1.));
#50 = LINE('',#51,#52);
#51 = CARTESIAN_POINT('',(37.359231059423,8.480188062867,1.));
#52 = VECTOR('',#53,1.);
#53 = DIRECTION('',(0.693898823098,0.720072512531,0.));
#54 = ORIENTED_EDGE('',*,*,#55,.T.);
#55 = EDGE_CURVE('',#48,#56,#58,.T.);
#56 = VERTEX_POINT('',#57);
#57 = CARTESIAN_POINT('',(42.987718352126,8.120151806602,1.));
#58 = LINE('',#59,#60);
#59 = CARTESIAN_POINT('',(40.360036256266,10.846949411549,1.));
#60 = VECTOR('',#61,1.);
#61 = DIRECTION('',(0.693898823098,-0.720072512531,0.));
#62 = ORIENTED_EDGE('',*,*,#63,.T.);
#63 = EDGE_CURVE('',#56,#64,#66,.T.);
#64 = VERTEX_POINT('',#65);
#65 = CARTESIAN_POINT('',(41.554176195531,6.738717023283,1.));
#66 = LINE('',#67,#68);
#67 = CARTESIAN_POINT('',(42.62768209586,7.773202395053,1.));
#68 = VECTOR('',#69,1.);
#69 = DIRECTION('',(-0.720072512531,-0.693898823098,0.));
#70 = ORIENTED_EDGE('',*,*,#71,.T.);
#71 = EDGE_CURVE('',#64,#72,#74,.T.);
#72 = VERTEX_POINT('',#73);
#73 = CARTESIAN_POINT('',(41.,7.292893218813,1.));
#74 = LINE('',#75,#76);
#75 = CARTESIAN_POINT('',(41.207106781187,7.085786437627,1.));
#76 = VECTOR('',#77,1.);
#77 = DIRECTION('',(-0.707106781187,0.707106781187,0.));
#78 = ORIENTED_EDGE('',*,*,#79,.T.);
#79 = EDGE_CURVE('',#72,#80,#82,.T.);
#80 = VERTEX_POINT('',#81);
#81 = CARTESIAN_POINT('',(41.,5.,1.));
#82 = LINE('',#83,#84);
#83 = CARTESIAN_POINT('',(41.,8.5,1.));
#84 = VECTOR('',#85,1.);
#85 = DIRECTION('',(0.,-1.,0.));
#86 = ORIENTED_EDGE('',*,*,#87,.T.);
#87 = EDGE_CURVE('',#80,#22,#88,.T.);
#88 = LINE('',#89,#90);
#89 = CARTESIAN_POINT('',(40.5,5.,1.));
#90 = VECTOR('',#91,1.);
#91 = DIRECTION('',(-1.,0.,0.));
#92 = FACE_BOUND('',#93,.T.);
#93 = EDGE_LOOP('',(#94,#104,#112,#120,#128,#136,#144,#152,#160));
#94 = ORIENTED_EDGE('',*,*,#95,.F.);
#95 = EDGE_CURVE('',#96,#98,#100,.T.);
#96 = VERTEX_POINT('',#97);
#97 = CARTESIAN_POINT('',(39.,55.,1.));
#98 = VERTEX_POINT('',#99);
#99 = CARTESIAN_POINT('',(39.,52.707106781186,1.));
#100 = LINE('',#101,#102);
#101 = CARTESIAN_POINT('',(39.,54.5,1.));
#102 = VECTOR('',#103,1.);
#103 = DIRECTION('',(0.,-1.,0.));
#104 = ORIENTED_EDGE('',*,*,#105,.F.);
#105 = EDGE_CURVE('',#106,#96,#108,.T.);
#106 = VERTEX_POINT('',#107);
#107 = CARTESIAN_POINT('',(41.,55.,1.));
#108 = LINE('',#109,#110);
#109 = CARTESIAN_POINT('',(40.5,55.,1.));
#110 = VECTOR('',#111,1.);
#111 = DIRECTION('',(-1.,0.,0.));
#112 = ORIENTED_EDGE('',*,*,#113,.F.);
#113 = EDGE_CURVE('',#114,#106,#116,.T.);
#114 = VERTEX_POINT('',#115);
#115 = CARTESIAN_POINT('',(41.,52.707106781186,1.));
#116 = LINE('',#117,#118);
#117 = CARTESIAN_POINT('',(41.,51.5,1.));
#118 = VECTOR('',#119,1.);
#119 = DIRECTION('',(0.,1.,0.));
#120 = ORIENTED_EDGE('',*,*,#121,.F.);
#121 = EDGE_CURVE('',#122,#114,#124,.T.);
#122 = VERTEX_POINT('',#123);
#123 = CARTESIAN_POINT('',(41.554176195531,53.261282976717,1.));
#124 = LINE('',#125,#126);
#125 = CARTESIAN_POINT('',(41.207106781187,52.914213562373,1.));
#126 = VECTOR('',#127,1.);
#127 = DIRECTION('',(-0.707106781187,-0.707106781187,0.));
#128 = ORIENTED_EDGE('',*,*,#129,.F.);
#129 = EDGE_CURVE('',#130,#122,#132,.T.);
#130 = VERTEX_POINT('',#131);
#131 = CARTESIAN_POINT('',(42.987718352126,51.879848193398,1.));
#132 = LINE('',#133,#134);
#133 = CARTESIAN_POINT('',(42.62768209586,52.226797604947,1.));
#134 = VECTOR('',#135,1.);
#135 = DIRECTION('',(-0.720072512531,0.693898823098,0.));
#136 = ORIENTED_EDGE('',*,*,#137,.F.);
#137 = EDGE_CURVE('',#138,#130,#140,.T.);
#138 = VERTEX_POINT('',#139);
#139 = CARTESIAN_POINT('',(40.,48.779433854971,1.));
#140 = LINE('',#141,#142);
#141 = CARTESIAN_POINT('',(40.360036256266,49.153050588451,1.));
#142 = VECTOR('',#143,1.);
#143 = DIRECTION('',(0.693898823098,0.720072512531,0.));
#144 = ORIENTED_EDGE('',*,*,#145,.F.);
#145 = EDGE_CURVE('',#146,#138,#148,.T.);
#146 = VERTEX_POINT('',#147);
#147 = CARTESIAN_POINT('',(37.012281647874,51.879848193398,1.));
#148 = LINE('',#149,#150);
#149 = CARTESIAN_POINT('',(37.359231059423,51.519811937133,1.));
#150 = VECTOR('',#151,1.);
#151 = DIRECTION('',(0.693898823098,-0.720072512531,0.));
#152 = ORIENTED_EDGE('',*,*,#153,.F.);
#153 = EDGE_CURVE('',#154,#146,#156,.T.);
#154 = VERTEX_POINT('',#155);
#155 = CARTESIAN_POINT('',(38.445823804469,53.261282976717,1.));
#156 = LINE('',#157,#158);
#157 = CARTESIAN_POINT('',(38.092390416671,52.920696428045,1.));
#158 = VECTOR('',#159,1.);
#159 = DIRECTION('',(-0.720072512531,-0.693898823098,0.));
#160 = ORIENTED_EDGE('',*,*,#161,.F.);
#161 = EDGE_CURVE('',#98,#154,#162,.T.);
#162 = LINE('',#163,#164);
#163 = CARTESIAN_POINT('',(39.853553390593,51.853553390593,1.));
#164 = VECTOR('',#165,1.);
#165 = DIRECTION('',(-0.707106781187,0.707106781187,0.));
#166 = FACE_BOUND('',#167,.T.);
#167 = EDGE_LOOP('',(#168,#178,#186,#194,#202,#210,#218,#226,#234));
#168 = ORIENTED_EDGE('',*,*,#169,.F.);
#169 = EDGE_CURVE('',#170,#172,#174,.T.);
#170 = VERTEX_POINT('',#171);
#171 = CARTESIAN_POINT('',(39.,161.29289321881,1.));
#172 = VERTEX_POINT('',#173);
#173 = CARTESIAN_POINT('',(39.,159.,1.));
#174 = LINE('',#175,#176);
#175 = CARTESIAN_POINT('',(39.,162.5,1.));
#176 = VECTOR('',#177,1.);
#177 = DIRECTION('',(0.,-1.,0.));
#178 = ORIENTED_EDGE('',*,*,#179,.F.);
#179 = EDGE_CURVE('',#180,#170,#182,.T.);
#180 = VERTEX_POINT('',#181);
#181 = CARTESIAN_POINT('',(38.445823804469,160.73871702328,1.));
#182 = LINE('',#183,#184);
#183 = CARTESIAN_POINT('',(38.792893218813,161.08578643762,1.));
#184 = VECTOR('',#185,1.);
#185 = DIRECTION('',(0.707106781187,0.707106781187,0.));
#186 = ORIENTED_EDGE('',*,*,#187,.F.);
#187 = EDGE_CURVE('',#188,#180,#190,.T.);
#188 = VERTEX_POINT('',#189);
#189 = CARTESIAN_POINT('',(37.012281647874,162.1201518066,1.));
#190 = LINE('',#191,#192);
#191 = CARTESIAN_POINT('',(37.37231790414,161.77320239505,1.));
#192 = VECTOR('',#193,1.);
#193 = DIRECTION('',(0.720072512531,-0.693898823098,0.));
#194 = ORIENTED_EDGE('',*,*,#195,.F.);
#195 = EDGE_CURVE('',#196,#188,#198,.T.);
#196 = VERTEX_POINT('',#197);
#197 = CARTESIAN_POINT('',(40.,165.22056614503,1.));
#198 = LINE('',#199,#200);
#199 = CARTESIAN_POINT('',(39.639963743734,164.84694941155,1.));
#200 = VECTOR('',#201,1.);
#201 = DIRECTION('',(-0.693898823098,-0.720072512531,0.));
#202 = ORIENTED_EDGE('',*,*,#203,.F.);
#203 = EDGE_CURVE('',#204,#196,#206,.T.);
#204 = VERTEX_POINT('',#205);
#205 = CARTESIAN_POINT('',(42.987718352126,162.1201518066,1.));
#206 = LINE('',#207,#208);
#207 = CARTESIAN_POINT('',(42.640768940577,162.48018806286,1.));
#208 = VECTOR('',#209,1.);
#209 = DIRECTION('',(-0.693898823098,0.720072512531,0.));
#210 = ORIENTED_EDGE('',*,*,#211,.F.);
#211 = EDGE_CURVE('',#212,#204,#214,.T.);
#212 = VERTEX_POINT('',#213);
#213 = CARTESIAN_POINT('',(41.554176195531,160.73871702328,1.));
#214 = LINE('',#215,#216);
#215 = CARTESIAN_POINT('',(41.907609583329,161.07930357195,1.));
#216 = VECTOR('',#217,1.);
#217 = DIRECTION('',(0.720072512531,0.693898823098,0.));
#218 = ORIENTED_EDGE('',*,*,#219,.F.);
#219 = EDGE_CURVE('',#220,#212,#222,.T.);
#220 = VERTEX_POINT('',#221);
#221 = CARTESIAN_POINT('',(41.,161.29289321881,1.));
#222 = LINE('',#223,#224);
#223 = CARTESIAN_POINT('',(40.146446609407,162.1464466094,1.));
#224 = VECTOR('',#225,1.);
#225 = DIRECTION('',(0.707106781187,-0.707106781187,0.));
#226 = ORIENTED_EDGE('',*,*,#227,.F.);
#227 = EDGE_CURVE('',#228,#220,#230,.T.);
#228 = VERTEX_POINT('',#229);
#229 = CARTESIAN_POINT('',(41.,159.,1.));
#230 = LINE('',#231,#232);
#231 = CARTESIAN_POINT('',(41.,159.5,1.));
#232 = VECTOR('',#233,1.);
#233 = DIRECTION('',(0.,1.,0.));
#234 = ORIENTED_EDGE('',*,*,#235,.F.);
#235 = EDGE_CURVE('',#172,#228,#236,.T.);
#236 = LINE('',#237,#238);
#237 = CARTESIAN_POINT('',(39.5,159.,1.));
#238 = VECTOR('',#239,1.);
#239 = DIRECTION('',(1.,0.,0.));
#240 = FACE_BOUND('',#241,.T.);
#241 = EDGE_LOOP('',(#242,#252,#260,#268,#276,#284,#292,#300,#308));
#242 = ORIENTED_EDGE('',*,*,#243,.T.);
#243 = EDGE_CURVE('',#244,#246,#248,.T.);
#244 = VERTEX_POINT('',#245);
#245 = CARTESIAN_POINT('',(39.,212.70710678118,1.));
#246 = VERTEX_POINT('',#247);
#247 = CARTESIAN_POINT('',(39.,215.,1.));
#248 = LINE('',#249,#250);
#249 = CARTESIAN_POINT('',(39.,211.5,1.));
#250 = VECTOR('',#251,1.);
#251 = DIRECTION('',(0.,1.,0.));
#252 = ORIENTED_EDGE('',*,*,#253,.T.);
#253 = EDGE_CURVE('',#246,#254,#256,.T.);
#254 = VERTEX_POINT('',#255);
#255 = CARTESIAN_POINT('',(41.,215.,1.));
#256 = LINE('',#257,#258);
#257 = CARTESIAN_POINT('',(39.5,215.,1.));
#258 = VECTOR('',#259,1.);
#259 = DIRECTION('',(1.,0.,0.));
#260 = ORIENTED_EDGE('',*,*,#261,.T.);
#261 = EDGE_CURVE('',#254,#262,#264,.T.);
#262 = VERTEX_POINT('',#263);
#263 = CARTESIAN_POINT('',(41.,212.70710678118,1.));
#264 = LINE('',#265,#266);
#265 = CARTESIAN_POINT('',(41.,214.5,1.));
#266 = VECTOR('',#267,1.);
#267 = DIRECTION('',(0.,-1.,0.));
#268 = ORIENTED_EDGE('',*,*,#269,.T.);
#269 = EDGE_CURVE('',#262,#270,#272,.T.);
#270 = VERTEX_POINT('',#271);
#271 = CARTESIAN_POINT('',(41.554176195531,213.26128297671,1.));
#272 = LINE('',#273,#274);
#273 = CARTESIAN_POINT('',(40.146446609407,211.85355339059,1.));
#274 = VECTOR('',#275,1.);
#275 = DIRECTION('',(0.707106781187,0.707106781187,0.));
#276 = ORIENTED_EDGE('',*,*,#277,.T.);
#277 = EDGE_CURVE('',#270,#278,#280,.T.);
#278 = VERTEX_POINT('',#279);
#279 = CARTESIAN_POINT('',(42.987718352126,211.87984819339,1.));
#280 = LINE('',#281,#282);
#281 = CARTESIAN_POINT('',(41.907609583329,212.92069642804,1.));
#282 = VECTOR('',#283,1.);
#283 = DIRECTION('',(0.720072512531,-0.693898823098,0.));
#284 = ORIENTED_EDGE('',*,*,#285,.T.);
#285 = EDGE_CURVE('',#278,#286,#288,.T.);
#286 = VERTEX_POINT('',#287);
#287 = CARTESIAN_POINT('',(40.,208.77943385497,1.));
#288 = LINE('',#289,#290);
#289 = CARTESIAN_POINT('',(42.640768940577,211.51981193713,1.));
#290 = VECTOR('',#291,1.);
#291 = DIRECTION('',(-0.693898823098,-0.720072512531,0.));
#292 = ORIENTED_EDGE('',*,*,#293,.T.);
#293 = EDGE_CURVE('',#286,#294,#296,.T.);
#294 = VERTEX_POINT('',#295);
#295 = CARTESIAN_POINT('',(37.012281647874,211.87984819339,1.));
#296 = LINE('',#297,#298);
#297 = CARTESIAN_POINT('',(39.639963743734,209.15305058845,1.));
#298 = VECTOR('',#299,1.);
#299 = DIRECTION('',(-0.693898823098,0.720072512531,0.));
#300 = ORIENTED_EDGE('',*,*,#301,.T.);
#301 = EDGE_CURVE('',#294,#302,#304,.T.);
#302 = VERTEX_POINT('',#303);
#303 = CARTESIAN_POINT('',(38.445823804469,213.26128297671,1.));
#304 = LINE('',#305,#306);
#305 = CARTESIAN_POINT('',(37.37231790414,212.22679760494,1.));
#306 = VECTOR('',#307,1.);
#307 = DIRECTION('',(0.720072512531,0.693898823098,0.));
#308 = ORIENTED_EDGE('',*,*,#309,.T.);
#309 = EDGE_CURVE('',#302,#244,#310,.T.);
#310 = LINE('',#311,#312);
#311 = CARTESIAN_POINT('',(38.792893218813,212.91421356237,1.));
#312 = VECTOR('',#313,1.);
#313 = DIRECTION('',(0.707106781187,-0.707106781187,0.));
#314 = FACE_BOUND('',#315,.T.);
#315 = EDGE_LOOP('',(#316,#326,#334,#342,#350,#358));
#316 = ORIENTED_EDGE('',*,*,#317,.T.);
#317 = EDGE_CURVE('',#318,#320,#322,.T.);
#318 = VERTEX_POINT('',#319);
#319 = CARTESIAN_POINT('',(7.,215.5,1.));
#320 = VERTEX_POINT('',#321);
#321 = CARTESIAN_POINT('',(9.,215.5,1.));
#322 = LINE('',#323,#324);
#323 = CARTESIAN_POINT('',(7.5,215.5,1.));
#324 = VECTOR('',#325,1.);
#325 = DIRECTION('',(1.,0.,0.));
#326 = ORIENTED_EDGE('',*,*,#327,.T.);
#327 = EDGE_CURVE('',#320,#328,#330,.T.);
#328 = VERTEX_POINT('',#329);
#329 = CARTESIAN_POINT('',(9.,203.,1.));
#330 = LINE('',#331,#332);
#331 = CARTESIAN_POINT('',(9.,215.,1.));
#332 = VECTOR('',#333,1.);
#333 = DIRECTION('',(0.,-1.,0.));
#334 = ORIENTED_EDGE('',*,*,#335,.T.);
#335 = EDGE_CURVE('',#328,#336,#338,.T.);
#336 = VERTEX_POINT('',#337);
#337 = CARTESIAN_POINT('',(4.5,203.,1.));
#338 = LINE('',#339,#340);
#339 = CARTESIAN_POINT('',(8.5,203.,1.));
#340 = VECTOR('',#341,1.);
#341 = DIRECTION('',(-1.,0.,0.));
#342 = ORIENTED_EDGE('',*,*,#343,.T.);
#343 = EDGE_CURVE('',#336,#344,#346,.T.);
#344 = VERTEX_POINT('',#345);
#345 = CARTESIAN_POINT('',(4.5,205.,1.));
#346 = LINE('',#347,#348);
#347 = CARTESIAN_POINT('',(4.5,203.5,1.));
#348 = VECTOR('',#349,1.);
#349 = DIRECTION('',(0.,1.,0.));
#350 = ORIENTED_EDGE('',*,*,#351,.T.);
#351 = EDGE_CURVE('',#344,#352,#354,.T.);
#352 = VERTEX_POINT('',#353);
#353 = CARTESIAN_POINT('',(7.,205.,1.));
#354 = LINE('',#355,#356);
#355 = CARTESIAN_POINT('',(5.,205.,1.));
#356 = VECTOR('',#357,1.);
#357 = DIRECTION('',(1.,0.,0.));
#358 = ORIENTED_EDGE('',*,*,#359,.T.);
#359 = EDGE_CURVE('',#352,#318,#360,.T.);
#360 = LINE('',#361,#362);
#361 = CARTESIAN_POINT('',(7.,204.5,1.));
#362 = VECTOR('',#363,1.);
#363 = DIRECTION('',(0.,1.,0.));
#364 = FACE_BOUND('',#365,.T.);
#365 = EDGE_LOOP('',(#366,#376,#384,#392));
#366 = ORIENTED_EDGE('',*,*,#367,.T.);
#367 = EDGE_CURVE('',#368,#370,#372,.T.);
#368 = VERTEX_POINT('',#369);
#369 = CARTESIAN_POINT('',(0.,0.,1.));
#370 = VERTEX_POINT('',#371);
#371 = CARTESIAN_POINT('',(80.,0.,1.));
#372 = LINE('',#373,#374);
#373 = CARTESIAN_POINT('',(0.,0.,1.));
#374 = VECTOR('',#375,1.);
#375 = DIRECTION('',(1.,0.,0.));
#376 = ORIENTED_EDGE('',*,*,#377,.T.);
#377 = EDGE_CURVE('',#370,#378,#380,.T.);
#378 = VERTEX_POINT('',#379);
#379 = CARTESIAN_POINT('',(80.,220.,1.));
#380 = LINE('',#381,#382);
#381 = CARTESIAN_POINT('',(80.,0.,1.));
#382 = VECTOR('',#383,1.);
#383 = DIRECTION('',(0.,1.,0.));
#384 = ORIENTED_EDGE('',*,*,#385,.T.);
#385 = EDGE_CURVE('',#378,#386,#388,.T.);
#386 = VERTEX_POINT('',#387);
#387 = CARTESIAN_POINT('',(0.,220.,1.));
#388 = LINE('',#389,#390);
#389 = CARTESIAN_POINT('',(80.,220.,1.));
#390 = VECTOR('',#391,1.);
#391 = DIRECTION('',(-1.,0.,0.));
#392 = ORIENTED_EDGE('',*,*,#393,.T.);
#393 = EDGE_CURVE('',#386,#368,#394,.T.);
#394 = LINE('',#395,#396);
#395 = CARTESIAN_POINT('',(0.,220.,1.));
#396 = VECTOR('',#397,1.);
#397 = DIRECTION('',(0.,-1.,0.));
#398 = FACE_BOUND('',#399,.T.);
#399 = EDGE_LOOP('',(#400,#410,#418,#426,#434,#442,#450,#458,#466,#474,
    #482,#490));
#400 = ORIENTED_EDGE('',*,*,#401,.T.);
#401 = EDGE_CURVE('',#402,#404,#406,.T.);
#402 = VERTEX_POINT('',#403);
#403 = CARTESIAN_POINT('',(26.8,50.,1.));
#404 = VERTEX_POINT('',#405);
#405 = CARTESIAN_POINT('',(26.8,49.,1.));
#406 = LINE('',#407,#408);
#407 = CARTESIAN_POINT('',(26.8,50.,1.));
#408 = VECTOR('',#409,1.);
#409 = DIRECTION('',(0.,-1.,0.));
#410 = ORIENTED_EDGE('',*,*,#411,.T.);
#411 = EDGE_CURVE('',#404,#412,#414,.T.);
#412 = VERTEX_POINT('',#413);
#413 = CARTESIAN_POINT('',(23.3,49.,1.));
#414 = LINE('',#415,#416);
#415 = CARTESIAN_POINT('',(26.8,49.,1.));
#416 = VECTOR('',#417,1.);
#417 = DIRECTION('',(-1.,0.,0.));
#418 = ORIENTED_EDGE('',*,*,#419,.T.);
#419 = EDGE_CURVE('',#412,#420,#422,.T.);
#420 = VERTEX_POINT('',#421);
#421 = CARTESIAN_POINT('',(23.3,54.5,1.));
#422 = LINE('',#423,#424);
#423 = CARTESIAN_POINT('',(23.3,49.,1.));
#424 = VECTOR('',#425,1.);
#425 = DIRECTION('',(0.,1.,0.));
#426 = ORIENTED_EDGE('',*,*,#427,.T.);
#427 = EDGE_CURVE('',#420,#428,#430,.T.);
#428 = VERTEX_POINT('',#429);
#429 = CARTESIAN_POINT('',(26.8,54.5,1.));
#430 = LINE('',#431,#432);
#431 = CARTESIAN_POINT('',(23.3,54.5,1.));
#432 = VECTOR('',#433,1.);
#433 = DIRECTION('',(1.,0.,0.));
#434 = ORIENTED_EDGE('',*,*,#435,.T.);
#435 = EDGE_CURVE('',#428,#436,#438,.T.);
#436 = VERTEX_POINT('',#437);
#437 = CARTESIAN_POINT('',(26.8,53.5,1.));
#438 = LINE('',#439,#440);
#439 = CARTESIAN_POINT('',(26.8,54.5,1.));
#440 = VECTOR('',#441,1.);
#441 = DIRECTION('',(0.,-1.,0.));
#442 = ORIENTED_EDGE('',*,*,#443,.T.);
#443 = EDGE_CURVE('',#436,#444,#446,.T.);
#444 = VERTEX_POINT('',#445);
#445 = CARTESIAN_POINT('',(24.3,53.5,1.));
#446 = LINE('',#447,#448);
#447 = CARTESIAN_POINT('',(26.8,53.5,1.));
#448 = VECTOR('',#449,1.);
#449 = DIRECTION('',(-1.,0.,0.));
#450 = ORIENTED_EDGE('',*,*,#451,.T.);
#451 = EDGE_CURVE('',#444,#452,#454,.T.);
#452 = VERTEX_POINT('',#453);
#453 = CARTESIAN_POINT('',(24.3,52.25,1.));
#454 = LINE('',#455,#456);
#455 = CARTESIAN_POINT('',(24.3,53.5,1.));
#456 = VECTOR('',#457,1.);
#457 = DIRECTION('',(0.,-1.,0.));
#458 = ORIENTED_EDGE('',*,*,#459,.T.);
#459 = EDGE_CURVE('',#452,#460,#462,.T.);
#460 = VERTEX_POINT('',#461);
#461 = CARTESIAN_POINT('',(26.8,52.25,1.));
#462 = LINE('',#463,#464);
#463 = CARTESIAN_POINT('',(24.3,52.25,1.));
#464 = VECTOR('',#465,1.);
#465 = DIRECTION('',(1.,0.,0.));
#466 = ORIENTED_EDGE('',*,*,#467,.T.);
#467 = EDGE_CURVE('',#460,#468,#470,.T.);
#468 = VERTEX_POINT('',#469);
#469 = CARTESIAN_POINT('',(26.8,51.25,1.));
#470 = LINE('',#471,#472);
#471 = CARTESIAN_POINT('',(26.8,52.25,1.));
#472 = VECTOR('',#473,1.);
#473 = DIRECTION('',(0.,-1.,0.));
#474 = ORIENTED_EDGE('',*,*,#475,.T.);
#475 = EDGE_CURVE('',#468,#476,#478,.T.);
#476 = VERTEX_POINT('',#477);
#477 = CARTESIAN_POINT('',(24.3,51.25,1.));
#478 = LINE('',#479,#480);
#479 = CARTESIAN_POINT('',(26.8,51.25,1.));
#480 = VECTOR('',#481,1.);
#481 = DIRECTION('',(-1.,0.,0.));
#482 = ORIENTED_EDGE('',*,*,#483,.T.);
#483 = EDGE_CURVE('',#476,#484,#486,.T.);
#484 = VERTEX_POINT('',#485);
#485 = CARTESIAN_POINT('',(24.3,50.,1.));
#486 = LINE('',#487,#488);
#487 = CARTESIAN_POINT('',(24.3,51.25,1.));
#488 = VECTOR('',#489,1.);
#489 = DIRECTION('',(0.,-1.,0.));
#490 = ORIENTED_EDGE('',*,*,#491,.T.);
#491 = EDGE_CURVE('',#484,#402,#492,.T.);
#492 = LINE('',#493,#494);
#493 = CARTESIAN_POINT('',(24.3,50.,1.));
#494 = VECTOR('',#495,1.);
#495 = DIRECTION('',(1.,0.,0.));
#496 = FACE_BOUND('',#497,.T.);
#497 = EDGE_LOOP('',(#498,#508,#516,#524,#532,#540,#548,#556,#564,#572,
    #580,#588,#596,#604,#612,#620));
#498 = ORIENTED_EDGE('',*,*,#499,.T.);
#499 = EDGE_CURVE('',#500,#502,#504,.T.);
#500 = VERTEX_POINT('',#501);
#501 = CARTESIAN_POINT('',(30.,52.5,1.));
#502 = VERTEX_POINT('',#503);
#503 = CARTESIAN_POINT('',(31.5,52.5,1.));
#504 = LINE('',#505,#506);
#505 = CARTESIAN_POINT('',(30.,52.5,1.));
#506 = VECTOR('',#507,1.);
#507 = DIRECTION('',(1.,0.,0.));
#508 = ORIENTED_EDGE('',*,*,#509,.T.);
#509 = EDGE_CURVE('',#502,#510,#512,.T.);
#510 = VERTEX_POINT('',#511);
#511 = CARTESIAN_POINT('',(31.5,49.,1.));
#512 = LINE('',#513,#514);
#513 = CARTESIAN_POINT('',(31.5,52.5,1.));
#514 = VECTOR('',#515,1.);
#515 = DIRECTION('',(0.,-1.,0.));
#516 = ORIENTED_EDGE('',*,*,#517,.T.);
#517 = EDGE_CURVE('',#510,#518,#520,.T.);
#518 = VERTEX_POINT('',#519);
#519 = CARTESIAN_POINT('',(28.,49.,1.));
#520 = LINE('',#521,#522);
#521 = CARTESIAN_POINT('',(31.5,49.,1.));
#522 = VECTOR('',#523,1.);
#523 = DIRECTION('',(-1.,0.,0.));
#524 = ORIENTED_EDGE('',*,*,#525,.T.);
#525 = EDGE_CURVE('',#518,#526,#528,.T.);
#526 = VERTEX_POINT('',#527);
#527 = CARTESIAN_POINT('',(28.,54.5,1.));
#528 = LINE('',#529,#530);
#529 = CARTESIAN_POINT('',(28.,49.,1.));
#530 = VECTOR('',#531,1.);
#531 = DIRECTION('',(0.,1.,0.));
#532 = ORIENTED_EDGE('',*,*,#533,.T.);
#533 = EDGE_CURVE('',#526,#534,#536,.T.);
#534 = VERTEX_POINT('',#535);
#535 = CARTESIAN_POINT('',(31.5,54.5,1.));
#536 = LINE('',#537,#538);
#537 = CARTESIAN_POINT('',(28.,54.5,1.));
#538 = VECTOR('',#539,1.);
#539 = DIRECTION('',(1.,0.,0.));
#540 = ORIENTED_EDGE('',*,*,#541,.T.);
#541 = EDGE_CURVE('',#534,#542,#544,.T.);
#542 = VERTEX_POINT('',#543);
#543 = CARTESIAN_POINT('',(31.5,53.5,1.));
#544 = LINE('',#545,#546);
#545 = CARTESIAN_POINT('',(31.5,54.5,1.));
#546 = VECTOR('',#547,1.);
#547 = DIRECTION('',(0.,-1.,0.));
#548 = ORIENTED_EDGE('',*,*,#549,.T.);
#549 = EDGE_CURVE('',#542,#550,#552,.T.);
#550 = VERTEX_POINT('',#551);
#551 = CARTESIAN_POINT('',(29.,53.5,1.));
#552 = LINE('',#553,#554);
#553 = CARTESIAN_POINT('',(31.5,53.5,1.));
#554 = VECTOR('',#555,1.);
#555 = DIRECTION('',(-1.,0.,0.));
#556 = ORIENTED_EDGE('',*,*,#557,.T.);
#557 = EDGE_CURVE('',#550,#558,#560,.T.);
#558 = VERTEX_POINT('',#559);
#559 = CARTESIAN_POINT('',(29.,52.5,1.));
#560 = LINE('',#561,#562);
#561 = CARTESIAN_POINT('',(29.,53.5,1.));
#562 = VECTOR('',#563,1.);
#563 = DIRECTION('',(0.,-1.,0.));
#564 = ORIENTED_EDGE('',*,*,#565,.T.);
#565 = EDGE_CURVE('',#558,#566,#568,.T.);
#566 = VERTEX_POINT('',#567);
#567 = CARTESIAN_POINT('',(29.5,52.5,1.));
#568 = LINE('',#569,#570);
#569 = CARTESIAN_POINT('',(29.,52.5,1.));
#570 = VECTOR('',#571,1.);
#571 = DIRECTION('',(1.,0.,0.));
#572 = ORIENTED_EDGE('',*,*,#573,.T.);
#573 = EDGE_CURVE('',#566,#574,#576,.T.);
#574 = VERTEX_POINT('',#575);
#575 = CARTESIAN_POINT('',(29.5,51.5,1.));
#576 = LINE('',#577,#578);
#577 = CARTESIAN_POINT('',(29.5,52.5,1.));
#578 = VECTOR('',#579,1.);
#579 = DIRECTION('',(0.,-1.,0.));
#580 = ORIENTED_EDGE('',*,*,#581,.T.);
#581 = EDGE_CURVE('',#574,#582,#584,.T.);
#582 = VERTEX_POINT('',#583);
#583 = CARTESIAN_POINT('',(29.,51.5,1.));
#584 = LINE('',#585,#586);
#585 = CARTESIAN_POINT('',(29.5,51.5,1.));
#586 = VECTOR('',#587,1.);
#587 = DIRECTION('',(-1.,0.,0.));
#588 = ORIENTED_EDGE('',*,*,#589,.T.);
#589 = EDGE_CURVE('',#582,#590,#592,.T.);
#590 = VERTEX_POINT('',#591);
#591 = CARTESIAN_POINT('',(29.,50.,1.));
#592 = LINE('',#593,#594);
#593 = CARTESIAN_POINT('',(29.,51.5,1.));
#594 = VECTOR('',#595,1.);
#595 = DIRECTION('',(0.,-1.,0.));
#596 = ORIENTED_EDGE('',*,*,#597,.T.);
#597 = EDGE_CURVE('',#590,#598,#600,.T.);
#598 = VERTEX_POINT('',#599);
#599 = CARTESIAN_POINT('',(30.5,50.,1.));
#600 = LINE('',#601,#602);
#601 = CARTESIAN_POINT('',(29.,50.,1.));
#602 = VECTOR('',#603,1.);
#603 = DIRECTION('',(1.,0.,0.));
#604 = ORIENTED_EDGE('',*,*,#605,.T.);
#605 = EDGE_CURVE('',#598,#606,#608,.T.);
#606 = VERTEX_POINT('',#607);
#607 = CARTESIAN_POINT('',(30.5,51.5,1.));
#608 = LINE('',#609,#610);
#609 = CARTESIAN_POINT('',(30.5,50.,1.));
#610 = VECTOR('',#611,1.);
#611 = DIRECTION('',(0.,1.,0.));
#612 = ORIENTED_EDGE('',*,*,#613,.T.);
#613 = EDGE_CURVE('',#606,#614,#616,.T.);
#614 = VERTEX_POINT('',#615);
#615 = CARTESIAN_POINT('',(30.,51.5,1.));
#616 = LINE('',#617,#618);
#617 = CARTESIAN_POINT('',(30.5,51.5,1.));
#618 = VECTOR('',#619,1.);
#619 = DIRECTION('',(-1.,0.,0.));
#620 = ORIENTED_EDGE('',*,*,#621,.T.);
#621 = EDGE_CURVE('',#614,#500,#622,.T.);
#622 = LINE('',#623,#624);
#623 = CARTESIAN_POINT('',(30.,51.5,1.));
#624 = VECTOR('',#625,1.);
#625 = DIRECTION('',(0.,1.,0.));
#626 = FACE_BOUND('',#627,.T.);
#627 = EDGE_LOOP('',(#628,#638,#646,#654,#662,#670,#678,#686,#694,#702,
    #710,#718,#726,#734,#742,#750));
#628 = ORIENTED_EDGE('',*,*,#629,.T.);
#629 = EDGE_CURVE('',#630,#632,#634,.T.);
#630 = VERTEX_POINT('',#631);
#631 = CARTESIAN_POINT('',(50.,7.5,1.));
#632 = VERTEX_POINT('',#633);
#633 = CARTESIAN_POINT('',(48.5,7.5,1.));
#634 = LINE('',#635,#636);
#635 = CARTESIAN_POINT('',(50.,7.5,1.));
#636 = VECTOR('',#637,1.);
#637 = DIRECTION('',(-1.,0.,0.));
#638 = ORIENTED_EDGE('',*,*,#639,.T.);
#639 = EDGE_CURVE('',#632,#640,#642,.T.);
#640 = VERTEX_POINT('',#641);
#641 = CARTESIAN_POINT('',(48.5,11.,1.));
#642 = LINE('',#643,#644);
#643 = CARTESIAN_POINT('',(48.5,7.5,1.));
#644 = VECTOR('',#645,1.);
#645 = DIRECTION('',(0.,1.,0.));
#646 = ORIENTED_EDGE('',*,*,#647,.T.);
#647 = EDGE_CURVE('',#640,#648,#650,.T.);
#648 = VERTEX_POINT('',#649);
#649 = CARTESIAN_POINT('',(52.,11.,1.));
#650 = LINE('',#651,#652);
#651 = CARTESIAN_POINT('',(48.5,11.,1.));
#652 = VECTOR('',#653,1.);
#653 = DIRECTION('',(1.,0.,0.));
#654 = ORIENTED_EDGE('',*,*,#655,.T.);
#655 = EDGE_CURVE('',#648,#656,#658,.T.);
#656 = VERTEX_POINT('',#657);
#657 = CARTESIAN_POINT('',(52.,5.5,1.));
#658 = LINE('',#659,#660);
#659 = CARTESIAN_POINT('',(52.,11.,1.));
#660 = VECTOR('',#661,1.);
#661 = DIRECTION('',(0.,-1.,0.));
#662 = ORIENTED_EDGE('',*,*,#663,.T.);
#663 = EDGE_CURVE('',#656,#664,#666,.T.);
#664 = VERTEX_POINT('',#665);
#665 = CARTESIAN_POINT('',(48.5,5.5,1.));
#666 = LINE('',#667,#668);
#667 = CARTESIAN_POINT('',(52.,5.5,1.));
#668 = VECTOR('',#669,1.);
#669 = DIRECTION('',(-1.,0.,0.));
#670 = ORIENTED_EDGE('',*,*,#671,.T.);
#671 = EDGE_CURVE('',#664,#672,#674,.T.);
#672 = VERTEX_POINT('',#673);
#673 = CARTESIAN_POINT('',(48.5,6.5,1.));
#674 = LINE('',#675,#676);
#675 = CARTESIAN_POINT('',(48.5,5.5,1.));
#676 = VECTOR('',#677,1.);
#677 = DIRECTION('',(0.,1.,0.));
#678 = ORIENTED_EDGE('',*,*,#679,.T.);
#679 = EDGE_CURVE('',#672,#680,#682,.T.);
#680 = VERTEX_POINT('',#681);
#681 = CARTESIAN_POINT('',(51.,6.5,1.));
#682 = LINE('',#683,#684);
#683 = CARTESIAN_POINT('',(48.5,6.5,1.));
#684 = VECTOR('',#685,1.);
#685 = DIRECTION('',(1.,0.,0.));
#686 = ORIENTED_EDGE('',*,*,#687,.T.);
#687 = EDGE_CURVE('',#680,#688,#690,.T.);
#688 = VERTEX_POINT('',#689);
#689 = CARTESIAN_POINT('',(51.,7.5,1.));
#690 = LINE('',#691,#692);
#691 = CARTESIAN_POINT('',(51.,6.5,1.));
#692 = VECTOR('',#693,1.);
#693 = DIRECTION('',(0.,1.,0.));
#694 = ORIENTED_EDGE('',*,*,#695,.T.);
#695 = EDGE_CURVE('',#688,#696,#698,.T.);
#696 = VERTEX_POINT('',#697);
#697 = CARTESIAN_POINT('',(50.5,7.5,1.));
#698 = LINE('',#699,#700);
#699 = CARTESIAN_POINT('',(51.,7.5,1.));
#700 = VECTOR('',#701,1.);
#701 = DIRECTION('',(-1.,0.,0.));
#702 = ORIENTED_EDGE('',*,*,#703,.T.);
#703 = EDGE_CURVE('',#696,#704,#706,.T.);
#704 = VERTEX_POINT('',#705);
#705 = CARTESIAN_POINT('',(50.5,8.5,1.));
#706 = LINE('',#707,#708);
#707 = CARTESIAN_POINT('',(50.5,7.5,1.));
#708 = VECTOR('',#709,1.);
#709 = DIRECTION('',(0.,1.,0.));
#710 = ORIENTED_EDGE('',*,*,#711,.T.);
#711 = EDGE_CURVE('',#704,#712,#714,.T.);
#712 = VERTEX_POINT('',#713);
#713 = CARTESIAN_POINT('',(51.,8.5,1.));
#714 = LINE('',#715,#716);
#715 = CARTESIAN_POINT('',(50.5,8.5,1.));
#716 = VECTOR('',#717,1.);
#717 = DIRECTION('',(1.,0.,0.));
#718 = ORIENTED_EDGE('',*,*,#719,.T.);
#719 = EDGE_CURVE('',#712,#720,#722,.T.);
#720 = VERTEX_POINT('',#721);
#721 = CARTESIAN_POINT('',(51.,10.,1.));
#722 = LINE('',#723,#724);
#723 = CARTESIAN_POINT('',(51.,8.5,1.));
#724 = VECTOR('',#725,1.);
#725 = DIRECTION('',(0.,1.,0.));
#726 = ORIENTED_EDGE('',*,*,#727,.T.);
#727 = EDGE_CURVE('',#720,#728,#730,.T.);
#728 = VERTEX_POINT('',#729);
#729 = CARTESIAN_POINT('',(49.5,10.,1.));
#730 = LINE('',#731,#732);
#731 = CARTESIAN_POINT('',(51.,10.,1.));
#732 = VECTOR('',#733,1.);
#733 = DIRECTION('',(-1.,0.,0.));
#734 = ORIENTED_EDGE('',*,*,#735,.T.);
#735 = EDGE_CURVE('',#728,#736,#738,.T.);
#736 = VERTEX_POINT('',#737);
#737 = CARTESIAN_POINT('',(49.5,8.5,1.));
#738 = LINE('',#739,#740);
#739 = CARTESIAN_POINT('',(49.5,10.,1.));
#740 = VECTOR('',#741,1.);
#741 = DIRECTION('',(0.,-1.,0.));
#742 = ORIENTED_EDGE('',*,*,#743,.T.);
#743 = EDGE_CURVE('',#736,#744,#746,.T.);
#744 = VERTEX_POINT('',#745);
#745 = CARTESIAN_POINT('',(50.,8.5,1.));
#746 = LINE('',#747,#748);
#747 = CARTESIAN_POINT('',(49.5,8.5,1.));
#748 = VECTOR('',#749,1.);
#749 = DIRECTION('',(1.,0.,0.));
#750 = ORIENTED_EDGE('',*,*,#751,.T.);
#751 = EDGE_CURVE('',#744,#630,#752,.T.);
#752 = LINE('',#753,#754);
#753 = CARTESIAN_POINT('',(50.,8.5,1.));
#754 = VECTOR('',#755,1.);
#755 = DIRECTION('',(0.,-1.,0.));
#756 = FACE_BOUND('',#757,.T.);
#757 = EDGE_LOOP('',(#758,#768,#776,#784,#792,#800,#808,#816,#824,#832,
    #840,#848));
#758 = ORIENTED_EDGE('',*,*,#759,.T.);
#759 = EDGE_CURVE('',#760,#762,#764,.T.);
#760 = VERTEX_POINT('',#761);
#761 = CARTESIAN_POINT('',(53.2,5.5,1.));
#762 = VERTEX_POINT('',#763);
#763 = CARTESIAN_POINT('',(53.2,11.,1.));
#764 = LINE('',#765,#766);
#765 = CARTESIAN_POINT('',(53.2,5.5,1.));
#766 = VECTOR('',#767,1.);
#767 = DIRECTION('',(0.,1.,0.));
#768 = ORIENTED_EDGE('',*,*,#769,.T.);
#769 = EDGE_CURVE('',#762,#770,#772,.T.);
#770 = VERTEX_POINT('',#771);
#771 = CARTESIAN_POINT('',(56.7,11.,1.));
#772 = LINE('',#773,#774);
#773 = CARTESIAN_POINT('',(53.2,11.,1.));
#774 = VECTOR('',#775,1.);
#775 = DIRECTION('',(1.,0.,0.));
#776 = ORIENTED_EDGE('',*,*,#777,.T.);
#777 = EDGE_CURVE('',#770,#778,#780,.T.);
#778 = VERTEX_POINT('',#779);
#779 = CARTESIAN_POINT('',(56.7,5.5,1.));
#780 = LINE('',#781,#782);
#781 = CARTESIAN_POINT('',(56.7,11.,1.));
#782 = VECTOR('',#783,1.);
#783 = DIRECTION('',(0.,-1.,0.));
#784 = ORIENTED_EDGE('',*,*,#785,.T.);
#785 = EDGE_CURVE('',#778,#786,#788,.T.);
#786 = VERTEX_POINT('',#787);
#787 = CARTESIAN_POINT('',(55.2,5.5,1.));
#788 = LINE('',#789,#790);
#789 = CARTESIAN_POINT('',(56.7,5.5,1.));
#790 = VECTOR('',#791,1.);
#791 = DIRECTION('',(-1.,0.,0.));
#792 = ORIENTED_EDGE('',*,*,#793,.T.);
#793 = EDGE_CURVE('',#786,#794,#796,.T.);
#794 = VERTEX_POINT('',#795);
#795 = CARTESIAN_POINT('',(55.2,6.5,1.));
#796 = LINE('',#797,#798);
#797 = CARTESIAN_POINT('',(55.2,5.5,1.));
#798 = VECTOR('',#799,1.);
#799 = DIRECTION('',(0.,1.,0.));
#800 = ORIENTED_EDGE('',*,*,#801,.T.);
#801 = EDGE_CURVE('',#794,#802,#804,.T.);
#802 = VERTEX_POINT('',#803);
#803 = CARTESIAN_POINT('',(55.7,6.5,1.));
#804 = LINE('',#805,#806);
#805 = CARTESIAN_POINT('',(55.2,6.5,1.));
#806 = VECTOR('',#807,1.);
#807 = DIRECTION('',(1.,0.,0.));
#808 = ORIENTED_EDGE('',*,*,#809,.T.);
#809 = EDGE_CURVE('',#802,#810,#812,.T.);
#810 = VERTEX_POINT('',#811);
#811 = CARTESIAN_POINT('',(55.7,10.,1.));
#812 = LINE('',#813,#814);
#813 = CARTESIAN_POINT('',(55.7,6.5,1.));
#814 = VECTOR('',#815,1.);
#815 = DIRECTION('',(0.,1.,0.));
#816 = ORIENTED_EDGE('',*,*,#817,.T.);
#817 = EDGE_CURVE('',#810,#818,#820,.T.);
#818 = VERTEX_POINT('',#819);
#819 = CARTESIAN_POINT('',(54.2,10.,1.));
#820 = LINE('',#821,#822);
#821 = CARTESIAN_POINT('',(55.7,10.,1.));
#822 = VECTOR('',#823,1.);
#823 = DIRECTION('',(-1.,0.,0.));
#824 = ORIENTED_EDGE('',*,*,#825,.T.);
#825 = EDGE_CURVE('',#818,#826,#828,.T.);
#826 = VERTEX_POINT('',#827);
#827 = CARTESIAN_POINT('',(54.2,6.5,1.));
#828 = LINE('',#829,#830);
#829 = CARTESIAN_POINT('',(54.2,10.,1.));
#830 = VECTOR('',#831,1.);
#831 = DIRECTION('',(0.,-1.,0.));
#832 = ORIENTED_EDGE('',*,*,#833,.T.);
#833 = EDGE_CURVE('',#826,#834,#836,.T.);
#834 = VERTEX_POINT('',#835);
#835 = CARTESIAN_POINT('',(54.7,6.5,1.));
#836 = LINE('',#837,#838);
#837 = CARTESIAN_POINT('',(54.2,6.5,1.));
#838 = VECTOR('',#839,1.);
#839 = DIRECTION('',(1.,0.,0.));
#840 = ORIENTED_EDGE('',*,*,#841,.T.);
#841 = EDGE_CURVE('',#834,#842,#844,.T.);
#842 = VERTEX_POINT('',#843);
#843 = CARTESIAN_POINT('',(54.7,5.5,1.));
#844 = LINE('',#845,#846);
#845 = CARTESIAN_POINT('',(54.7,6.5,1.));
#846 = VECTOR('',#847,1.);
#847 = DIRECTION('',(0.,-1.,0.));
#848 = ORIENTED_EDGE('',*,*,#849,.T.);
#849 = EDGE_CURVE('',#842,#760,#850,.T.);
#850 = LINE('',#851,#852);
#851 = CARTESIAN_POINT('',(54.7,5.5,1.));
#852 = VECTOR('',#853,1.);
#853 = DIRECTION('',(-1.,0.,0.));
#854 = FACE_BOUND('',#855,.T.);
#855 = EDGE_LOOP('',(#856,#866,#874,#882,#890,#898,#906,#914,#922,#930,
    #938,#946));
#856 = ORIENTED_EDGE('',*,*,#857,.F.);
#857 = EDGE_CURVE('',#858,#860,#862,.T.);
#858 = VERTEX_POINT('',#859);
#859 = CARTESIAN_POINT('',(23.3,209.,1.));
#860 = VERTEX_POINT('',#861);
#861 = CARTESIAN_POINT('',(26.8,209.,1.));
#862 = LINE('',#863,#864);
#863 = CARTESIAN_POINT('',(23.3,209.,1.));
#864 = VECTOR('',#865,1.);
#865 = DIRECTION('',(1.,0.,0.));
#866 = ORIENTED_EDGE('',*,*,#867,.F.);
#867 = EDGE_CURVE('',#868,#858,#870,.T.);
#868 = VERTEX_POINT('',#869);
#869 = CARTESIAN_POINT('',(23.3,214.5,1.));
#870 = LINE('',#871,#872);
#871 = CARTESIAN_POINT('',(23.3,214.5,1.));
#872 = VECTOR('',#873,1.);
#873 = DIRECTION('',(0.,-1.,0.));
#874 = ORIENTED_EDGE('',*,*,#875,.F.);
#875 = EDGE_CURVE('',#876,#868,#878,.T.);
#876 = VERTEX_POINT('',#877);
#877 = CARTESIAN_POINT('',(24.8,214.5,1.));
#878 = LINE('',#879,#880);
#879 = CARTESIAN_POINT('',(24.8,214.5,1.));
#880 = VECTOR('',#881,1.);
#881 = DIRECTION('',(-1.,0.,0.));
#882 = ORIENTED_EDGE('',*,*,#883,.F.);
#883 = EDGE_CURVE('',#884,#876,#886,.T.);
#884 = VERTEX_POINT('',#885);
#885 = CARTESIAN_POINT('',(24.8,213.5,1.));
#886 = LINE('',#887,#888);
#887 = CARTESIAN_POINT('',(24.8,213.5,1.));
#888 = VECTOR('',#889,1.);
#889 = DIRECTION('',(0.,1.,0.));
#890 = ORIENTED_EDGE('',*,*,#891,.F.);
#891 = EDGE_CURVE('',#892,#884,#894,.T.);
#892 = VERTEX_POINT('',#893);
#893 = CARTESIAN_POINT('',(24.3,213.5,1.));
#894 = LINE('',#895,#896);
#895 = CARTESIAN_POINT('',(24.3,213.5,1.));
#896 = VECTOR('',#897,1.);
#897 = DIRECTION('',(1.,0.,0.));
#898 = ORIENTED_EDGE('',*,*,#899,.F.);
#899 = EDGE_CURVE('',#900,#892,#902,.T.);
#900 = VERTEX_POINT('',#901);
#901 = CARTESIAN_POINT('',(24.3,210.,1.));
#902 = LINE('',#903,#904);
#903 = CARTESIAN_POINT('',(24.3,210.,1.));
#904 = VECTOR('',#905,1.);
#905 = DIRECTION('',(0.,1.,0.));
#906 = ORIENTED_EDGE('',*,*,#907,.F.);
#907 = EDGE_CURVE('',#908,#900,#910,.T.);
#908 = VERTEX_POINT('',#909);
#909 = CARTESIAN_POINT('',(25.8,210.,1.));
#910 = LINE('',#911,#912);
#911 = CARTESIAN_POINT('',(25.8,210.,1.));
#912 = VECTOR('',#913,1.);
#913 = DIRECTION('',(-1.,0.,0.));
#914 = ORIENTED_EDGE('',*,*,#915,.F.);
#915 = EDGE_CURVE('',#916,#908,#918,.T.);
#916 = VERTEX_POINT('',#917);
#917 = CARTESIAN_POINT('',(25.8,213.5,1.));
#918 = LINE('',#919,#920);
#919 = CARTESIAN_POINT('',(25.8,213.5,1.));
#920 = VECTOR('',#921,1.);
#921 = DIRECTION('',(0.,-1.,0.));
#922 = ORIENTED_EDGE('',*,*,#923,.F.);
#923 = EDGE_CURVE('',#924,#916,#926,.T.);
#924 = VERTEX_POINT('',#925);
#925 = CARTESIAN_POINT('',(25.3,213.5,1.));
#926 = LINE('',#927,#928);
#927 = CARTESIAN_POINT('',(25.3,213.5,1.));
#928 = VECTOR('',#929,1.);
#929 = DIRECTION('',(1.,0.,0.));
#930 = ORIENTED_EDGE('',*,*,#931,.F.);
#931 = EDGE_CURVE('',#932,#924,#934,.T.);
#932 = VERTEX_POINT('',#933);
#933 = CARTESIAN_POINT('',(25.3,214.5,1.));
#934 = LINE('',#935,#936);
#935 = CARTESIAN_POINT('',(25.3,214.5,1.));
#936 = VECTOR('',#937,1.);
#937 = DIRECTION('',(0.,-1.,0.));
#938 = ORIENTED_EDGE('',*,*,#939,.F.);
#939 = EDGE_CURVE('',#940,#932,#942,.T.);
#940 = VERTEX_POINT('',#941);
#941 = CARTESIAN_POINT('',(26.8,214.5,1.));
#942 = LINE('',#943,#944);
#943 = CARTESIAN_POINT('',(26.8,214.5,1.));
#944 = VECTOR('',#945,1.);
#945 = DIRECTION('',(-1.,0.,0.));
#946 = ORIENTED_EDGE('',*,*,#947,.F.);
#947 = EDGE_CURVE('',#860,#940,#948,.T.);
#948 = LINE('',#949,#950);
#949 = CARTESIAN_POINT('',(26.8,209.,1.));
#950 = VECTOR('',#951,1.);
#951 = DIRECTION('',(0.,1.,0.));
#952 = FACE_BOUND('',#953,.T.);
#953 = EDGE_LOOP('',(#954,#964,#972,#980,#988,#996,#1004,#1012,#1020,
    #1028,#1036,#1044,#1052,#1060,#1068,#1076));
#954 = ORIENTED_EDGE('',*,*,#955,.T.);
#955 = EDGE_CURVE('',#956,#958,#960,.T.);
#956 = VERTEX_POINT('',#957);
#957 = CARTESIAN_POINT('',(30.,212.5,1.));
#958 = VERTEX_POINT('',#959);
#959 = CARTESIAN_POINT('',(31.5,212.5,1.));
#960 = LINE('',#961,#962);
#961 = CARTESIAN_POINT('',(30.,212.5,1.));
#962 = VECTOR('',#963,1.);
#963 = DIRECTION('',(1.,0.,0.));
#964 = ORIENTED_EDGE('',*,*,#965,.T.);
#965 = EDGE_CURVE('',#958,#966,#968,.T.);
#966 = VERTEX_POINT('',#967);
#967 = CARTESIAN_POINT('',(31.5,209.,1.));
#968 = LINE('',#969,#970);
#969 = CARTESIAN_POINT('',(31.5,212.5,1.));
#970 = VECTOR('',#971,1.);
#971 = DIRECTION('',(0.,-1.,0.));
#972 = ORIENTED_EDGE('',*,*,#973,.T.);
#973 = EDGE_CURVE('',#966,#974,#976,.T.);
#974 = VERTEX_POINT('',#975);
#975 = CARTESIAN_POINT('',(28.,209.,1.));
#976 = LINE('',#977,#978);
#977 = CARTESIAN_POINT('',(31.5,209.,1.));
#978 = VECTOR('',#979,1.);
#979 = DIRECTION('',(-1.,0.,0.));
#980 = ORIENTED_EDGE('',*,*,#981,.T.);
#981 = EDGE_CURVE('',#974,#982,#984,.T.);
#982 = VERTEX_POINT('',#983);
#983 = CARTESIAN_POINT('',(28.,214.5,1.));
#984 = LINE('',#985,#986);
#985 = CARTESIAN_POINT('',(28.,209.,1.));
#986 = VECTOR('',#987,1.);
#987 = DIRECTION('',(0.,1.,0.));
#988 = ORIENTED_EDGE('',*,*,#989,.T.);
#989 = EDGE_CURVE('',#982,#990,#992,.T.);
#990 = VERTEX_POINT('',#991);
#991 = CARTESIAN_POINT('',(31.5,214.5,1.));
#992 = LINE('',#993,#994);
#993 = CARTESIAN_POINT('',(28.,214.5,1.));
#994 = VECTOR('',#995,1.);
#995 = DIRECTION('',(1.,0.,0.));
#996 = ORIENTED_EDGE('',*,*,#997,.T.);
#997 = EDGE_CURVE('',#990,#998,#1000,.T.);
#998 = VERTEX_POINT('',#999);
#999 = CARTESIAN_POINT('',(31.5,213.5,1.));
#1000 = LINE('',#1001,#1002);
#1001 = CARTESIAN_POINT('',(31.5,214.5,1.));
#1002 = VECTOR('',#1003,1.);
#1003 = DIRECTION('',(0.,-1.,0.));
#1004 = ORIENTED_EDGE('',*,*,#1005,.T.);
#1005 = EDGE_CURVE('',#998,#1006,#1008,.T.);
#1006 = VERTEX_POINT('',#1007);
#1007 = CARTESIAN_POINT('',(29.,213.5,1.));
#1008 = LINE('',#1009,#1010);
#1009 = CARTESIAN_POINT('',(31.5,213.5,1.));
#1010 = VECTOR('',#1011,1.);
#1011 = DIRECTION('',(-1.,0.,0.));
#1012 = ORIENTED_EDGE('',*,*,#1013,.T.);
#1013 = EDGE_CURVE('',#1006,#1014,#1016,.T.);
#1014 = VERTEX_POINT('',#1015);
#1015 = CARTESIAN_POINT('',(29.,212.5,1.));
#1016 = LINE('',#1017,#1018);
#1017 = CARTESIAN_POINT('',(29.,213.5,1.));
#1018 = VECTOR('',#1019,1.);
#1019 = DIRECTION('',(0.,-1.,0.));
#1020 = ORIENTED_EDGE('',*,*,#1021,.T.);
#1021 = EDGE_CURVE('',#1014,#1022,#1024,.T.);
#1022 = VERTEX_POINT('',#1023);
#1023 = CARTESIAN_POINT('',(29.5,212.5,1.));
#1024 = LINE('',#1025,#1026);
#1025 = CARTESIAN_POINT('',(29.,212.5,1.));
#1026 = VECTOR('',#1027,1.);
#1027 = DIRECTION('',(1.,0.,0.));
#1028 = ORIENTED_EDGE('',*,*,#1029,.T.);
#1029 = EDGE_CURVE('',#1022,#1030,#1032,.T.);
#1030 = VERTEX_POINT('',#1031);
#1031 = CARTESIAN_POINT('',(29.5,211.5,1.));
#1032 = LINE('',#1033,#1034);
#1033 = CARTESIAN_POINT('',(29.5,212.5,1.));
#1034 = VECTOR('',#1035,1.);
#1035 = DIRECTION('',(0.,-1.,0.));
#1036 = ORIENTED_EDGE('',*,*,#1037,.T.);
#1037 = EDGE_CURVE('',#1030,#1038,#1040,.T.);
#1038 = VERTEX_POINT('',#1039);
#1039 = CARTESIAN_POINT('',(29.,211.5,1.));
#1040 = LINE('',#1041,#1042);
#1041 = CARTESIAN_POINT('',(29.5,211.5,1.));
#1042 = VECTOR('',#1043,1.);
#1043 = DIRECTION('',(-1.,0.,0.));
#1044 = ORIENTED_EDGE('',*,*,#1045,.T.);
#1045 = EDGE_CURVE('',#1038,#1046,#1048,.T.);
#1046 = VERTEX_POINT('',#1047);
#1047 = CARTESIAN_POINT('',(29.,210.,1.));
#1048 = LINE('',#1049,#1050);
#1049 = CARTESIAN_POINT('',(29.,211.5,1.));
#1050 = VECTOR('',#1051,1.);
#1051 = DIRECTION('',(0.,-1.,0.));
#1052 = ORIENTED_EDGE('',*,*,#1053,.T.);
#1053 = EDGE_CURVE('',#1046,#1054,#1056,.T.);
#1054 = VERTEX_POINT('',#1055);
#1055 = CARTESIAN_POINT('',(30.5,210.,1.));
#1056 = LINE('',#1057,#1058);
#1057 = CARTESIAN_POINT('',(29.,210.,1.));
#1058 = VECTOR('',#1059,1.);
#1059 = DIRECTION('',(1.,0.,0.));
#1060 = ORIENTED_EDGE('',*,*,#1061,.T.);
#1061 = EDGE_CURVE('',#1054,#1062,#1064,.T.);
#1062 = VERTEX_POINT('',#1063);
#1063 = CARTESIAN_POINT('',(30.5,211.5,1.));
#1064 = LINE('',#1065,#1066);
#1065 = CARTESIAN_POINT('',(30.5,210.,1.));
#1066 = VECTOR('',#1067,1.);
#1067 = DIRECTION('',(0.,1.,0.));
#1068 = ORIENTED_EDGE('',*,*,#1069,.T.);
#1069 = EDGE_CURVE('',#1062,#1070,#1072,.T.);
#1070 = VERTEX_POINT('',#1071);
#1071 = CARTESIAN_POINT('',(30.,211.5,1.));
#1072 = LINE('',#1073,#1074);
#1073 = CARTESIAN_POINT('',(30.5,211.5,1.));
#1074 = VECTOR('',#1075,1.);
#1075 = DIRECTION('',(-1.,0.,0.));
#1076 = ORIENTED_EDGE('',*,*,#1077,.T.);
#1077 = EDGE_CURVE('',#1070,#956,#1078,.T.);
#1078 = LINE('',#1079,#1080);
#1079 = CARTESIAN_POINT('',(30.,211.5,1.));
#1080 = VECTOR('',#1081,1.);
#1081 = DIRECTION('',(0.,1.,0.));
#1082 = FACE_BOUND('',#1083,.T.);
#1083 = EDGE_LOOP('',(#1084,#1094,#1102,#1110,#1118,#1126,#1134,#1142,
    #1150,#1158,#1166,#1174,#1182,#1190,#1198,#1206,#1214,#1222,#1230,
    #1238));
#1084 = ORIENTED_EDGE('',*,*,#1085,.F.);
#1085 = EDGE_CURVE('',#1086,#1088,#1090,.T.);
#1086 = VERTEX_POINT('',#1087);
#1087 = CARTESIAN_POINT('',(48.5,159.5,1.));
#1088 = VERTEX_POINT('',#1089);
#1089 = CARTESIAN_POINT('',(50.,159.5,1.));
#1090 = LINE('',#1091,#1092);
#1091 = CARTESIAN_POINT('',(48.5,159.5,1.));
#1092 = VECTOR('',#1093,1.);
#1093 = DIRECTION('',(1.,0.,0.));
#1094 = ORIENTED_EDGE('',*,*,#1095,.F.);
#1095 = EDGE_CURVE('',#1096,#1086,#1098,.T.);
#1096 = VERTEX_POINT('',#1097);
#1097 = CARTESIAN_POINT('',(48.5,165.,1.));
#1098 = LINE('',#1099,#1100);
#1099 = CARTESIAN_POINT('',(48.5,165.,1.));
#1100 = VECTOR('',#1101,1.);
#1101 = DIRECTION('',(0.,-1.,0.));
#1102 = ORIENTED_EDGE('',*,*,#1103,.F.);
#1103 = EDGE_CURVE('',#1104,#1096,#1106,.T.);
#1104 = VERTEX_POINT('',#1105);
#1105 = CARTESIAN_POINT('',(50.,165.,1.));
#1106 = LINE('',#1107,#1108);
#1107 = CARTESIAN_POINT('',(50.,165.,1.));
#1108 = VECTOR('',#1109,1.);
#1109 = DIRECTION('',(-1.,0.,0.));
#1110 = ORIENTED_EDGE('',*,*,#1111,.F.);
#1111 = EDGE_CURVE('',#1112,#1104,#1114,.T.);
#1112 = VERTEX_POINT('',#1113);
#1113 = CARTESIAN_POINT('',(50.,164.,1.));
#1114 = LINE('',#1115,#1116);
#1115 = CARTESIAN_POINT('',(50.,164.,1.));
#1116 = VECTOR('',#1117,1.);
#1117 = DIRECTION('',(0.,1.,0.));
#1118 = ORIENTED_EDGE('',*,*,#1119,.F.);
#1119 = EDGE_CURVE('',#1120,#1112,#1122,.T.);
#1120 = VERTEX_POINT('',#1121);
#1121 = CARTESIAN_POINT('',(49.5,164.,1.));
#1122 = LINE('',#1123,#1124);
#1123 = CARTESIAN_POINT('',(49.5,164.,1.));
#1124 = VECTOR('',#1125,1.);
#1125 = DIRECTION('',(1.,0.,0.));
#1126 = ORIENTED_EDGE('',*,*,#1127,.F.);
#1127 = EDGE_CURVE('',#1128,#1120,#1130,.T.);
#1128 = VERTEX_POINT('',#1129);
#1129 = CARTESIAN_POINT('',(49.5,162.75,1.));
#1130 = LINE('',#1131,#1132);
#1131 = CARTESIAN_POINT('',(49.5,162.75,1.));
#1132 = VECTOR('',#1133,1.);
#1133 = DIRECTION('',(0.,1.,0.));
#1134 = ORIENTED_EDGE('',*,*,#1135,.F.);
#1135 = EDGE_CURVE('',#1136,#1128,#1138,.T.);
#1136 = VERTEX_POINT('',#1137);
#1137 = CARTESIAN_POINT('',(51.,162.75,1.));
#1138 = LINE('',#1139,#1140);
#1139 = CARTESIAN_POINT('',(51.,162.75,1.));
#1140 = VECTOR('',#1141,1.);
#1141 = DIRECTION('',(-1.,0.,0.));
#1142 = ORIENTED_EDGE('',*,*,#1143,.F.);
#1143 = EDGE_CURVE('',#1144,#1136,#1146,.T.);
#1144 = VERTEX_POINT('',#1145);
#1145 = CARTESIAN_POINT('',(51.,164.,1.));
#1146 = LINE('',#1147,#1148);
#1147 = CARTESIAN_POINT('',(51.,164.,1.));
#1148 = VECTOR('',#1149,1.);
#1149 = DIRECTION('',(0.,-1.,0.));
#1150 = ORIENTED_EDGE('',*,*,#1151,.F.);
#1151 = EDGE_CURVE('',#1152,#1144,#1154,.T.);
#1152 = VERTEX_POINT('',#1153);
#1153 = CARTESIAN_POINT('',(50.5,164.,1.));
#1154 = LINE('',#1155,#1156);
#1155 = CARTESIAN_POINT('',(50.5,164.,1.));
#1156 = VECTOR('',#1157,1.);
#1157 = DIRECTION('',(1.,0.,0.));
#1158 = ORIENTED_EDGE('',*,*,#1159,.F.);
#1159 = EDGE_CURVE('',#1160,#1152,#1162,.T.);
#1160 = VERTEX_POINT('',#1161);
#1161 = CARTESIAN_POINT('',(50.5,165.,1.));
#1162 = LINE('',#1163,#1164);
#1163 = CARTESIAN_POINT('',(50.5,165.,1.));
#1164 = VECTOR('',#1165,1.);
#1165 = DIRECTION('',(0.,-1.,0.));
#1166 = ORIENTED_EDGE('',*,*,#1167,.F.);
#1167 = EDGE_CURVE('',#1168,#1160,#1170,.T.);
#1168 = VERTEX_POINT('',#1169);
#1169 = CARTESIAN_POINT('',(52.,165.,1.));
#1170 = LINE('',#1171,#1172);
#1171 = CARTESIAN_POINT('',(52.,165.,1.));
#1172 = VECTOR('',#1173,1.);
#1173 = DIRECTION('',(-1.,0.,0.));
#1174 = ORIENTED_EDGE('',*,*,#1175,.F.);
#1175 = EDGE_CURVE('',#1176,#1168,#1178,.T.);
#1176 = VERTEX_POINT('',#1177);
#1177 = CARTESIAN_POINT('',(52.,159.5,1.));
#1178 = LINE('',#1179,#1180);
#1179 = CARTESIAN_POINT('',(52.,159.5,1.));
#1180 = VECTOR('',#1181,1.);
#1181 = DIRECTION('',(0.,1.,0.));
#1182 = ORIENTED_EDGE('',*,*,#1183,.F.);
#1183 = EDGE_CURVE('',#1184,#1176,#1186,.T.);
#1184 = VERTEX_POINT('',#1185);
#1185 = CARTESIAN_POINT('',(50.5,159.5,1.));
#1186 = LINE('',#1187,#1188);
#1187 = CARTESIAN_POINT('',(50.5,159.5,1.));
#1188 = VECTOR('',#1189,1.);
#1189 = DIRECTION('',(1.,0.,0.));
#1190 = ORIENTED_EDGE('',*,*,#1191,.F.);
#1191 = EDGE_CURVE('',#1192,#1184,#1194,.T.);
#1192 = VERTEX_POINT('',#1193);
#1193 = CARTESIAN_POINT('',(50.5,160.5,1.));
#1194 = LINE('',#1195,#1196);
#1195 = CARTESIAN_POINT('',(50.5,160.5,1.));
#1196 = VECTOR('',#1197,1.);
#1197 = DIRECTION('',(0.,-1.,0.));
#1198 = ORIENTED_EDGE('',*,*,#1199,.F.);
#1199 = EDGE_CURVE('',#1200,#1192,#1202,.T.);
#1200 = VERTEX_POINT('',#1201);
#1201 = CARTESIAN_POINT('',(51.,160.5,1.));
#1202 = LINE('',#1203,#1204);
#1203 = CARTESIAN_POINT('',(51.,160.5,1.));
#1204 = VECTOR('',#1205,1.);
#1205 = DIRECTION('',(-1.,0.,0.));
#1206 = ORIENTED_EDGE('',*,*,#1207,.F.);
#1207 = EDGE_CURVE('',#1208,#1200,#1210,.T.);
#1208 = VERTEX_POINT('',#1209);
#1209 = CARTESIAN_POINT('',(51.,161.75,1.));
#1210 = LINE('',#1211,#1212);
#1211 = CARTESIAN_POINT('',(51.,161.75,1.));
#1212 = VECTOR('',#1213,1.);
#1213 = DIRECTION('',(0.,-1.,0.));
#1214 = ORIENTED_EDGE('',*,*,#1215,.F.);
#1215 = EDGE_CURVE('',#1216,#1208,#1218,.T.);
#1216 = VERTEX_POINT('',#1217);
#1217 = CARTESIAN_POINT('',(49.5,161.75,1.));
#1218 = LINE('',#1219,#1220);
#1219 = CARTESIAN_POINT('',(49.5,161.75,1.));
#1220 = VECTOR('',#1221,1.);
#1221 = DIRECTION('',(1.,0.,0.));
#1222 = ORIENTED_EDGE('',*,*,#1223,.F.);
#1223 = EDGE_CURVE('',#1224,#1216,#1226,.T.);
#1224 = VERTEX_POINT('',#1225);
#1225 = CARTESIAN_POINT('',(49.5,160.5,1.));
#1226 = LINE('',#1227,#1228);
#1227 = CARTESIAN_POINT('',(49.5,160.5,1.));
#1228 = VECTOR('',#1229,1.);
#1229 = DIRECTION('',(0.,1.,0.));
#1230 = ORIENTED_EDGE('',*,*,#1231,.F.);
#1231 = EDGE_CURVE('',#1232,#1224,#1234,.T.);
#1232 = VERTEX_POINT('',#1233);
#1233 = CARTESIAN_POINT('',(50.,160.5,1.));
#1234 = LINE('',#1235,#1236);
#1235 = CARTESIAN_POINT('',(50.,160.5,1.));
#1236 = VECTOR('',#1237,1.);
#1237 = DIRECTION('',(-1.,0.,0.));
#1238 = ORIENTED_EDGE('',*,*,#1239,.F.);
#1239 = EDGE_CURVE('',#1088,#1232,#1240,.T.);
#1240 = LINE('',#1241,#1242);
#1241 = CARTESIAN_POINT('',(50.,159.5,1.));
#1242 = VECTOR('',#1243,1.);
#1243 = DIRECTION('',(0.,1.,0.));
#1244 = FACE_BOUND('',#1245,.T.);
#1245 = EDGE_LOOP('',(#1246,#1256,#1264,#1272,#1280,#1288));
#1246 = ORIENTED_EDGE('',*,*,#1247,.F.);
#1247 = EDGE_CURVE('',#1248,#1250,#1252,.T.);
#1248 = VERTEX_POINT('',#1249);
#1249 = CARTESIAN_POINT('',(53.2,165.,1.));
#1250 = VERTEX_POINT('',#1251);
#1251 = CARTESIAN_POINT('',(53.2,164.,1.));
#1252 = LINE('',#1253,#1254);
#1253 = CARTESIAN_POINT('',(53.2,165.,1.));
#1254 = VECTOR('',#1255,1.);
#1255 = DIRECTION('',(0.,-1.,0.));
#1256 = ORIENTED_EDGE('',*,*,#1257,.F.);
#1257 = EDGE_CURVE('',#1258,#1248,#1260,.T.);
#1258 = VERTEX_POINT('',#1259);
#1259 = CARTESIAN_POINT('',(56.7,165.,1.));
#1260 = LINE('',#1261,#1262);
#1261 = CARTESIAN_POINT('',(56.7,165.,1.));
#1262 = VECTOR('',#1263,1.);
#1263 = DIRECTION('',(-1.,0.,0.));
#1264 = ORIENTED_EDGE('',*,*,#1265,.F.);
#1265 = EDGE_CURVE('',#1266,#1258,#1268,.T.);
#1266 = VERTEX_POINT('',#1267);
#1267 = CARTESIAN_POINT('',(56.7,159.5,1.));
#1268 = LINE('',#1269,#1270);
#1269 = CARTESIAN_POINT('',(56.7,159.5,1.));
#1270 = VECTOR('',#1271,1.);
#1271 = DIRECTION('',(0.,1.,0.));
#1272 = ORIENTED_EDGE('',*,*,#1273,.F.);
#1273 = EDGE_CURVE('',#1274,#1266,#1276,.T.);
#1274 = VERTEX_POINT('',#1275);
#1275 = CARTESIAN_POINT('',(55.7,159.5,1.));
#1276 = LINE('',#1277,#1278);
#1277 = CARTESIAN_POINT('',(55.7,159.5,1.));
#1278 = VECTOR('',#1279,1.);
#1279 = DIRECTION('',(1.,0.,0.));
#1280 = ORIENTED_EDGE('',*,*,#1281,.F.);
#1281 = EDGE_CURVE('',#1282,#1274,#1284,.T.);
#1282 = VERTEX_POINT('',#1283);
#1283 = CARTESIAN_POINT('',(55.7,164.,1.));
#1284 = LINE('',#1285,#1286);
#1285 = CARTESIAN_POINT('',(55.7,164.,1.));
#1286 = VECTOR('',#1287,1.);
#1287 = DIRECTION('',(0.,-1.,0.));
#1288 = ORIENTED_EDGE('',*,*,#1289,.F.);
#1289 = EDGE_CURVE('',#1250,#1282,#1290,.T.);
#1290 = LINE('',#1291,#1292);
#1291 = CARTESIAN_POINT('',(53.2,164.,1.));
#1292 = VECTOR('',#1293,1.);
#1293 = DIRECTION('',(1.,0.,0.));
#1294 = FACE_BOUND('',#1295,.T.);
#1295 = EDGE_LOOP('',(#1296));
#1296 = ORIENTED_EDGE('',*,*,#1297,.F.);
#1297 = EDGE_CURVE('',#1298,#1298,#1300,.T.);
#1298 = VERTEX_POINT('',#1299);
#1299 = CARTESIAN_POINT('',(14.5,211.,1.));
#1300 = CIRCLE('',#1301,1.5);
#1301 = AXIS2_PLACEMENT_3D('',#1302,#1303,#1304);
#1302 = CARTESIAN_POINT('',(13.,211.,1.));
#1303 = DIRECTION('',(0.,0.,1.));
#1304 = DIRECTION('',(1.,0.,0.));
#1305 = FACE_BOUND('',#1306,.T.);
#1306 = EDGE_LOOP('',(#1307,#1317,#1324,#1332));
#1307 = ORIENTED_EDGE('',*,*,#1308,.T.);
#1308 = EDGE_CURVE('',#1309,#1311,#1313,.T.);
#1309 = VERTEX_POINT('',#1310);
#1310 = CARTESIAN_POINT('',(12.,208.,1.));
#1311 = VERTEX_POINT('',#1312);
#1312 = CARTESIAN_POINT('',(68.,208.,1.));
#1313 = LINE('',#1314,#1315);
#1314 = CARTESIAN_POINT('',(12.5,208.,1.));
#1315 = VECTOR('',#1316,1.);
#1316 = DIRECTION('',(1.,0.,0.));
#1317 = ORIENTED_EDGE('',*,*,#1318,.T.);
#1318 = EDGE_CURVE('',#1311,#1319,#1321,.T.);
#1319 = VERTEX_POINT('',#1320);
#1320 = CARTESIAN_POINT('',(68.,206.,1.));
#1321 = B_SPLINE_CURVE_WITH_KNOTS('',1,(#1322,#1323),.UNSPECIFIED.,.F.,
  .F.,(2,2),(-0.775,1.775),.PIECEWISE_BEZIER_KNOTS.);
#1322 = CARTESIAN_POINT('',(68.,208.27499999999,1.));
#1323 = CARTESIAN_POINT('',(68.,205.72499999999,1.));
#1324 = ORIENTED_EDGE('',*,*,#1325,.T.);
#1325 = EDGE_CURVE('',#1319,#1326,#1328,.T.);
#1326 = VERTEX_POINT('',#1327);
#1327 = CARTESIAN_POINT('',(12.,206.,1.));
#1328 = LINE('',#1329,#1330);
#1329 = CARTESIAN_POINT('',(67.5,206.,1.));
#1330 = VECTOR('',#1331,1.);
#1331 = DIRECTION('',(-1.,0.,0.));
#1332 = ORIENTED_EDGE('',*,*,#1333,.T.);
#1333 = EDGE_CURVE('',#1326,#1309,#1334,.T.);
#1334 = LINE('',#1335,#1336);
#1335 = CARTESIAN_POINT('',(12.,206.5,1.));
#1336 = VECTOR('',#1337,1.);
#1337 = DIRECTION('',(0.,1.,0.));
#1338 = FACE_BOUND('',#1339,.T.);
#1339 = EDGE_LOOP('',(#1340,#1350,#1357,#1365));
#1340 = ORIENTED_EDGE('',*,*,#1341,.F.);
#1341 = EDGE_CURVE('',#1342,#1344,#1346,.T.);
#1342 = VERTEX_POINT('',#1343);
#1343 = CARTESIAN_POINT('',(68.,205.,1.));
#1344 = VERTEX_POINT('',#1345);
#1345 = CARTESIAN_POINT('',(12.,205.,1.));
#1346 = LINE('',#1347,#1348);
#1347 = CARTESIAN_POINT('',(67.5,205.,1.));
#1348 = VECTOR('',#1349,1.);
#1349 = DIRECTION('',(-1.,0.,0.));
#1350 = ORIENTED_EDGE('',*,*,#1351,.F.);
#1351 = EDGE_CURVE('',#1352,#1342,#1354,.T.);
#1352 = VERTEX_POINT('',#1353);
#1353 = CARTESIAN_POINT('',(68.,203.,1.));
#1354 = B_SPLINE_CURVE_WITH_KNOTS('',1,(#1355,#1356),.UNSPECIFIED.,.F.,
  .F.,(2,2),(-0.775,1.775),.PIECEWISE_BEZIER_KNOTS.);
#1355 = CARTESIAN_POINT('',(68.,202.725,1.));
#1356 = CARTESIAN_POINT('',(68.,205.275,1.));
#1357 = ORIENTED_EDGE('',*,*,#1358,.F.);
#1358 = EDGE_CURVE('',#1359,#1352,#1361,.T.);
#1359 = VERTEX_POINT('',#1360);
#1360 = CARTESIAN_POINT('',(12.,203.,1.));
#1361 = LINE('',#1362,#1363);
#1362 = CARTESIAN_POINT('',(12.5,203.,1.));
#1363 = VECTOR('',#1364,1.);
#1364 = DIRECTION('',(1.,0.,0.));
#1365 = ORIENTED_EDGE('',*,*,#1366,.F.);
#1366 = EDGE_CURVE('',#1344,#1359,#1367,.T.);
#1367 = LINE('',#1368,#1369);
#1368 = CARTESIAN_POINT('',(12.,204.5,1.));
#1369 = VECTOR('',#1370,1.);
#1370 = DIRECTION('',(0.,-1.,0.));
#1371 = FACE_BOUND('',#1372,.T.);
#1372 = EDGE_LOOP('',(#1373));
#1373 = ORIENTED_EDGE('',*,*,#1374,.F.);
#1374 = EDGE_CURVE('',#1375,#1375,#1377,.T.);
#1375 = VERTEX_POINT('',#1376);
#1376 = CARTESIAN_POINT('',(68.5,211.,1.));
#1377 = CIRCLE('',#1378,1.5);
#1378 = AXIS2_PLACEMENT_3D('',#1379,#1380,#1381);
#1379 = CARTESIAN_POINT('',(67.,211.,1.));
#1380 = DIRECTION('',(0.,0.,1.));
#1381 = DIRECTION('',(1.,0.,0.));
#1382 = FACE_BOUND('',#1383,.T.);
#1383 = EDGE_LOOP('',(#1384,#1394,#1402,#1410,#1418,#1426));
#1384 = ORIENTED_EDGE('',*,*,#1385,.T.);
#1385 = EDGE_CURVE('',#1386,#1388,#1390,.T.);
#1386 = VERTEX_POINT('',#1387);
#1387 = CARTESIAN_POINT('',(71.,215.5,1.));
#1388 = VERTEX_POINT('',#1389);
#1389 = CARTESIAN_POINT('',(73.,215.5,1.));
#1390 = LINE('',#1391,#1392);
#1391 = CARTESIAN_POINT('',(71.5,215.5,1.));
#1392 = VECTOR('',#1393,1.);
#1393 = DIRECTION('',(1.,0.,0.));
#1394 = ORIENTED_EDGE('',*,*,#1395,.T.);
#1395 = EDGE_CURVE('',#1388,#1396,#1398,.T.);
#1396 = VERTEX_POINT('',#1397);
#1397 = CARTESIAN_POINT('',(73.,205.,1.));
#1398 = LINE('',#1399,#1400);
#1399 = CARTESIAN_POINT('',(73.,215.,1.));
#1400 = VECTOR('',#1401,1.);
#1401 = DIRECTION('',(0.,-1.,0.));
#1402 = ORIENTED_EDGE('',*,*,#1403,.F.);
#1403 = EDGE_CURVE('',#1404,#1396,#1406,.T.);
#1404 = VERTEX_POINT('',#1405);
#1405 = CARTESIAN_POINT('',(75.5,205.,1.));
#1406 = LINE('',#1407,#1408);
#1407 = CARTESIAN_POINT('',(75.,205.,1.));
#1408 = VECTOR('',#1409,1.);
#1409 = DIRECTION('',(-1.,0.,0.));
#1410 = ORIENTED_EDGE('',*,*,#1411,.F.);
#1411 = EDGE_CURVE('',#1412,#1404,#1414,.T.);
#1412 = VERTEX_POINT('',#1413);
#1413 = CARTESIAN_POINT('',(75.5,203.,1.));
#1414 = LINE('',#1415,#1416);
#1415 = CARTESIAN_POINT('',(75.5,203.5,1.));
#1416 = VECTOR('',#1417,1.);
#1417 = DIRECTION('',(0.,1.,0.));
#1418 = ORIENTED_EDGE('',*,*,#1419,.F.);
#1419 = EDGE_CURVE('',#1420,#1412,#1422,.T.);
#1420 = VERTEX_POINT('',#1421);
#1421 = CARTESIAN_POINT('',(71.,203.,1.));
#1422 = LINE('',#1423,#1424);
#1423 = CARTESIAN_POINT('',(71.5,203.,1.));
#1424 = VECTOR('',#1425,1.);
#1425 = DIRECTION('',(1.,0.,0.));
#1426 = ORIENTED_EDGE('',*,*,#1427,.T.);
#1427 = EDGE_CURVE('',#1420,#1386,#1428,.T.);
#1428 = LINE('',#1429,#1430);
#1429 = CARTESIAN_POINT('',(71.,203.5,1.));
#1430 = VECTOR('',#1431,1.);
#1431 = DIRECTION('',(0.,1.,0.));
#1432 = FACE_BOUND('',#1433,.T.);
#1433 = EDGE_LOOP('',(#1434));
#1434 = ORIENTED_EDGE('',*,*,#1435,.F.);
#1435 = EDGE_CURVE('',#1436,#1436,#1438,.T.);
#1436 = VERTEX_POINT('',#1437);
#1437 = CARTESIAN_POINT('',(21.5,189.,1.));
#1438 = CIRCLE('',#1439,1.5);
#1439 = AXIS2_PLACEMENT_3D('',#1440,#1441,#1442);
#1440 = CARTESIAN_POINT('',(20.,189.,1.));
#1441 = DIRECTION('',(0.,0.,1.));
#1442 = DIRECTION('',(1.,0.,0.));
#1443 = FACE_BOUND('',#1444,.T.);
#1444 = EDGE_LOOP('',(#1445));
#1445 = ORIENTED_EDGE('',*,*,#1446,.F.);
#1446 = EDGE_CURVE('',#1447,#1447,#1449,.T.);
#1447 = VERTEX_POINT('',#1448);
#1448 = CARTESIAN_POINT('',(41.5,185.,1.));
#1449 = CIRCLE('',#1450,1.5);
#1450 = AXIS2_PLACEMENT_3D('',#1451,#1452,#1453);
#1451 = CARTESIAN_POINT('',(40.,185.,1.));
#1452 = DIRECTION('',(0.,0.,1.));
#1453 = DIRECTION('',(1.,0.,0.));
#1454 = FACE_BOUND('',#1455,.T.);
#1455 = EDGE_LOOP('',(#1456));
#1456 = ORIENTED_EDGE('',*,*,#1457,.F.);
#1457 = EDGE_CURVE('',#1458,#1458,#1460,.T.);
#1458 = VERTEX_POINT('',#1459);
#1459 = CARTESIAN_POINT('',(61.5,189.,1.));
#1460 = CIRCLE('',#1461,1.5);
#1461 = AXIS2_PLACEMENT_3D('',#1462,#1463,#1464);
#1462 = CARTESIAN_POINT('',(60.,189.,1.));
#1463 = DIRECTION('',(0.,0.,1.));
#1464 = DIRECTION('',(1.,0.,0.));
#1465 = FACE_BOUND('',#1466,.T.);
#1466 = EDGE_LOOP('',(#1467,#1477,#1485,#1493));
#1467 = ORIENTED_EDGE('',*,*,#1468,.F.);
#1468 = EDGE_CURVE('',#1469,#1471,#1473,.T.);
#1469 = VERTEX_POINT('',#1470);
#1470 = CARTESIAN_POINT('',(73.,171.,1.));
#1471 = VERTEX_POINT('',#1472);
#1472 = CARTESIAN_POINT('',(7.,171.,1.));
#1473 = LINE('',#1474,#1475);
#1474 = CARTESIAN_POINT('',(72.5,171.,1.));
#1475 = VECTOR('',#1476,1.);
#1476 = DIRECTION('',(-1.,0.,0.));
#1477 = ORIENTED_EDGE('',*,*,#1478,.F.);
#1478 = EDGE_CURVE('',#1479,#1469,#1481,.T.);
#1479 = VERTEX_POINT('',#1480);
#1480 = CARTESIAN_POINT('',(73.,169.,1.));
#1481 = LINE('',#1482,#1483);
#1482 = CARTESIAN_POINT('',(73.,169.5,1.));
#1483 = VECTOR('',#1484,1.);
#1484 = DIRECTION('',(0.,1.,0.));
#1485 = ORIENTED_EDGE('',*,*,#1486,.F.);
#1486 = EDGE_CURVE('',#1487,#1479,#1489,.T.);
#1487 = VERTEX_POINT('',#1488);
#1488 = CARTESIAN_POINT('',(7.,169.,1.));
#1489 = LINE('',#1490,#1491);
#1490 = CARTESIAN_POINT('',(7.5,169.,1.));
#1491 = VECTOR('',#1492,1.);
#1492 = DIRECTION('',(1.,0.,0.));
#1493 = ORIENTED_EDGE('',*,*,#1494,.F.);
#1494 = EDGE_CURVE('',#1471,#1487,#1495,.T.);
#1495 = LINE('',#1496,#1497);
#1496 = CARTESIAN_POINT('',(7.,170.5,1.));
#1497 = VECTOR('',#1498,1.);
#1498 = DIRECTION('',(0.,-1.,0.));
#1499 = FACE_BOUND('',#1500,.T.);
#1500 = EDGE_LOOP('',(#1501,#1511,#1519,#1527));
#1501 = ORIENTED_EDGE('',*,*,#1502,.F.);
#1502 = EDGE_CURVE('',#1503,#1505,#1507,.T.);
#1503 = VERTEX_POINT('',#1504);
#1504 = CARTESIAN_POINT('',(73.,168.,1.));
#1505 = VERTEX_POINT('',#1506);
#1506 = CARTESIAN_POINT('',(7.,168.,1.));
#1507 = LINE('',#1508,#1509);
#1508 = CARTESIAN_POINT('',(72.5,168.,1.));
#1509 = VECTOR('',#1510,1.);
#1510 = DIRECTION('',(-1.,0.,0.));
#1511 = ORIENTED_EDGE('',*,*,#1512,.F.);
#1512 = EDGE_CURVE('',#1513,#1503,#1515,.T.);
#1513 = VERTEX_POINT('',#1514);
#1514 = CARTESIAN_POINT('',(73.,166.,1.));
#1515 = LINE('',#1516,#1517);
#1516 = CARTESIAN_POINT('',(73.,166.5,1.));
#1517 = VECTOR('',#1518,1.);
#1518 = DIRECTION('',(0.,1.,0.));
#1519 = ORIENTED_EDGE('',*,*,#1520,.F.);
#1520 = EDGE_CURVE('',#1521,#1513,#1523,.T.);
#1521 = VERTEX_POINT('',#1522);
#1522 = CARTESIAN_POINT('',(7.,166.,1.));
#1523 = LINE('',#1524,#1525);
#1524 = CARTESIAN_POINT('',(7.5,166.,1.));
#1525 = VECTOR('',#1526,1.);
#1526 = DIRECTION('',(1.,0.,0.));
#1527 = ORIENTED_EDGE('',*,*,#1528,.F.);
#1528 = EDGE_CURVE('',#1505,#1521,#1529,.T.);
#1529 = LINE('',#1530,#1531);
#1530 = CARTESIAN_POINT('',(7.,167.5,1.));
#1531 = VECTOR('',#1532,1.);
#1532 = DIRECTION('',(0.,-1.,0.));
#1533 = FACE_BOUND('',#1534,.T.);
#1534 = EDGE_LOOP('',(#1535));
#1535 = ORIENTED_EDGE('',*,*,#1536,.F.);
#1536 = EDGE_CURVE('',#1537,#1537,#1539,.T.);
#1537 = VERTEX_POINT('',#1538);
#1538 = CARTESIAN_POINT('',(19.5,156.,1.));
#1539 = CIRCLE('',#1540,1.5);
#1540 = AXIS2_PLACEMENT_3D('',#1541,#1542,#1543);
#1541 = CARTESIAN_POINT('',(18.,156.,1.));
#1542 = DIRECTION('',(0.,0.,1.));
#1543 = DIRECTION('',(1.,0.,0.));
#1544 = FACE_BOUND('',#1545,.T.);
#1545 = EDGE_LOOP('',(#1546));
#1546 = ORIENTED_EDGE('',*,*,#1547,.F.);
#1547 = EDGE_CURVE('',#1548,#1548,#1550,.T.);
#1548 = VERTEX_POINT('',#1549);
#1549 = CARTESIAN_POINT('',(41.5,156.,1.));
#1550 = CIRCLE('',#1551,1.5);
#1551 = AXIS2_PLACEMENT_3D('',#1552,#1553,#1554);
#1552 = CARTESIAN_POINT('',(40.,156.,1.));
#1553 = DIRECTION('',(0.,0.,1.));
#1554 = DIRECTION('',(1.,0.,0.));
#1555 = FACE_BOUND('',#1556,.T.);
#1556 = EDGE_LOOP('',(#1557));
#1557 = ORIENTED_EDGE('',*,*,#1558,.F.);
#1558 = EDGE_CURVE('',#1559,#1559,#1561,.T.);
#1559 = VERTEX_POINT('',#1560);
#1560 = CARTESIAN_POINT('',(63.5,156.,1.));
#1561 = CIRCLE('',#1562,1.5);
#1562 = AXIS2_PLACEMENT_3D('',#1563,#1564,#1565);
#1563 = CARTESIAN_POINT('',(62.,156.,1.));
#1564 = DIRECTION('',(0.,0.,1.));
#1565 = DIRECTION('',(1.,0.,0.));
#1566 = FACE_BOUND('',#1567,.T.);
#1567 = EDGE_LOOP('',(#1568));
#1568 = ORIENTED_EDGE('',*,*,#1569,.F.);
#1569 = EDGE_CURVE('',#1570,#1570,#1572,.T.);
#1570 = VERTEX_POINT('',#1571);
#1571 = CARTESIAN_POINT('',(19.5,130.,1.));
#1572 = CIRCLE('',#1573,1.5);
#1573 = AXIS2_PLACEMENT_3D('',#1574,#1575,#1576);
#1574 = CARTESIAN_POINT('',(18.,130.,1.));
#1575 = DIRECTION('',(0.,0.,1.));
#1576 = DIRECTION('',(1.,0.,0.));
#1577 = FACE_BOUND('',#1578,.T.);
#1578 = EDGE_LOOP('',(#1579));
#1579 = ORIENTED_EDGE('',*,*,#1580,.F.);
#1580 = EDGE_CURVE('',#1581,#1581,#1583,.T.);
#1581 = VERTEX_POINT('',#1582);
#1582 = CARTESIAN_POINT('',(41.5,130.,1.));
#1583 = CIRCLE('',#1584,1.5);
#1584 = AXIS2_PLACEMENT_3D('',#1585,#1586,#1587);
#1585 = CARTESIAN_POINT('',(40.,130.,1.));
#1586 = DIRECTION('',(0.,0.,1.));
#1587 = DIRECTION('',(1.,0.,0.));
#1588 = FACE_BOUND('',#1589,.T.);
#1589 = EDGE_LOOP('',(#1590));
#1590 = ORIENTED_EDGE('',*,*,#1591,.F.);
#1591 = EDGE_CURVE('',#1592,#1592,#1594,.T.);
#1592 = VERTEX_POINT('',#1593);
#1593 = CARTESIAN_POINT('',(63.5,130.,1.));
#1594 = CIRCLE('',#1595,1.5);
#1595 = AXIS2_PLACEMENT_3D('',#1596,#1597,#1598);
#1596 = CARTESIAN_POINT('',(62.,130.,1.));
#1597 = DIRECTION('',(0.,0.,1.));
#1598 = DIRECTION('',(1.,0.,0.));
#1599 = FACE_BOUND('',#1600,.T.);
#1600 = EDGE_LOOP('',(#1601));
#1601 = ORIENTED_EDGE('',*,*,#1602,.F.);
#1602 = EDGE_CURVE('',#1603,#1603,#1605,.T.);
#1603 = VERTEX_POINT('',#1604);
#1604 = CARTESIAN_POINT('',(41.5,58.,1.));
#1605 = CIRCLE('',#1606,1.5);
#1606 = AXIS2_PLACEMENT_3D('',#1607,#1608,#1609);
#1607 = CARTESIAN_POINT('',(40.,58.,1.));
#1608 = DIRECTION('',(0.,0.,1.));
#1609 = DIRECTION('',(1.,0.,0.));
#1610 = FACE_BOUND('',#1611,.T.);
#1611 = EDGE_LOOP('',(#1612));
#1612 = ORIENTED_EDGE('',*,*,#1613,.F.);
#1613 = EDGE_CURVE('',#1614,#1614,#1616,.T.);
#1614 = VERTEX_POINT('',#1615);
#1615 = CARTESIAN_POINT('',(19.5,58.,1.));
#1616 = CIRCLE('',#1617,1.5);
#1617 = AXIS2_PLACEMENT_3D('',#1618,#1619,#1620);
#1618 = CARTESIAN_POINT('',(18.,58.,1.));
#1619 = DIRECTION('',(0.,0.,1.));
#1620 = DIRECTION('',(1.,0.,0.));
#1621 = FACE_BOUND('',#1622,.T.);
#1622 = EDGE_LOOP('',(#1623));
#1623 = ORIENTED_EDGE('',*,*,#1624,.F.);
#1624 = EDGE_CURVE('',#1625,#1625,#1627,.T.);
#1625 = VERTEX_POINT('',#1626);
#1626 = CARTESIAN_POINT('',(63.5,58.,1.));
#1627 = CIRCLE('',#1628,1.5);
#1628 = AXIS2_PLACEMENT_3D('',#1629,#1630,#1631);
#1629 = CARTESIAN_POINT('',(62.,58.,1.));
#1630 = DIRECTION('',(0.,0.,1.));
#1631 = DIRECTION('',(1.,0.,0.));
#1632 = FACE_BOUND('',#1633,.T.);
#1633 = EDGE_LOOP('',(#1634,#1644,#1652,#1660));
#1634 = ORIENTED_EDGE('',*,*,#1635,.F.);
#1635 = EDGE_CURVE('',#1636,#1638,#1640,.T.);
#1636 = VERTEX_POINT('',#1637);
#1637 = CARTESIAN_POINT('',(73.,48.,1.));
#1638 = VERTEX_POINT('',#1639);
#1639 = CARTESIAN_POINT('',(7.,48.,1.));
#1640 = LINE('',#1641,#1642);
#1641 = CARTESIAN_POINT('',(72.5,48.,1.));
#1642 = VECTOR('',#1643,1.);
#1643 = DIRECTION('',(-1.,0.,0.));
#1644 = ORIENTED_EDGE('',*,*,#1645,.F.);
#1645 = EDGE_CURVE('',#1646,#1636,#1648,.T.);
#1646 = VERTEX_POINT('',#1647);
#1647 = CARTESIAN_POINT('',(73.,46.,1.));
#1648 = LINE('',#1649,#1650);
#1649 = CARTESIAN_POINT('',(73.,46.5,1.));
#1650 = VECTOR('',#1651,1.);
#1651 = DIRECTION('',(0.,1.,0.));
#1652 = ORIENTED_EDGE('',*,*,#1653,.F.);
#1653 = EDGE_CURVE('',#1654,#1646,#1656,.T.);
#1654 = VERTEX_POINT('',#1655);
#1655 = CARTESIAN_POINT('',(7.,46.,1.));
#1656 = LINE('',#1657,#1658);
#1657 = CARTESIAN_POINT('',(7.5,46.,1.));
#1658 = VECTOR('',#1659,1.);
#1659 = DIRECTION('',(1.,0.,0.));
#1660 = ORIENTED_EDGE('',*,*,#1661,.F.);
#1661 = EDGE_CURVE('',#1638,#1654,#1662,.T.);
#1662 = LINE('',#1663,#1664);
#1663 = CARTESIAN_POINT('',(7.,47.5,1.));
#1664 = VECTOR('',#1665,1.);
#1665 = DIRECTION('',(0.,-1.,0.));
#1666 = FACE_BOUND('',#1667,.T.);
#1667 = EDGE_LOOP('',(#1668,#1678,#1686,#1694));
#1668 = ORIENTED_EDGE('',*,*,#1669,.F.);
#1669 = EDGE_CURVE('',#1670,#1672,#1674,.T.);
#1670 = VERTEX_POINT('',#1671);
#1671 = CARTESIAN_POINT('',(73.,45.,1.));
#1672 = VERTEX_POINT('',#1673);
#1673 = CARTESIAN_POINT('',(7.,45.,1.));
#1674 = LINE('',#1675,#1676);
#1675 = CARTESIAN_POINT('',(72.5,45.,1.));
#1676 = VECTOR('',#1677,1.);
#1677 = DIRECTION('',(-1.,0.,0.));
#1678 = ORIENTED_EDGE('',*,*,#1679,.F.);
#1679 = EDGE_CURVE('',#1680,#1670,#1682,.T.);
#1680 = VERTEX_POINT('',#1681);
#1681 = CARTESIAN_POINT('',(73.,43.,1.));
#1682 = LINE('',#1683,#1684);
#1683 = CARTESIAN_POINT('',(73.,43.5,1.));
#1684 = VECTOR('',#1685,1.);
#1685 = DIRECTION('',(0.,1.,0.));
#1686 = ORIENTED_EDGE('',*,*,#1687,.F.);
#1687 = EDGE_CURVE('',#1688,#1680,#1690,.T.);
#1688 = VERTEX_POINT('',#1689);
#1689 = CARTESIAN_POINT('',(7.,43.,1.));
#1690 = LINE('',#1691,#1692);
#1691 = CARTESIAN_POINT('',(7.5,43.,1.));
#1692 = VECTOR('',#1693,1.);
#1693 = DIRECTION('',(1.,0.,0.));
#1694 = ORIENTED_EDGE('',*,*,#1695,.F.);
#1695 = EDGE_CURVE('',#1672,#1688,#1696,.T.);
#1696 = LINE('',#1697,#1698);
#1697 = CARTESIAN_POINT('',(7.,44.5,1.));
#1698 = VECTOR('',#1699,1.);
#1699 = DIRECTION('',(0.,-1.,0.));
#1700 = FACE_BOUND('',#1701,.T.);
#1701 = EDGE_LOOP('',(#1702,#1712,#1720,#1728,#1736,#1744));
#1702 = ORIENTED_EDGE('',*,*,#1703,.T.);
#1703 = EDGE_CURVE('',#1704,#1706,#1708,.T.);
#1704 = VERTEX_POINT('',#1705);
#1705 = CARTESIAN_POINT('',(4.5,17.,1.));
#1706 = VERTEX_POINT('',#1707);
#1707 = CARTESIAN_POINT('',(9.,17.,1.));
#1708 = LINE('',#1709,#1710);
#1709 = CARTESIAN_POINT('',(5.,17.,1.));
#1710 = VECTOR('',#1711,1.);
#1711 = DIRECTION('',(1.,0.,0.));
#1712 = ORIENTED_EDGE('',*,*,#1713,.F.);
#1713 = EDGE_CURVE('',#1714,#1706,#1716,.T.);
#1714 = VERTEX_POINT('',#1715);
#1715 = CARTESIAN_POINT('',(9.,4.5,1.));
#1716 = LINE('',#1717,#1718);
#1717 = CARTESIAN_POINT('',(9.,5.,1.));
#1718 = VECTOR('',#1719,1.);
#1719 = DIRECTION('',(0.,1.,0.));
#1720 = ORIENTED_EDGE('',*,*,#1721,.F.);
#1721 = EDGE_CURVE('',#1722,#1714,#1724,.T.);
#1722 = VERTEX_POINT('',#1723);
#1723 = CARTESIAN_POINT('',(7.,4.5,1.));
#1724 = LINE('',#1725,#1726);
#1725 = CARTESIAN_POINT('',(7.5,4.5,1.));
#1726 = VECTOR('',#1727,1.);
#1727 = DIRECTION('',(1.,0.,0.));
#1728 = ORIENTED_EDGE('',*,*,#1729,.F.);
#1729 = EDGE_CURVE('',#1730,#1722,#1732,.T.);
#1730 = VERTEX_POINT('',#1731);
#1731 = CARTESIAN_POINT('',(7.,15.,1.));
#1732 = LINE('',#1733,#1734);
#1733 = CARTESIAN_POINT('',(7.,15.5,1.));
#1734 = VECTOR('',#1735,1.);
#1735 = DIRECTION('',(0.,-1.,0.));
#1736 = ORIENTED_EDGE('',*,*,#1737,.F.);
#1737 = EDGE_CURVE('',#1738,#1730,#1740,.T.);
#1738 = VERTEX_POINT('',#1739);
#1739 = CARTESIAN_POINT('',(4.5,15.,1.));
#1740 = LINE('',#1741,#1742);
#1741 = CARTESIAN_POINT('',(5.,15.,1.));
#1742 = VECTOR('',#1743,1.);
#1743 = DIRECTION('',(1.,0.,0.));
#1744 = ORIENTED_EDGE('',*,*,#1745,.F.);
#1745 = EDGE_CURVE('',#1704,#1738,#1746,.T.);
#1746 = LINE('',#1747,#1748);
#1747 = CARTESIAN_POINT('',(4.5,16.5,1.));
#1748 = VECTOR('',#1749,1.);
#1749 = DIRECTION('',(0.,-1.,0.));
#1750 = FACE_BOUND('',#1751,.T.);
#1751 = EDGE_LOOP('',(#1752,#1762,#1770,#1778,#1786,#1794));
#1752 = ORIENTED_EDGE('',*,*,#1753,.F.);
#1753 = EDGE_CURVE('',#1754,#1756,#1758,.T.);
#1754 = VERTEX_POINT('',#1755);
#1755 = CARTESIAN_POINT('',(75.5,17.,1.));
#1756 = VERTEX_POINT('',#1757);
#1757 = CARTESIAN_POINT('',(71.,17.,1.));
#1758 = LINE('',#1759,#1760);
#1759 = CARTESIAN_POINT('',(75.,17.,1.));
#1760 = VECTOR('',#1761,1.);
#1761 = DIRECTION('',(-1.,0.,0.));
#1762 = ORIENTED_EDGE('',*,*,#1763,.T.);
#1763 = EDGE_CURVE('',#1754,#1764,#1766,.T.);
#1764 = VERTEX_POINT('',#1765);
#1765 = CARTESIAN_POINT('',(75.5,15.,1.));
#1766 = LINE('',#1767,#1768);
#1767 = CARTESIAN_POINT('',(75.5,16.5,1.));
#1768 = VECTOR('',#1769,1.);
#1769 = DIRECTION('',(0.,-1.,0.));
#1770 = ORIENTED_EDGE('',*,*,#1771,.T.);
#1771 = EDGE_CURVE('',#1764,#1772,#1774,.T.);
#1772 = VERTEX_POINT('',#1773);
#1773 = CARTESIAN_POINT('',(73.,15.,1.));
#1774 = LINE('',#1775,#1776);
#1775 = CARTESIAN_POINT('',(75.,15.,1.));
#1776 = VECTOR('',#1777,1.);
#1777 = DIRECTION('',(-1.,0.,0.));
#1778 = ORIENTED_EDGE('',*,*,#1779,.T.);
#1779 = EDGE_CURVE('',#1772,#1780,#1782,.T.);
#1780 = VERTEX_POINT('',#1781);
#1781 = CARTESIAN_POINT('',(73.,4.5,1.));
#1782 = LINE('',#1783,#1784);
#1783 = CARTESIAN_POINT('',(73.,15.5,1.));
#1784 = VECTOR('',#1785,1.);
#1785 = DIRECTION('',(0.,-1.,0.));
#1786 = ORIENTED_EDGE('',*,*,#1787,.T.);
#1787 = EDGE_CURVE('',#1780,#1788,#1790,.T.);
#1788 = VERTEX_POINT('',#1789);
#1789 = CARTESIAN_POINT('',(71.,4.5,1.));
#1790 = LINE('',#1791,#1792);
#1791 = CARTESIAN_POINT('',(72.5,4.5,1.));
#1792 = VECTOR('',#1793,1.);
#1793 = DIRECTION('',(-1.,0.,0.));
#1794 = ORIENTED_EDGE('',*,*,#1795,.T.);
#1795 = EDGE_CURVE('',#1788,#1756,#1796,.T.);
#1796 = LINE('',#1797,#1798);
#1797 = CARTESIAN_POINT('',(71.,5.,1.));
#1798 = VECTOR('',#1799,1.);
#1799 = DIRECTION('',(0.,1.,0.));
#1800 = FACE_BOUND('',#1801,.T.);
#1801 = EDGE_LOOP('',(#1802,#1812,#1820,#1828));
#1802 = ORIENTED_EDGE('',*,*,#1803,.F.);
#1803 = EDGE_CURVE('',#1804,#1806,#1808,.T.);
#1804 = VERTEX_POINT('',#1805);
#1805 = CARTESIAN_POINT('',(68.,17.,1.));
#1806 = VERTEX_POINT('',#1807);
#1807 = CARTESIAN_POINT('',(12.,17.,1.));
#1808 = LINE('',#1809,#1810);
#1809 = CARTESIAN_POINT('',(67.5,17.,1.));
#1810 = VECTOR('',#1811,1.);
#1811 = DIRECTION('',(-1.,0.,0.));
#1812 = ORIENTED_EDGE('',*,*,#1813,.F.);
#1813 = EDGE_CURVE('',#1814,#1804,#1816,.T.);
#1814 = VERTEX_POINT('',#1815);
#1815 = CARTESIAN_POINT('',(68.,15.,1.));
#1816 = LINE('',#1817,#1818);
#1817 = CARTESIAN_POINT('',(68.,15.5,1.));
#1818 = VECTOR('',#1819,1.);
#1819 = DIRECTION('',(0.,1.,0.));
#1820 = ORIENTED_EDGE('',*,*,#1821,.F.);
#1821 = EDGE_CURVE('',#1822,#1814,#1824,.T.);
#1822 = VERTEX_POINT('',#1823);
#1823 = CARTESIAN_POINT('',(12.,15.,1.));
#1824 = LINE('',#1825,#1826);
#1825 = CARTESIAN_POINT('',(12.5,15.,1.));
#1826 = VECTOR('',#1827,1.);
#1827 = DIRECTION('',(1.,0.,0.));
#1828 = ORIENTED_EDGE('',*,*,#1829,.F.);
#1829 = EDGE_CURVE('',#1806,#1822,#1830,.T.);
#1830 = LINE('',#1831,#1832);
#1831 = CARTESIAN_POINT('',(12.,16.5,1.));
#1832 = VECTOR('',#1833,1.);
#1833 = DIRECTION('',(0.,-1.,0.));
#1834 = FACE_BOUND('',#1835,.T.);
#1835 = EDGE_LOOP('',(#1836,#1846,#1854,#1862));
#1836 = ORIENTED_EDGE('',*,*,#1837,.F.);
#1837 = EDGE_CURVE('',#1838,#1840,#1842,.T.);
#1838 = VERTEX_POINT('',#1839);
#1839 = CARTESIAN_POINT('',(68.,14.,1.));
#1840 = VERTEX_POINT('',#1841);
#1841 = CARTESIAN_POINT('',(12.,14.,1.));
#1842 = LINE('',#1843,#1844);
#1843 = CARTESIAN_POINT('',(67.5,14.,1.));
#1844 = VECTOR('',#1845,1.);
#1845 = DIRECTION('',(-1.,0.,0.));
#1846 = ORIENTED_EDGE('',*,*,#1847,.F.);
#1847 = EDGE_CURVE('',#1848,#1838,#1850,.T.);
#1848 = VERTEX_POINT('',#1849);
#1849 = CARTESIAN_POINT('',(68.,12.,1.));
#1850 = LINE('',#1851,#1852);
#1851 = CARTESIAN_POINT('',(68.,12.5,1.));
#1852 = VECTOR('',#1853,1.);
#1853 = DIRECTION('',(0.,1.,0.));
#1854 = ORIENTED_EDGE('',*,*,#1855,.F.);
#1855 = EDGE_CURVE('',#1856,#1848,#1858,.T.);
#1856 = VERTEX_POINT('',#1857);
#1857 = CARTESIAN_POINT('',(12.,12.,1.));
#1858 = LINE('',#1859,#1860);
#1859 = CARTESIAN_POINT('',(12.5,12.,1.));
#1860 = VECTOR('',#1861,1.);
#1861 = DIRECTION('',(1.,0.,0.));
#1862 = ORIENTED_EDGE('',*,*,#1863,.F.);
#1863 = EDGE_CURVE('',#1840,#1856,#1864,.T.);
#1864 = LINE('',#1865,#1866);
#1865 = CARTESIAN_POINT('',(12.,13.5,1.));
#1866 = VECTOR('',#1867,1.);
#1867 = DIRECTION('',(0.,-1.,0.));
#1868 = FACE_BOUND('',#1869,.T.);
#1869 = EDGE_LOOP('',(#1870));
#1870 = ORIENTED_EDGE('',*,*,#1871,.F.);
#1871 = EDGE_CURVE('',#1872,#1872,#1874,.T.);
#1872 = VERTEX_POINT('',#1873);
#1873 = CARTESIAN_POINT('',(68.5,9.,1.));
#1874 = CIRCLE('',#1875,1.5);
#1875 = AXIS2_PLACEMENT_3D('',#1876,#1877,#1878);
#1876 = CARTESIAN_POINT('',(67.,9.,1.));
#1877 = DIRECTION('',(0.,0.,1.));
#1878 = DIRECTION('',(1.,0.,0.));
#1879 = FACE_BOUND('',#1880,.T.);
#1880 = EDGE_LOOP('',(#1881));
#1881 = ORIENTED_EDGE('',*,*,#1882,.F.);
#1882 = EDGE_CURVE('',#1883,#1883,#1885,.T.);
#1883 = VERTEX_POINT('',#1884);
#1884 = CARTESIAN_POINT('',(14.5,9.,1.));
#1885 = CIRCLE('',#1886,1.5);
#1886 = AXIS2_PLACEMENT_3D('',#1887,#1888,#1889);
#1887 = CARTESIAN_POINT('',(13.,9.,1.));
#1888 = DIRECTION('',(0.,0.,1.));
#1889 = DIRECTION('',(1.,0.,0.));
#1890 = PLANE('',#1891);
#1891 = AXIS2_PLACEMENT_3D('',#1892,#1893,#1894);
#1892 = CARTESIAN_POINT('',(40.,110.,1.));
#1893 = DIRECTION('',(0.,0.,1.));
#1894 = DIRECTION('',(1.,0.,0.));
#1895 = ADVANCED_FACE('',(#1896),#1921,.T.);
#1896 = FACE_BOUND('',#1897,.F.);
#1897 = EDGE_LOOP('',(#1898,#1906,#1907,#1915));
#1898 = ORIENTED_EDGE('',*,*,#1899,.F.);
#1899 = EDGE_CURVE('',#22,#1900,#1902,.T.);
#1900 = VERTEX_POINT('',#1901);
#1901 = CARTESIAN_POINT('',(39.5,5.5,0.5));
#1902 = LINE('',#1903,#1904);
#1903 = CARTESIAN_POINT('',(39.5,5.5,0.5));
#1904 = VECTOR('',#1905,1.);
#1905 = DIRECTION('',(0.57735026919,0.57735026919,-0.57735026919));
#1906 = ORIENTED_EDGE('',*,*,#21,.T.);
#1907 = ORIENTED_EDGE('',*,*,#1908,.T.);
#1908 = EDGE_CURVE('',#24,#1909,#1911,.T.);
#1909 = VERTEX_POINT('',#1910);
#1910 = CARTESIAN_POINT('',(39.5,8.5,0.5));
#1911 = LINE('',#1912,#1913);
#1912 = CARTESIAN_POINT('',(38.97354426657,7.229023428365,1.02645573343)
  );
#1913 = VECTOR('',#1914,1.);
#1914 = DIRECTION('',(0.357406744337,0.862856209461,-0.357406744337));
#1915 = ORIENTED_EDGE('',*,*,#1916,.F.);
#1916 = EDGE_CURVE('',#1900,#1909,#1917,.T.);
#1917 = LINE('',#1918,#1919);
#1918 = CARTESIAN_POINT('',(39.5,5.5,0.5));
#1919 = VECTOR('',#1920,1.);
#1920 = DIRECTION('',(0.,1.,0.));
#1921 = PLANE('',#1922);
#1922 = AXIS2_PLACEMENT_3D('',#1923,#1924,#1925);
#1923 = CARTESIAN_POINT('',(39.25,5.5,0.75));
#1924 = DIRECTION('',(0.707106781187,0.,0.707106781187));
#1925 = DIRECTION('',(-0.,-1.,-0.));
#1926 = ADVANCED_FACE('',(#1927),#1945,.T.);
#1927 = FACE_BOUND('',#1928,.F.);
#1928 = EDGE_LOOP('',(#1929,#1937,#1938,#1939));
#1929 = ORIENTED_EDGE('',*,*,#1930,.F.);
#1930 = EDGE_CURVE('',#80,#1931,#1933,.T.);
#1931 = VERTEX_POINT('',#1932);
#1932 = CARTESIAN_POINT('',(40.5,5.5,0.5));
#1933 = LINE('',#1934,#1935);
#1934 = CARTESIAN_POINT('',(40.166666666667,5.833333333333,
    0.166666666667));
#1935 = VECTOR('',#1936,1.);
#1936 = DIRECTION('',(-0.57735026919,0.57735026919,-0.57735026919));
#1937 = ORIENTED_EDGE('',*,*,#87,.T.);
#1938 = ORIENTED_EDGE('',*,*,#1899,.T.);
#1939 = ORIENTED_EDGE('',*,*,#1940,.F.);
#1940 = EDGE_CURVE('',#1931,#1900,#1941,.T.);
#1941 = LINE('',#1942,#1943);
#1942 = CARTESIAN_POINT('',(40.5,5.5,0.5));
#1943 = VECTOR('',#1944,1.);
#1944 = DIRECTION('',(-1.,0.,0.));
#1945 = PLANE('',#1946);
#1946 = AXIS2_PLACEMENT_3D('',#1947,#1948,#1949);
#1947 = CARTESIAN_POINT('',(40.5,5.25,0.75));
#1948 = DIRECTION('',(0.,0.707106781187,0.707106781187));
#1949 = DIRECTION('',(1.,-0.,-0.));
#1950 = ADVANCED_FACE('',(#1951),#1969,.T.);
#1951 = FACE_BOUND('',#1952,.F.);
#1952 = EDGE_LOOP('',(#1953,#1954,#1955,#1963));
#1953 = ORIENTED_EDGE('',*,*,#1908,.F.);
#1954 = ORIENTED_EDGE('',*,*,#31,.T.);
#1955 = ORIENTED_EDGE('',*,*,#1956,.T.);
#1956 = EDGE_CURVE('',#32,#1957,#1959,.T.);
#1957 = VERTEX_POINT('',#1958);
#1958 = CARTESIAN_POINT('',(38.43933982822,7.43933982822,0.5));
#1959 = LINE('',#1960,#1961);
#1960 = CARTESIAN_POINT('',(38.438306099012,7.551038919885,
    0.420285857898));
#1961 = VECTOR('',#1962,1.);
#1962 = DIRECTION('',(-7.532816883679E-03,0.813954754226,-0.580879432192
    ));
#1963 = ORIENTED_EDGE('',*,*,#1964,.F.);
#1964 = EDGE_CURVE('',#1909,#1957,#1965,.T.);
#1965 = LINE('',#1966,#1967);
#1966 = CARTESIAN_POINT('',(39.5,8.5,0.5));
#1967 = VECTOR('',#1968,1.);
#1968 = DIRECTION('',(-0.707106781187,-0.707106781187,0.));
#1969 = PLANE('',#1970);
#1970 = AXIS2_PLACEMENT_3D('',#1971,#1972,#1973);
#1971 = CARTESIAN_POINT('',(39.676776695297,8.323223304703,0.75));
#1972 = DIRECTION('',(-0.5,0.5,0.707106781187));
#1973 = DIRECTION('',(0.707106781187,0.707106781187,2.775557561563E-17)
  );
#1974 = ADVANCED_FACE('',(#1975),#1993,.T.);
#1975 = FACE_BOUND('',#1976,.F.);
#1976 = EDGE_LOOP('',(#1977,#1985,#1986,#1987));
#1977 = ORIENTED_EDGE('',*,*,#1978,.F.);
#1978 = EDGE_CURVE('',#72,#1979,#1981,.T.);
#1979 = VERTEX_POINT('',#1980);
#1980 = CARTESIAN_POINT('',(40.5,8.5,0.5));
#1981 = LINE('',#1982,#1983);
#1982 = CARTESIAN_POINT('',(40.795162761939,7.787414057019,
    0.795162761939));
#1983 = VECTOR('',#1984,1.);
#1984 = DIRECTION('',(-0.357406744337,0.862856209461,-0.357406744337));
#1985 = ORIENTED_EDGE('',*,*,#79,.T.);
#1986 = ORIENTED_EDGE('',*,*,#1930,.T.);
#1987 = ORIENTED_EDGE('',*,*,#1988,.F.);
#1988 = EDGE_CURVE('',#1979,#1931,#1989,.T.);
#1989 = LINE('',#1990,#1991);
#1990 = CARTESIAN_POINT('',(40.5,8.5,0.5));
#1991 = VECTOR('',#1992,1.);
#1992 = DIRECTION('',(0.,-1.,0.));
#1993 = PLANE('',#1994);
#1994 = AXIS2_PLACEMENT_3D('',#1995,#1996,#1997);
#1995 = CARTESIAN_POINT('',(40.75,8.5,0.75));
#1996 = DIRECTION('',(-0.707106781187,0.,0.707106781187));
#1997 = DIRECTION('',(-0.,1.,-0.));
#1998 = ADVANCED_FACE('',(#1999),#2017,.T.);
#1999 = FACE_BOUND('',#2000,.F.);
#2000 = EDGE_LOOP('',(#2001,#2002,#2003,#2011));
#2001 = ORIENTED_EDGE('',*,*,#1956,.F.);
#2002 = ORIENTED_EDGE('',*,*,#39,.T.);
#2003 = ORIENTED_EDGE('',*,*,#2004,.T.);
#2004 = EDGE_CURVE('',#40,#2005,#2007,.T.);
#2005 = VERTEX_POINT('',#2006);
#2006 = CARTESIAN_POINT('',(37.719267315689,8.133238651318,0.5));
#2007 = LINE('',#2008,#2009);
#2008 = CARTESIAN_POINT('',(37.719267315689,8.133238651318,0.5));
#2009 = VECTOR('',#2010,1.);
#2010 = DIRECTION('',(0.816356731252,1.511138663998E-02,-0.57735026919)
  );
#2011 = ORIENTED_EDGE('',*,*,#2012,.F.);
#2012 = EDGE_CURVE('',#1957,#2005,#2013,.T.);
#2013 = LINE('',#2014,#2015);
#2014 = CARTESIAN_POINT('',(38.43933982822,7.43933982822,0.5));
#2015 = VECTOR('',#2016,1.);
#2016 = DIRECTION('',(-0.720072512531,0.693898823098,0.));
#2017 = PLANE('',#2018);
#2018 = AXIS2_PLACEMENT_3D('',#2019,#2020,#2021);
#2019 = CARTESIAN_POINT('',(38.265865122446,7.259321700087,0.75));
#2020 = DIRECTION('',(0.49066056327,0.509168156557,0.707106781187));
#2021 = DIRECTION('',(0.720072512531,-0.693898823098,-1.665334536938E-16
    ));
#2022 = ADVANCED_FACE('',(#2023),#2041,.T.);
#2023 = FACE_BOUND('',#2024,.F.);
#2024 = EDGE_LOOP('',(#2025,#2033,#2034,#2035));
#2025 = ORIENTED_EDGE('',*,*,#2026,.F.);
#2026 = EDGE_CURVE('',#64,#2027,#2029,.T.);
#2027 = VERTEX_POINT('',#2028);
#2028 = CARTESIAN_POINT('',(41.56066017178,7.43933982822,0.5));
#2029 = LINE('',#2030,#2031);
#2030 = CARTESIAN_POINT('',(41.560620048186,7.43500429342,0.503094057723
    ));
#2031 = VECTOR('',#2032,1.);
#2032 = DIRECTION('',(7.532816883679E-03,0.813954754226,-0.580879432192)
  );
#2033 = ORIENTED_EDGE('',*,*,#71,.T.);
#2034 = ORIENTED_EDGE('',*,*,#1978,.T.);
#2035 = ORIENTED_EDGE('',*,*,#2036,.F.);
#2036 = EDGE_CURVE('',#2027,#1979,#2037,.T.);
#2037 = LINE('',#2038,#2039);
#2038 = CARTESIAN_POINT('',(41.56066017178,7.43933982822,0.5));
#2039 = VECTOR('',#2040,1.);
#2040 = DIRECTION('',(-0.707106781187,0.707106781187,0.));
#2041 = PLANE('',#2042);
#2042 = AXIS2_PLACEMENT_3D('',#2043,#2044,#2045);
#2043 = CARTESIAN_POINT('',(41.383883476483,7.262563132924,0.75));
#2044 = DIRECTION('',(0.5,0.5,0.707106781187));
#2045 = DIRECTION('',(0.707106781187,-0.707106781187,5.551115123126E-17)
  );
#2046 = ADVANCED_FACE('',(#2047),#2065,.T.);
#2047 = FACE_BOUND('',#2048,.F.);
#2048 = EDGE_LOOP('',(#2049,#2050,#2051,#2059));
#2049 = ORIENTED_EDGE('',*,*,#2004,.F.);
#2050 = ORIENTED_EDGE('',*,*,#47,.T.);
#2051 = ORIENTED_EDGE('',*,*,#2052,.T.);
#2052 = EDGE_CURVE('',#48,#2053,#2055,.T.);
#2053 = VERTEX_POINT('',#2054);
#2054 = CARTESIAN_POINT('',(40.,10.5,0.5));
#2055 = LINE('',#2056,#2057);
#2056 = CARTESIAN_POINT('',(40.,9.935414269237,0.108234625885));
#2057 = VECTOR('',#2058,1.);
#2058 = DIRECTION('',(-0.,-0.8215799279,-0.570093345051));
#2059 = ORIENTED_EDGE('',*,*,#2060,.F.);
#2060 = EDGE_CURVE('',#2005,#2053,#2061,.T.);
#2061 = LINE('',#2062,#2063);
#2062 = CARTESIAN_POINT('',(37.719267315689,8.133238651318,0.5));
#2063 = VECTOR('',#2064,1.);
#2064 = DIRECTION('',(0.693898823098,0.720072512531,0.));
#2065 = PLANE('',#2066);
#2066 = AXIS2_PLACEMENT_3D('',#2067,#2068,#2069);
#2067 = CARTESIAN_POINT('',(37.539249187556,8.306713357093,0.75));
#2068 = DIRECTION('',(0.509168156557,-0.49066056327,0.707106781187));
#2069 = DIRECTION('',(-0.693898823098,-0.720072512531,1.665334536938E-16
    ));
#2070 = ADVANCED_FACE('',(#2071),#2089,.T.);
#2071 = FACE_BOUND('',#2072,.F.);
#2072 = EDGE_LOOP('',(#2073,#2081,#2082,#2083));
#2073 = ORIENTED_EDGE('',*,*,#2074,.F.);
#2074 = EDGE_CURVE('',#56,#2075,#2077,.T.);
#2075 = VERTEX_POINT('',#2076);
#2076 = CARTESIAN_POINT('',(42.280732684311,8.133238651318,0.5));
#2077 = LINE('',#2078,#2079);
#2078 = CARTESIAN_POINT('',(41.741812234751,8.143214480474,
    0.118860413941));
#2079 = VECTOR('',#2080,1.);
#2080 = DIRECTION('',(-0.816356731252,1.511138663998E-02,-0.57735026919)
  );
#2081 = ORIENTED_EDGE('',*,*,#63,.T.);
#2082 = ORIENTED_EDGE('',*,*,#2026,.T.);
#2083 = ORIENTED_EDGE('',*,*,#2084,.F.);
#2084 = EDGE_CURVE('',#2075,#2027,#2085,.T.);
#2085 = LINE('',#2086,#2087);
#2086 = CARTESIAN_POINT('',(42.280732684311,8.133238651318,0.5));
#2087 = VECTOR('',#2088,1.);
#2088 = DIRECTION('',(-0.720072512531,-0.693898823098,0.));
#2089 = PLANE('',#2090);
#2090 = AXIS2_PLACEMENT_3D('',#2091,#2092,#2093);
#2091 = CARTESIAN_POINT('',(42.454207390086,7.953220523185,0.75));
#2092 = DIRECTION('',(-0.49066056327,0.509168156557,0.707106781187));
#2093 = DIRECTION('',(0.720072512531,0.693898823098,1.665334536938E-16)
  );
#2094 = ADVANCED_FACE('',(#2095),#2106,.T.);
#2095 = FACE_BOUND('',#2096,.F.);
#2096 = EDGE_LOOP('',(#2097,#2098,#2099,#2100));
#2097 = ORIENTED_EDGE('',*,*,#2052,.F.);
#2098 = ORIENTED_EDGE('',*,*,#55,.T.);
#2099 = ORIENTED_EDGE('',*,*,#2074,.T.);
#2100 = ORIENTED_EDGE('',*,*,#2101,.F.);
#2101 = EDGE_CURVE('',#2053,#2075,#2102,.T.);
#2102 = LINE('',#2103,#2104);
#2103 = CARTESIAN_POINT('',(40.,10.5,0.5));
#2104 = VECTOR('',#2105,1.);
#2105 = DIRECTION('',(0.693898823098,-0.720072512531,0.));
#2106 = PLANE('',#2107);
#2107 = AXIS2_PLACEMENT_3D('',#2108,#2109,#2110);
#2108 = CARTESIAN_POINT('',(40.180018128133,10.673474705775,0.75));
#2109 = DIRECTION('',(-0.509168156557,-0.49066056327,0.707106781187));
#2110 = DIRECTION('',(-0.693898823098,0.720072512531,-1.665334536938E-16
    ));
#2111 = ADVANCED_FACE('',(#2112),#2137,.F.);
#2112 = FACE_BOUND('',#2113,.T.);
#2113 = EDGE_LOOP('',(#2114,#2122,#2123,#2131));
#2114 = ORIENTED_EDGE('',*,*,#2115,.F.);
#2115 = EDGE_CURVE('',#96,#2116,#2118,.T.);
#2116 = VERTEX_POINT('',#2117);
#2117 = CARTESIAN_POINT('',(39.5,54.5,0.5));
#2118 = LINE('',#2119,#2120);
#2119 = CARTESIAN_POINT('',(39.5,54.5,0.5));
#2120 = VECTOR('',#2121,1.);
#2121 = DIRECTION('',(0.57735026919,-0.57735026919,-0.57735026919));
#2122 = ORIENTED_EDGE('',*,*,#95,.T.);
#2123 = ORIENTED_EDGE('',*,*,#2124,.T.);
#2124 = EDGE_CURVE('',#98,#2125,#2127,.T.);
#2125 = VERTEX_POINT('',#2126);
#2126 = CARTESIAN_POINT('',(39.5,51.5,0.5));
#2127 = LINE('',#2128,#2129);
#2128 = CARTESIAN_POINT('',(38.97354426657,52.770976571635,1.02645573343
    ));
#2129 = VECTOR('',#2130,1.);
#2130 = DIRECTION('',(0.357406744337,-0.862856209461,-0.357406744337));
#2131 = ORIENTED_EDGE('',*,*,#2132,.F.);
#2132 = EDGE_CURVE('',#2116,#2125,#2133,.T.);
#2133 = LINE('',#2134,#2135);
#2134 = CARTESIAN_POINT('',(39.5,54.5,0.5));
#2135 = VECTOR('',#2136,1.);
#2136 = DIRECTION('',(0.,-1.,0.));
#2137 = PLANE('',#2138);
#2138 = AXIS2_PLACEMENT_3D('',#2139,#2140,#2141);
#2139 = CARTESIAN_POINT('',(39.25,54.5,0.75));
#2140 = DIRECTION('',(-0.707106781187,0.,-0.707106781187));
#2141 = DIRECTION('',(0.,1.,0.));
#2142 = ADVANCED_FACE('',(#2143),#2161,.F.);
#2143 = FACE_BOUND('',#2144,.T.);
#2144 = EDGE_LOOP('',(#2145,#2153,#2154,#2155));
#2145 = ORIENTED_EDGE('',*,*,#2146,.F.);
#2146 = EDGE_CURVE('',#106,#2147,#2149,.T.);
#2147 = VERTEX_POINT('',#2148);
#2148 = CARTESIAN_POINT('',(40.5,54.5,0.5));
#2149 = LINE('',#2150,#2151);
#2150 = CARTESIAN_POINT('',(40.166666666667,54.166666666666,
    0.166666666667));
#2151 = VECTOR('',#2152,1.);
#2152 = DIRECTION('',(-0.57735026919,-0.57735026919,-0.57735026919));
#2153 = ORIENTED_EDGE('',*,*,#105,.T.);
#2154 = ORIENTED_EDGE('',*,*,#2115,.T.);
#2155 = ORIENTED_EDGE('',*,*,#2156,.F.);
#2156 = EDGE_CURVE('',#2147,#2116,#2157,.T.);
#2157 = LINE('',#2158,#2159);
#2158 = CARTESIAN_POINT('',(40.5,54.5,0.5));
#2159 = VECTOR('',#2160,1.);
#2160 = DIRECTION('',(-1.,0.,0.));
#2161 = PLANE('',#2162);
#2162 = AXIS2_PLACEMENT_3D('',#2163,#2164,#2165);
#2163 = CARTESIAN_POINT('',(40.5,54.75,0.75));
#2164 = DIRECTION('',(0.,0.707106781187,-0.707106781187));
#2165 = DIRECTION('',(1.,0.,0.));
#2166 = ADVANCED_FACE('',(#2167),#2185,.F.);
#2167 = FACE_BOUND('',#2168,.T.);
#2168 = EDGE_LOOP('',(#2169,#2170,#2171,#2179));
#2169 = ORIENTED_EDGE('',*,*,#2124,.F.);
#2170 = ORIENTED_EDGE('',*,*,#161,.T.);
#2171 = ORIENTED_EDGE('',*,*,#2172,.T.);
#2172 = EDGE_CURVE('',#154,#2173,#2175,.T.);
#2173 = VERTEX_POINT('',#2174);
#2174 = CARTESIAN_POINT('',(38.43933982822,52.56066017178,0.5));
#2175 = LINE('',#2176,#2177);
#2176 = CARTESIAN_POINT('',(38.438306099012,52.448961080114,
    0.420285857898));
#2177 = VECTOR('',#2178,1.);
#2178 = DIRECTION('',(-7.532816883668E-03,-0.813954754226,
    -0.580879432192));
#2179 = ORIENTED_EDGE('',*,*,#2180,.F.);
#2180 = EDGE_CURVE('',#2125,#2173,#2181,.T.);
#2181 = LINE('',#2182,#2183);
#2182 = CARTESIAN_POINT('',(39.5,51.5,0.5));
#2183 = VECTOR('',#2184,1.);
#2184 = DIRECTION('',(-0.707106781187,0.707106781187,0.));
#2185 = PLANE('',#2186);
#2186 = AXIS2_PLACEMENT_3D('',#2187,#2188,#2189);
#2187 = CARTESIAN_POINT('',(39.676776695297,51.676776695296,0.75));
#2188 = DIRECTION('',(0.5,0.5,-0.707106781187));
#2189 = DIRECTION('',(0.707106781187,-0.707106781187,2.22044604925E-16)
  );
#2190 = ADVANCED_FACE('',(#2191),#2209,.F.);
#2191 = FACE_BOUND('',#2192,.T.);
#2192 = EDGE_LOOP('',(#2193,#2201,#2202,#2203));
#2193 = ORIENTED_EDGE('',*,*,#2194,.F.);
#2194 = EDGE_CURVE('',#114,#2195,#2197,.T.);
#2195 = VERTEX_POINT('',#2196);
#2196 = CARTESIAN_POINT('',(40.5,51.5,0.5));
#2197 = LINE('',#2198,#2199);
#2198 = CARTESIAN_POINT('',(40.795162761939,52.212585942981,
    0.795162761939));
#2199 = VECTOR('',#2200,1.);
#2200 = DIRECTION('',(-0.357406744337,-0.862856209461,-0.357406744337));
#2201 = ORIENTED_EDGE('',*,*,#113,.T.);
#2202 = ORIENTED_EDGE('',*,*,#2146,.T.);
#2203 = ORIENTED_EDGE('',*,*,#2204,.F.);
#2204 = EDGE_CURVE('',#2195,#2147,#2205,.T.);
#2205 = LINE('',#2206,#2207);
#2206 = CARTESIAN_POINT('',(40.5,51.5,0.5));
#2207 = VECTOR('',#2208,1.);
#2208 = DIRECTION('',(0.,1.,0.));
#2209 = PLANE('',#2210);
#2210 = AXIS2_PLACEMENT_3D('',#2211,#2212,#2213);
#2211 = CARTESIAN_POINT('',(40.75,51.5,0.75));
#2212 = DIRECTION('',(0.707106781187,0.,-0.707106781187));
#2213 = DIRECTION('',(-0.,-1.,-0.));
#2214 = ADVANCED_FACE('',(#2215),#2233,.F.);
#2215 = FACE_BOUND('',#2216,.T.);
#2216 = EDGE_LOOP('',(#2217,#2218,#2219,#2227));
#2217 = ORIENTED_EDGE('',*,*,#2172,.F.);
#2218 = ORIENTED_EDGE('',*,*,#153,.T.);
#2219 = ORIENTED_EDGE('',*,*,#2220,.T.);
#2220 = EDGE_CURVE('',#146,#2221,#2223,.T.);
#2221 = VERTEX_POINT('',#2222);
#2222 = CARTESIAN_POINT('',(37.719267315689,51.866761348682,0.5));
#2223 = LINE('',#2224,#2225);
#2224 = CARTESIAN_POINT('',(37.719267315689,51.866761348682,0.5));
#2225 = VECTOR('',#2226,1.);
#2226 = DIRECTION('',(0.816356731252,-1.511138663997E-02,-0.57735026919)
  );
#2227 = ORIENTED_EDGE('',*,*,#2228,.F.);
#2228 = EDGE_CURVE('',#2173,#2221,#2229,.T.);
#2229 = LINE('',#2230,#2231);
#2230 = CARTESIAN_POINT('',(38.43933982822,52.56066017178,0.5));
#2231 = VECTOR('',#2232,1.);
#2232 = DIRECTION('',(-0.720072512531,-0.693898823098,0.));
#2233 = PLANE('',#2234);
#2234 = AXIS2_PLACEMENT_3D('',#2235,#2236,#2237);
#2235 = CARTESIAN_POINT('',(38.265865122446,52.740678299912,0.75));
#2236 = DIRECTION('',(-0.49066056327,0.509168156557,-0.707106781187));
#2237 = DIRECTION('',(0.720072512531,0.693898823098,1.387778780781E-16)
  );
#2238 = ADVANCED_FACE('',(#2239),#2257,.F.);
#2239 = FACE_BOUND('',#2240,.T.);
#2240 = EDGE_LOOP('',(#2241,#2249,#2250,#2251));
#2241 = ORIENTED_EDGE('',*,*,#2242,.F.);
#2242 = EDGE_CURVE('',#122,#2243,#2245,.T.);
#2243 = VERTEX_POINT('',#2244);
#2244 = CARTESIAN_POINT('',(41.56066017178,52.56066017178,0.5));
#2245 = LINE('',#2246,#2247);
#2246 = CARTESIAN_POINT('',(41.560620048186,52.56499570658,
    0.503094057723));
#2247 = VECTOR('',#2248,1.);
#2248 = DIRECTION('',(7.532816883668E-03,-0.813954754226,-0.580879432192
    ));
#2249 = ORIENTED_EDGE('',*,*,#121,.T.);
#2250 = ORIENTED_EDGE('',*,*,#2194,.T.);
#2251 = ORIENTED_EDGE('',*,*,#2252,.F.);
#2252 = EDGE_CURVE('',#2243,#2195,#2253,.T.);
#2253 = LINE('',#2254,#2255);
#2254 = CARTESIAN_POINT('',(41.56066017178,52.56066017178,0.5));
#2255 = VECTOR('',#2256,1.);
#2256 = DIRECTION('',(-0.707106781187,-0.707106781187,0.));
#2257 = PLANE('',#2258);
#2258 = AXIS2_PLACEMENT_3D('',#2259,#2260,#2261);
#2259 = CARTESIAN_POINT('',(41.383883476483,52.737436867076,0.75));
#2260 = DIRECTION('',(-0.5,0.5,-0.707106781187));
#2261 = DIRECTION('',(0.707106781187,0.707106781187,-2.775557561563E-17)
  );
#2262 = ADVANCED_FACE('',(#2263),#2281,.F.);
#2263 = FACE_BOUND('',#2264,.T.);
#2264 = EDGE_LOOP('',(#2265,#2266,#2267,#2275));
#2265 = ORIENTED_EDGE('',*,*,#2220,.F.);
#2266 = ORIENTED_EDGE('',*,*,#145,.T.);
#2267 = ORIENTED_EDGE('',*,*,#2268,.T.);
#2268 = EDGE_CURVE('',#138,#2269,#2271,.T.);
#2269 = VERTEX_POINT('',#2270);
#2270 = CARTESIAN_POINT('',(40.,49.5,0.5));
#2271 = LINE('',#2272,#2273);
#2272 = CARTESIAN_POINT('',(40.,50.064585730763,0.108234625885));
#2273 = VECTOR('',#2274,1.);
#2274 = DIRECTION('',(-6.333646519281E-17,0.8215799279,-0.570093345051)
  );
#2275 = ORIENTED_EDGE('',*,*,#2276,.F.);
#2276 = EDGE_CURVE('',#2221,#2269,#2277,.T.);
#2277 = LINE('',#2278,#2279);
#2278 = CARTESIAN_POINT('',(37.719267315689,51.866761348682,0.5));
#2279 = VECTOR('',#2280,1.);
#2280 = DIRECTION('',(0.693898823098,-0.720072512531,0.));
#2281 = PLANE('',#2282);
#2282 = AXIS2_PLACEMENT_3D('',#2283,#2284,#2285);
#2283 = CARTESIAN_POINT('',(37.539249187556,51.693286642907,0.75));
#2284 = DIRECTION('',(-0.509168156557,-0.49066056327,-0.707106781187));
#2285 = DIRECTION('',(-0.693898823098,0.720072512531,-5.551115123126E-17
    ));
#2286 = ADVANCED_FACE('',(#2287),#2305,.F.);
#2287 = FACE_BOUND('',#2288,.T.);
#2288 = EDGE_LOOP('',(#2289,#2297,#2298,#2299));
#2289 = ORIENTED_EDGE('',*,*,#2290,.F.);
#2290 = EDGE_CURVE('',#130,#2291,#2293,.T.);
#2291 = VERTEX_POINT('',#2292);
#2292 = CARTESIAN_POINT('',(42.280732684311,51.866761348682,0.5));
#2293 = LINE('',#2294,#2295);
#2294 = CARTESIAN_POINT('',(41.741812234751,51.856785519525,
    0.118860413941));
#2295 = VECTOR('',#2296,1.);
#2296 = DIRECTION('',(-0.816356731252,-1.511138663997E-02,-0.57735026919
    ));
#2297 = ORIENTED_EDGE('',*,*,#129,.T.);
#2298 = ORIENTED_EDGE('',*,*,#2242,.T.);
#2299 = ORIENTED_EDGE('',*,*,#2300,.F.);
#2300 = EDGE_CURVE('',#2291,#2243,#2301,.T.);
#2301 = LINE('',#2302,#2303);
#2302 = CARTESIAN_POINT('',(42.280732684311,51.866761348682,0.5));
#2303 = VECTOR('',#2304,1.);
#2304 = DIRECTION('',(-0.720072512531,0.693898823098,0.));
#2305 = PLANE('',#2306);
#2306 = AXIS2_PLACEMENT_3D('',#2307,#2308,#2309);
#2307 = CARTESIAN_POINT('',(42.454207390086,52.046779476814,0.75));
#2308 = DIRECTION('',(0.49066056327,0.509168156557,-0.707106781187));
#2309 = DIRECTION('',(0.720072512531,-0.693898823098,-2.775557561563E-16
    ));
#2310 = ADVANCED_FACE('',(#2311),#2322,.F.);
#2311 = FACE_BOUND('',#2312,.T.);
#2312 = EDGE_LOOP('',(#2313,#2314,#2315,#2316));
#2313 = ORIENTED_EDGE('',*,*,#2268,.F.);
#2314 = ORIENTED_EDGE('',*,*,#137,.T.);
#2315 = ORIENTED_EDGE('',*,*,#2290,.T.);
#2316 = ORIENTED_EDGE('',*,*,#2317,.F.);
#2317 = EDGE_CURVE('',#2269,#2291,#2318,.T.);
#2318 = LINE('',#2319,#2320);
#2319 = CARTESIAN_POINT('',(40.,49.5,0.5));
#2320 = VECTOR('',#2321,1.);
#2321 = DIRECTION('',(0.693898823098,0.720072512531,0.));
#2322 = PLANE('',#2323);
#2323 = AXIS2_PLACEMENT_3D('',#2324,#2325,#2326);
#2324 = CARTESIAN_POINT('',(40.180018128133,49.326525294225,0.75));
#2325 = DIRECTION('',(0.509168156557,-0.49066056327,-0.707106781187));
#2326 = DIRECTION('',(-0.693898823098,-0.720072512531,
    -1.665334536938E-16));
#2327 = ADVANCED_FACE('',(#2328),#2353,.F.);
#2328 = FACE_BOUND('',#2329,.T.);
#2329 = EDGE_LOOP('',(#2330,#2338,#2339,#2347));
#2330 = ORIENTED_EDGE('',*,*,#2331,.F.);
#2331 = EDGE_CURVE('',#170,#2332,#2334,.T.);
#2332 = VERTEX_POINT('',#2333);
#2333 = CARTESIAN_POINT('',(39.5,162.5,0.5));
#2334 = LINE('',#2335,#2336);
#2335 = CARTESIAN_POINT('',(39.204837238061,161.78741405701,
    0.795162761939));
#2336 = VECTOR('',#2337,1.);
#2337 = DIRECTION('',(0.357406744337,0.862856209461,-0.357406744337));
#2338 = ORIENTED_EDGE('',*,*,#169,.T.);
#2339 = ORIENTED_EDGE('',*,*,#2340,.T.);
#2340 = EDGE_CURVE('',#172,#2341,#2343,.T.);
#2341 = VERTEX_POINT('',#2342);
#2342 = CARTESIAN_POINT('',(39.5,159.5,0.5));
#2343 = LINE('',#2344,#2345);
#2344 = CARTESIAN_POINT('',(39.833333333333,159.83333333333,
    0.166666666667));
#2345 = VECTOR('',#2346,1.);
#2346 = DIRECTION('',(0.57735026919,0.57735026919,-0.57735026919));
#2347 = ORIENTED_EDGE('',*,*,#2348,.F.);
#2348 = EDGE_CURVE('',#2332,#2341,#2349,.T.);
#2349 = LINE('',#2350,#2351);
#2350 = CARTESIAN_POINT('',(39.5,162.5,0.5));
#2351 = VECTOR('',#2352,1.);
#2352 = DIRECTION('',(0.,-1.,0.));
#2353 = PLANE('',#2354);
#2354 = AXIS2_PLACEMENT_3D('',#2355,#2356,#2357);
#2355 = CARTESIAN_POINT('',(39.25,162.5,0.75));
#2356 = DIRECTION('',(-0.707106781187,0.,-0.707106781187));
#2357 = DIRECTION('',(0.,1.,0.));
#2358 = ADVANCED_FACE('',(#2359),#2377,.F.);
#2359 = FACE_BOUND('',#2360,.T.);
#2360 = EDGE_LOOP('',(#2361,#2369,#2370,#2371));
#2361 = ORIENTED_EDGE('',*,*,#2362,.F.);
#2362 = EDGE_CURVE('',#180,#2363,#2365,.T.);
#2363 = VERTEX_POINT('',#2364);
#2364 = CARTESIAN_POINT('',(38.43933982822,161.43933982822,0.5));
#2365 = LINE('',#2366,#2367);
#2366 = CARTESIAN_POINT('',(38.439379951814,161.43500429342,
    0.503094057723));
#2367 = VECTOR('',#2368,1.);
#2368 = DIRECTION('',(-7.532816883734E-03,0.813954754226,-0.580879432192
    ));
#2369 = ORIENTED_EDGE('',*,*,#179,.T.);
#2370 = ORIENTED_EDGE('',*,*,#2331,.T.);
#2371 = ORIENTED_EDGE('',*,*,#2372,.F.);
#2372 = EDGE_CURVE('',#2363,#2332,#2373,.T.);
#2373 = LINE('',#2374,#2375);
#2374 = CARTESIAN_POINT('',(38.43933982822,161.43933982822,0.5));
#2375 = VECTOR('',#2376,1.);
#2376 = DIRECTION('',(0.707106781187,0.707106781187,0.));
#2377 = PLANE('',#2378);
#2378 = AXIS2_PLACEMENT_3D('',#2379,#2380,#2381);
#2379 = CARTESIAN_POINT('',(38.616116523517,161.26256313292,0.75));
#2380 = DIRECTION('',(0.5,-0.5,-0.707106781187));
#2381 = DIRECTION('',(-0.707106781187,-0.707106781187,4.718447854657E-16
    ));
#2382 = ADVANCED_FACE('',(#2383),#2401,.F.);
#2383 = FACE_BOUND('',#2384,.T.);
#2384 = EDGE_LOOP('',(#2385,#2386,#2387,#2395));
#2385 = ORIENTED_EDGE('',*,*,#2340,.F.);
#2386 = ORIENTED_EDGE('',*,*,#235,.T.);
#2387 = ORIENTED_EDGE('',*,*,#2388,.T.);
#2388 = EDGE_CURVE('',#228,#2389,#2391,.T.);
#2389 = VERTEX_POINT('',#2390);
#2390 = CARTESIAN_POINT('',(40.5,159.5,0.5));
#2391 = LINE('',#2392,#2393);
#2392 = CARTESIAN_POINT('',(40.5,159.5,0.5));
#2393 = VECTOR('',#2394,1.);
#2394 = DIRECTION('',(-0.57735026919,0.57735026919,-0.57735026919));
#2395 = ORIENTED_EDGE('',*,*,#2396,.F.);
#2396 = EDGE_CURVE('',#2341,#2389,#2397,.T.);
#2397 = LINE('',#2398,#2399);
#2398 = CARTESIAN_POINT('',(39.5,159.5,0.5));
#2399 = VECTOR('',#2400,1.);
#2400 = DIRECTION('',(1.,0.,0.));
#2401 = PLANE('',#2402);
#2402 = AXIS2_PLACEMENT_3D('',#2403,#2404,#2405);
#2403 = CARTESIAN_POINT('',(39.5,159.25,0.75));
#2404 = DIRECTION('',(0.,-0.707106781187,-0.707106781187));
#2405 = DIRECTION('',(-1.,-0.,-0.));
#2406 = ADVANCED_FACE('',(#2407),#2425,.F.);
#2407 = FACE_BOUND('',#2408,.T.);
#2408 = EDGE_LOOP('',(#2409,#2417,#2418,#2419));
#2409 = ORIENTED_EDGE('',*,*,#2410,.F.);
#2410 = EDGE_CURVE('',#188,#2411,#2413,.T.);
#2411 = VERTEX_POINT('',#2412);
#2412 = CARTESIAN_POINT('',(37.719267315689,162.13323865131,0.5));
#2413 = LINE('',#2414,#2415);
#2414 = CARTESIAN_POINT('',(38.25818776525,162.14321448047,
    0.118860413941));
#2415 = VECTOR('',#2416,1.);
#2416 = DIRECTION('',(0.816356731252,1.511138664012E-02,-0.57735026919)
  );
#2417 = ORIENTED_EDGE('',*,*,#187,.T.);
#2418 = ORIENTED_EDGE('',*,*,#2362,.T.);
#2419 = ORIENTED_EDGE('',*,*,#2420,.F.);
#2420 = EDGE_CURVE('',#2411,#2363,#2421,.T.);
#2421 = LINE('',#2422,#2423);
#2422 = CARTESIAN_POINT('',(37.719267315689,162.13323865131,0.5));
#2423 = VECTOR('',#2424,1.);
#2424 = DIRECTION('',(0.720072512531,-0.693898823098,0.));
#2425 = PLANE('',#2426);
#2426 = AXIS2_PLACEMENT_3D('',#2427,#2428,#2429);
#2427 = CARTESIAN_POINT('',(37.545792609914,161.95322052318,0.75));
#2428 = DIRECTION('',(-0.49066056327,-0.509168156557,-0.707106781187));
#2429 = DIRECTION('',(-0.720072512531,0.693898823098,3.053113317719E-16)
  );
#2430 = ADVANCED_FACE('',(#2431),#2449,.F.);
#2431 = FACE_BOUND('',#2432,.T.);
#2432 = EDGE_LOOP('',(#2433,#2434,#2435,#2443));
#2433 = ORIENTED_EDGE('',*,*,#2388,.F.);
#2434 = ORIENTED_EDGE('',*,*,#227,.T.);
#2435 = ORIENTED_EDGE('',*,*,#2436,.T.);
#2436 = EDGE_CURVE('',#220,#2437,#2439,.T.);
#2437 = VERTEX_POINT('',#2438);
#2438 = CARTESIAN_POINT('',(40.5,162.5,0.5));
#2439 = LINE('',#2440,#2441);
#2440 = CARTESIAN_POINT('',(41.02645573343,161.22902342836,1.02645573343
    ));
#2441 = VECTOR('',#2442,1.);
#2442 = DIRECTION('',(-0.357406744337,0.862856209461,-0.357406744337));
#2443 = ORIENTED_EDGE('',*,*,#2444,.F.);
#2444 = EDGE_CURVE('',#2389,#2437,#2445,.T.);
#2445 = LINE('',#2446,#2447);
#2446 = CARTESIAN_POINT('',(40.5,159.5,0.5));
#2447 = VECTOR('',#2448,1.);
#2448 = DIRECTION('',(0.,1.,0.));
#2449 = PLANE('',#2450);
#2450 = AXIS2_PLACEMENT_3D('',#2451,#2452,#2453);
#2451 = CARTESIAN_POINT('',(40.75,159.5,0.75));
#2452 = DIRECTION('',(0.707106781187,0.,-0.707106781187));
#2453 = DIRECTION('',(-0.,-1.,-0.));
#2454 = ADVANCED_FACE('',(#2455),#2473,.F.);
#2455 = FACE_BOUND('',#2456,.T.);
#2456 = EDGE_LOOP('',(#2457,#2465,#2466,#2467));
#2457 = ORIENTED_EDGE('',*,*,#2458,.F.);
#2458 = EDGE_CURVE('',#196,#2459,#2461,.T.);
#2459 = VERTEX_POINT('',#2460);
#2460 = CARTESIAN_POINT('',(40.,164.5,0.5));
#2461 = LINE('',#2462,#2463);
#2462 = CARTESIAN_POINT('',(40.,163.93541426923,0.108234625885));
#2463 = VECTOR('',#2464,1.);
#2464 = DIRECTION('',(-6.33364651928E-17,-0.8215799279,-0.570093345051)
  );
#2465 = ORIENTED_EDGE('',*,*,#195,.T.);
#2466 = ORIENTED_EDGE('',*,*,#2410,.T.);
#2467 = ORIENTED_EDGE('',*,*,#2468,.F.);
#2468 = EDGE_CURVE('',#2459,#2411,#2469,.T.);
#2469 = LINE('',#2470,#2471);
#2470 = CARTESIAN_POINT('',(40.,164.5,0.5));
#2471 = VECTOR('',#2472,1.);
#2472 = DIRECTION('',(-0.693898823098,-0.720072512531,0.));
#2473 = PLANE('',#2474);
#2474 = AXIS2_PLACEMENT_3D('',#2475,#2476,#2477);
#2475 = CARTESIAN_POINT('',(39.819981871867,164.67347470577,0.75));
#2476 = DIRECTION('',(-0.509168156557,0.49066056327,-0.707106781187));
#2477 = DIRECTION('',(0.693898823098,0.720072512531,-1.387778780781E-16)
  );
#2478 = ADVANCED_FACE('',(#2479),#2497,.F.);
#2479 = FACE_BOUND('',#2480,.T.);
#2480 = EDGE_LOOP('',(#2481,#2482,#2483,#2491));
#2481 = ORIENTED_EDGE('',*,*,#2436,.F.);
#2482 = ORIENTED_EDGE('',*,*,#219,.T.);
#2483 = ORIENTED_EDGE('',*,*,#2484,.T.);
#2484 = EDGE_CURVE('',#212,#2485,#2487,.T.);
#2485 = VERTEX_POINT('',#2486);
#2486 = CARTESIAN_POINT('',(41.56066017178,161.43933982822,0.5));
#2487 = LINE('',#2488,#2489);
#2488 = CARTESIAN_POINT('',(41.561693900988,161.55103891988,
    0.420285857898));
#2489 = VECTOR('',#2490,1.);
#2490 = DIRECTION('',(7.532816883734E-03,0.813954754226,-0.580879432192)
  );
#2491 = ORIENTED_EDGE('',*,*,#2492,.F.);
#2492 = EDGE_CURVE('',#2437,#2485,#2493,.T.);
#2493 = LINE('',#2494,#2495);
#2494 = CARTESIAN_POINT('',(40.5,162.5,0.5));
#2495 = VECTOR('',#2496,1.);
#2496 = DIRECTION('',(0.707106781187,-0.707106781187,0.));
#2497 = PLANE('',#2498);
#2498 = AXIS2_PLACEMENT_3D('',#2499,#2500,#2501);
#2499 = CARTESIAN_POINT('',(40.323223304703,162.3232233047,0.75));
#2500 = DIRECTION('',(-0.5,-0.5,-0.707106781187));
#2501 = DIRECTION('',(-0.707106781187,0.707106781187,-4.718447854657E-16
    ));
#2502 = ADVANCED_FACE('',(#2503),#2521,.F.);
#2503 = FACE_BOUND('',#2504,.T.);
#2504 = EDGE_LOOP('',(#2505,#2513,#2514,#2515));
#2505 = ORIENTED_EDGE('',*,*,#2506,.F.);
#2506 = EDGE_CURVE('',#204,#2507,#2509,.T.);
#2507 = VERTEX_POINT('',#2508);
#2508 = CARTESIAN_POINT('',(42.280732684311,162.13323865131,0.5));
#2509 = LINE('',#2510,#2511);
#2510 = CARTESIAN_POINT('',(42.280732684311,162.13323865131,0.5));
#2511 = VECTOR('',#2512,1.);
#2512 = DIRECTION('',(-0.816356731252,1.511138664012E-02,-0.57735026919)
  );
#2513 = ORIENTED_EDGE('',*,*,#203,.T.);
#2514 = ORIENTED_EDGE('',*,*,#2458,.T.);
#2515 = ORIENTED_EDGE('',*,*,#2516,.F.);
#2516 = EDGE_CURVE('',#2507,#2459,#2517,.T.);
#2517 = LINE('',#2518,#2519);
#2518 = CARTESIAN_POINT('',(42.280732684311,162.13323865131,0.5));
#2519 = VECTOR('',#2520,1.);
#2520 = DIRECTION('',(-0.693898823098,0.720072512531,0.));
#2521 = PLANE('',#2522);
#2522 = AXIS2_PLACEMENT_3D('',#2523,#2524,#2525);
#2523 = CARTESIAN_POINT('',(42.460750812444,162.30671335709,0.75));
#2524 = DIRECTION('',(0.509168156557,0.49066056327,-0.707106781187));
#2525 = DIRECTION('',(0.693898823098,-0.720072512531,2.22044604925E-16)
  );
#2526 = ADVANCED_FACE('',(#2527),#2538,.F.);
#2527 = FACE_BOUND('',#2528,.T.);
#2528 = EDGE_LOOP('',(#2529,#2530,#2531,#2532));
#2529 = ORIENTED_EDGE('',*,*,#2484,.F.);
#2530 = ORIENTED_EDGE('',*,*,#211,.T.);
#2531 = ORIENTED_EDGE('',*,*,#2506,.T.);
#2532 = ORIENTED_EDGE('',*,*,#2533,.F.);
#2533 = EDGE_CURVE('',#2485,#2507,#2534,.T.);
#2534 = LINE('',#2535,#2536);
#2535 = CARTESIAN_POINT('',(41.56066017178,161.43933982822,0.5));
#2536 = VECTOR('',#2537,1.);
#2537 = DIRECTION('',(0.720072512531,0.693898823098,0.));
#2538 = PLANE('',#2539);
#2539 = AXIS2_PLACEMENT_3D('',#2540,#2541,#2542);
#2540 = CARTESIAN_POINT('',(41.734134877554,161.25932170008,0.75));
#2541 = DIRECTION('',(0.49066056327,-0.509168156557,-0.707106781187));
#2542 = DIRECTION('',(-0.720072512531,-0.693898823098,
    -2.775557561563E-16));
#2543 = ADVANCED_FACE('',(#2544),#2569,.T.);
#2544 = FACE_BOUND('',#2545,.F.);
#2545 = EDGE_LOOP('',(#2546,#2554,#2555,#2563));
#2546 = ORIENTED_EDGE('',*,*,#2547,.F.);
#2547 = EDGE_CURVE('',#244,#2548,#2550,.T.);
#2548 = VERTEX_POINT('',#2549);
#2549 = CARTESIAN_POINT('',(39.5,211.5,0.5));
#2550 = LINE('',#2551,#2552);
#2551 = CARTESIAN_POINT('',(39.204837238061,212.21258594298,
    0.795162761939));
#2552 = VECTOR('',#2553,1.);
#2553 = DIRECTION('',(0.357406744337,-0.862856209461,-0.357406744337));
#2554 = ORIENTED_EDGE('',*,*,#243,.T.);
#2555 = ORIENTED_EDGE('',*,*,#2556,.T.);
#2556 = EDGE_CURVE('',#246,#2557,#2559,.T.);
#2557 = VERTEX_POINT('',#2558);
#2558 = CARTESIAN_POINT('',(39.5,214.5,0.5));
#2559 = LINE('',#2560,#2561);
#2560 = CARTESIAN_POINT('',(39.833333333333,214.16666666666,
    0.166666666667));
#2561 = VECTOR('',#2562,1.);
#2562 = DIRECTION('',(0.57735026919,-0.57735026919,-0.57735026919));
#2563 = ORIENTED_EDGE('',*,*,#2564,.F.);
#2564 = EDGE_CURVE('',#2548,#2557,#2565,.T.);
#2565 = LINE('',#2566,#2567);
#2566 = CARTESIAN_POINT('',(39.5,211.5,0.5));
#2567 = VECTOR('',#2568,1.);
#2568 = DIRECTION('',(0.,1.,0.));
#2569 = PLANE('',#2570);
#2570 = AXIS2_PLACEMENT_3D('',#2571,#2572,#2573);
#2571 = CARTESIAN_POINT('',(39.25,211.5,0.75));
#2572 = DIRECTION('',(0.707106781187,0.,0.707106781187));
#2573 = DIRECTION('',(-0.,-1.,-0.));
#2574 = ADVANCED_FACE('',(#2575),#2593,.T.);
#2575 = FACE_BOUND('',#2576,.F.);
#2576 = EDGE_LOOP('',(#2577,#2585,#2586,#2587));
#2577 = ORIENTED_EDGE('',*,*,#2578,.F.);
#2578 = EDGE_CURVE('',#302,#2579,#2581,.T.);
#2579 = VERTEX_POINT('',#2580);
#2580 = CARTESIAN_POINT('',(38.43933982822,212.56066017178,0.5));
#2581 = LINE('',#2582,#2583);
#2582 = CARTESIAN_POINT('',(38.439379951814,212.56499570658,
    0.503094057723));
#2583 = VECTOR('',#2584,1.);
#2584 = DIRECTION('',(-7.532816883696E-03,-0.813954754226,
    -0.580879432192));
#2585 = ORIENTED_EDGE('',*,*,#309,.T.);
#2586 = ORIENTED_EDGE('',*,*,#2547,.T.);
#2587 = ORIENTED_EDGE('',*,*,#2588,.F.);
#2588 = EDGE_CURVE('',#2579,#2548,#2589,.T.);
#2589 = LINE('',#2590,#2591);
#2590 = CARTESIAN_POINT('',(38.43933982822,212.56066017178,0.5));
#2591 = VECTOR('',#2592,1.);
#2592 = DIRECTION('',(0.707106781187,-0.707106781187,0.));
#2593 = PLANE('',#2594);
#2594 = AXIS2_PLACEMENT_3D('',#2595,#2596,#2597);
#2595 = CARTESIAN_POINT('',(38.616116523517,212.73743686707,0.75));
#2596 = DIRECTION('',(-0.5,-0.5,0.707106781187));
#2597 = DIRECTION('',(-0.707106781187,0.707106781187,-5.551115123126E-16
    ));
#2598 = ADVANCED_FACE('',(#2599),#2617,.T.);
#2599 = FACE_BOUND('',#2600,.F.);
#2600 = EDGE_LOOP('',(#2601,#2602,#2603,#2611));
#2601 = ORIENTED_EDGE('',*,*,#2556,.F.);
#2602 = ORIENTED_EDGE('',*,*,#253,.T.);
#2603 = ORIENTED_EDGE('',*,*,#2604,.T.);
#2604 = EDGE_CURVE('',#254,#2605,#2607,.T.);
#2605 = VERTEX_POINT('',#2606);
#2606 = CARTESIAN_POINT('',(40.5,214.5,0.5));
#2607 = LINE('',#2608,#2609);
#2608 = CARTESIAN_POINT('',(40.5,214.5,0.5));
#2609 = VECTOR('',#2610,1.);
#2610 = DIRECTION('',(-0.57735026919,-0.57735026919,-0.57735026919));
#2611 = ORIENTED_EDGE('',*,*,#2612,.F.);
#2612 = EDGE_CURVE('',#2557,#2605,#2613,.T.);
#2613 = LINE('',#2614,#2615);
#2614 = CARTESIAN_POINT('',(39.5,214.5,0.5));
#2615 = VECTOR('',#2616,1.);
#2616 = DIRECTION('',(1.,0.,0.));
#2617 = PLANE('',#2618);
#2618 = AXIS2_PLACEMENT_3D('',#2619,#2620,#2621);
#2619 = CARTESIAN_POINT('',(39.5,214.75,0.75));
#2620 = DIRECTION('',(0.,-0.707106781187,0.707106781187));
#2621 = DIRECTION('',(-1.,-0.,-0.));
#2622 = ADVANCED_FACE('',(#2623),#2641,.T.);
#2623 = FACE_BOUND('',#2624,.F.);
#2624 = EDGE_LOOP('',(#2625,#2633,#2634,#2635));
#2625 = ORIENTED_EDGE('',*,*,#2626,.F.);
#2626 = EDGE_CURVE('',#294,#2627,#2629,.T.);
#2627 = VERTEX_POINT('',#2628);
#2628 = CARTESIAN_POINT('',(37.719267315689,211.86676134868,0.5));
#2629 = LINE('',#2630,#2631);
#2630 = CARTESIAN_POINT('',(38.258187765249,211.85678551952,
    0.118860413941));
#2631 = VECTOR('',#2632,1.);
#2632 = DIRECTION('',(0.816356731252,-1.511138664E-02,-0.57735026919));
#2633 = ORIENTED_EDGE('',*,*,#301,.T.);
#2634 = ORIENTED_EDGE('',*,*,#2578,.T.);
#2635 = ORIENTED_EDGE('',*,*,#2636,.F.);
#2636 = EDGE_CURVE('',#2627,#2579,#2637,.T.);
#2637 = LINE('',#2638,#2639);
#2638 = CARTESIAN_POINT('',(37.719267315689,211.86676134868,0.5));
#2639 = VECTOR('',#2640,1.);
#2640 = DIRECTION('',(0.720072512531,0.693898823098,0.));
#2641 = PLANE('',#2642);
#2642 = AXIS2_PLACEMENT_3D('',#2643,#2644,#2645);
#2643 = CARTESIAN_POINT('',(37.545792609914,212.04677947681,0.75));
#2644 = DIRECTION('',(0.49066056327,-0.509168156557,0.707106781187));
#2645 = DIRECTION('',(-0.720072512531,-0.693898823098,-0.));
#2646 = ADVANCED_FACE('',(#2647),#2665,.T.);
#2647 = FACE_BOUND('',#2648,.F.);
#2648 = EDGE_LOOP('',(#2649,#2650,#2651,#2659));
#2649 = ORIENTED_EDGE('',*,*,#2604,.F.);
#2650 = ORIENTED_EDGE('',*,*,#261,.T.);
#2651 = ORIENTED_EDGE('',*,*,#2652,.T.);
#2652 = EDGE_CURVE('',#262,#2653,#2655,.T.);
#2653 = VERTEX_POINT('',#2654);
#2654 = CARTESIAN_POINT('',(40.5,211.5,0.5));
#2655 = LINE('',#2656,#2657);
#2656 = CARTESIAN_POINT('',(41.02645573343,212.77097657163,1.02645573343
    ));
#2657 = VECTOR('',#2658,1.);
#2658 = DIRECTION('',(-0.357406744337,-0.862856209461,-0.357406744337));
#2659 = ORIENTED_EDGE('',*,*,#2660,.F.);
#2660 = EDGE_CURVE('',#2605,#2653,#2661,.T.);
#2661 = LINE('',#2662,#2663);
#2662 = CARTESIAN_POINT('',(40.5,214.5,0.5));
#2663 = VECTOR('',#2664,1.);
#2664 = DIRECTION('',(0.,-1.,0.));
#2665 = PLANE('',#2666);
#2666 = AXIS2_PLACEMENT_3D('',#2667,#2668,#2669);
#2667 = CARTESIAN_POINT('',(40.75,214.5,0.75));
#2668 = DIRECTION('',(-0.707106781187,0.,0.707106781187));
#2669 = DIRECTION('',(0.,1.,0.));
#2670 = ADVANCED_FACE('',(#2671),#2689,.T.);
#2671 = FACE_BOUND('',#2672,.F.);
#2672 = EDGE_LOOP('',(#2673,#2681,#2682,#2683));
#2673 = ORIENTED_EDGE('',*,*,#2674,.F.);
#2674 = EDGE_CURVE('',#286,#2675,#2677,.T.);
#2675 = VERTEX_POINT('',#2676);
#2676 = CARTESIAN_POINT('',(40.,209.5,0.5));
#2677 = LINE('',#2678,#2679);
#2678 = CARTESIAN_POINT('',(40.,210.06458573076,0.108234625885));
#2679 = VECTOR('',#2680,1.);
#2680 = DIRECTION('',(1.900093955784E-16,0.8215799279,-0.570093345051));
#2681 = ORIENTED_EDGE('',*,*,#293,.T.);
#2682 = ORIENTED_EDGE('',*,*,#2626,.T.);
#2683 = ORIENTED_EDGE('',*,*,#2684,.F.);
#2684 = EDGE_CURVE('',#2675,#2627,#2685,.T.);
#2685 = LINE('',#2686,#2687);
#2686 = CARTESIAN_POINT('',(40.,209.5,0.5));
#2687 = VECTOR('',#2688,1.);
#2688 = DIRECTION('',(-0.693898823098,0.720072512531,0.));
#2689 = PLANE('',#2690);
#2690 = AXIS2_PLACEMENT_3D('',#2691,#2692,#2693);
#2691 = CARTESIAN_POINT('',(39.819981871867,209.32652529422,0.75));
#2692 = DIRECTION('',(0.509168156557,0.49066056327,0.707106781187));
#2693 = DIRECTION('',(0.693898823098,-0.720072512531,-2.775557561563E-17
    ));
#2694 = ADVANCED_FACE('',(#2695),#2713,.T.);
#2695 = FACE_BOUND('',#2696,.F.);
#2696 = EDGE_LOOP('',(#2697,#2698,#2699,#2707));
#2697 = ORIENTED_EDGE('',*,*,#2652,.F.);
#2698 = ORIENTED_EDGE('',*,*,#269,.T.);
#2699 = ORIENTED_EDGE('',*,*,#2700,.T.);
#2700 = EDGE_CURVE('',#270,#2701,#2703,.T.);
#2701 = VERTEX_POINT('',#2702);
#2702 = CARTESIAN_POINT('',(41.56066017178,212.56066017178,0.5));
#2703 = LINE('',#2704,#2705);
#2704 = CARTESIAN_POINT('',(41.561693900988,212.44896108011,
    0.420285857898));
#2705 = VECTOR('',#2706,1.);
#2706 = DIRECTION('',(7.532816883696E-03,-0.813954754226,-0.580879432192
    ));
#2707 = ORIENTED_EDGE('',*,*,#2708,.F.);
#2708 = EDGE_CURVE('',#2653,#2701,#2709,.T.);
#2709 = LINE('',#2710,#2711);
#2710 = CARTESIAN_POINT('',(40.5,211.5,0.5));
#2711 = VECTOR('',#2712,1.);
#2712 = DIRECTION('',(0.707106781187,0.707106781187,0.));
#2713 = PLANE('',#2714);
#2714 = AXIS2_PLACEMENT_3D('',#2715,#2716,#2717);
#2715 = CARTESIAN_POINT('',(40.323223304703,211.67677669529,0.75));
#2716 = DIRECTION('',(0.5,-0.5,0.707106781187));
#2717 = DIRECTION('',(-0.707106781187,-0.707106781187,4.996003610813E-16
    ));
#2718 = ADVANCED_FACE('',(#2719),#2737,.T.);
#2719 = FACE_BOUND('',#2720,.F.);
#2720 = EDGE_LOOP('',(#2721,#2729,#2730,#2731));
#2721 = ORIENTED_EDGE('',*,*,#2722,.F.);
#2722 = EDGE_CURVE('',#278,#2723,#2725,.T.);
#2723 = VERTEX_POINT('',#2724);
#2724 = CARTESIAN_POINT('',(42.280732684311,211.86676134868,0.5));
#2725 = LINE('',#2726,#2727);
#2726 = CARTESIAN_POINT('',(42.280732684311,211.86676134868,0.5));
#2727 = VECTOR('',#2728,1.);
#2728 = DIRECTION('',(-0.816356731252,-1.511138664E-02,-0.57735026919));
#2729 = ORIENTED_EDGE('',*,*,#285,.T.);
#2730 = ORIENTED_EDGE('',*,*,#2674,.T.);
#2731 = ORIENTED_EDGE('',*,*,#2732,.F.);
#2732 = EDGE_CURVE('',#2723,#2675,#2733,.T.);
#2733 = LINE('',#2734,#2735);
#2734 = CARTESIAN_POINT('',(42.280732684311,211.86676134868,0.5));
#2735 = VECTOR('',#2736,1.);
#2736 = DIRECTION('',(-0.693898823098,-0.720072512531,0.));
#2737 = PLANE('',#2738);
#2738 = AXIS2_PLACEMENT_3D('',#2739,#2740,#2741);
#2739 = CARTESIAN_POINT('',(42.460750812444,211.6932866429,0.75));
#2740 = DIRECTION('',(-0.509168156557,0.49066056327,0.707106781187));
#2741 = DIRECTION('',(0.693898823098,0.720072512531,-1.942890293094E-16)
  );
#2742 = ADVANCED_FACE('',(#2743),#2754,.T.);
#2743 = FACE_BOUND('',#2744,.F.);
#2744 = EDGE_LOOP('',(#2745,#2746,#2747,#2748));
#2745 = ORIENTED_EDGE('',*,*,#2700,.F.);
#2746 = ORIENTED_EDGE('',*,*,#277,.T.);
#2747 = ORIENTED_EDGE('',*,*,#2722,.T.);
#2748 = ORIENTED_EDGE('',*,*,#2749,.F.);
#2749 = EDGE_CURVE('',#2701,#2723,#2750,.T.);
#2750 = LINE('',#2751,#2752);
#2751 = CARTESIAN_POINT('',(41.56066017178,212.56066017178,0.5));
#2752 = VECTOR('',#2753,1.);
#2753 = DIRECTION('',(0.720072512531,-0.693898823098,0.));
#2754 = PLANE('',#2755);
#2755 = AXIS2_PLACEMENT_3D('',#2756,#2757,#2758);
#2756 = CARTESIAN_POINT('',(41.734134877554,212.74067829991,0.75));
#2757 = DIRECTION('',(-0.49066056327,-0.509168156557,0.707106781187));
#2758 = DIRECTION('',(-0.720072512531,0.693898823098,1.942890293094E-16)
  );
#2759 = ADVANCED_FACE('',(#2760),#2785,.T.);
#2760 = FACE_BOUND('',#2761,.F.);
#2761 = EDGE_LOOP('',(#2762,#2770,#2771,#2779));
#2762 = ORIENTED_EDGE('',*,*,#2763,.F.);
#2763 = EDGE_CURVE('',#318,#2764,#2766,.T.);
#2764 = VERTEX_POINT('',#2765);
#2765 = CARTESIAN_POINT('',(7.5,215.,0.5));
#2766 = LINE('',#2767,#2768);
#2767 = CARTESIAN_POINT('',(9.083333333333,213.41666666666,
    -1.083333333333));
#2768 = VECTOR('',#2769,1.);
#2769 = DIRECTION('',(0.57735026919,-0.57735026919,-0.57735026919));
#2770 = ORIENTED_EDGE('',*,*,#317,.T.);
#2771 = ORIENTED_EDGE('',*,*,#2772,.T.);
#2772 = EDGE_CURVE('',#320,#2773,#2775,.T.);
#2773 = VERTEX_POINT('',#2774);
#2774 = CARTESIAN_POINT('',(8.5,215.,0.5));
#2775 = LINE('',#2776,#2777);
#2776 = CARTESIAN_POINT('',(8.5,215.,0.5));
#2777 = VECTOR('',#2778,1.);
#2778 = DIRECTION('',(-0.57735026919,-0.57735026919,-0.57735026919));
#2779 = ORIENTED_EDGE('',*,*,#2780,.F.);
#2780 = EDGE_CURVE('',#2764,#2773,#2781,.T.);
#2781 = LINE('',#2782,#2783);
#2782 = CARTESIAN_POINT('',(7.5,215.,0.5));
#2783 = VECTOR('',#2784,1.);
#2784 = DIRECTION('',(1.,0.,0.));
#2785 = PLANE('',#2786);
#2786 = AXIS2_PLACEMENT_3D('',#2787,#2788,#2789);
#2787 = CARTESIAN_POINT('',(7.5,215.25,0.75));
#2788 = DIRECTION('',(0.,-0.707106781187,0.707106781187));
#2789 = DIRECTION('',(-1.,-0.,-0.));
#2790 = ADVANCED_FACE('',(#2791),#2809,.T.);
#2791 = FACE_BOUND('',#2792,.F.);
#2792 = EDGE_LOOP('',(#2793,#2801,#2802,#2803));
#2793 = ORIENTED_EDGE('',*,*,#2794,.F.);
#2794 = EDGE_CURVE('',#352,#2795,#2797,.T.);
#2795 = VERTEX_POINT('',#2796);
#2796 = CARTESIAN_POINT('',(7.5,204.5,0.5));
#2797 = LINE('',#2798,#2799);
#2798 = CARTESIAN_POINT('',(6.916666666667,205.08333333333,
    1.083333333333));
#2799 = VECTOR('',#2800,1.);
#2800 = DIRECTION('',(0.57735026919,-0.57735026919,-0.57735026919));
#2801 = ORIENTED_EDGE('',*,*,#359,.T.);
#2802 = ORIENTED_EDGE('',*,*,#2763,.T.);
#2803 = ORIENTED_EDGE('',*,*,#2804,.F.);
#2804 = EDGE_CURVE('',#2795,#2764,#2805,.T.);
#2805 = LINE('',#2806,#2807);
#2806 = CARTESIAN_POINT('',(7.5,204.5,0.5));
#2807 = VECTOR('',#2808,1.);
#2808 = DIRECTION('',(0.,1.,0.));
#2809 = PLANE('',#2810);
#2810 = AXIS2_PLACEMENT_3D('',#2811,#2812,#2813);
#2811 = CARTESIAN_POINT('',(7.25,204.5,0.75));
#2812 = DIRECTION('',(0.707106781187,0.,0.707106781187));
#2813 = DIRECTION('',(-0.,-1.,-0.));
#2814 = ADVANCED_FACE('',(#2815),#2833,.T.);
#2815 = FACE_BOUND('',#2816,.F.);
#2816 = EDGE_LOOP('',(#2817,#2818,#2819,#2827));
#2817 = ORIENTED_EDGE('',*,*,#2772,.F.);
#2818 = ORIENTED_EDGE('',*,*,#327,.T.);
#2819 = ORIENTED_EDGE('',*,*,#2820,.T.);
#2820 = EDGE_CURVE('',#328,#2821,#2823,.T.);
#2821 = VERTEX_POINT('',#2822);
#2822 = CARTESIAN_POINT('',(8.5,203.5,0.5));
#2823 = LINE('',#2824,#2825);
#2824 = CARTESIAN_POINT('',(6.75,205.25,-1.25));
#2825 = VECTOR('',#2826,1.);
#2826 = DIRECTION('',(-0.57735026919,0.57735026919,-0.57735026919));
#2827 = ORIENTED_EDGE('',*,*,#2828,.F.);
#2828 = EDGE_CURVE('',#2773,#2821,#2829,.T.);
#2829 = LINE('',#2830,#2831);
#2830 = CARTESIAN_POINT('',(8.5,215.,0.5));
#2831 = VECTOR('',#2832,1.);
#2832 = DIRECTION('',(0.,-1.,0.));
#2833 = PLANE('',#2834);
#2834 = AXIS2_PLACEMENT_3D('',#2835,#2836,#2837);
#2835 = CARTESIAN_POINT('',(8.75,215.,0.75));
#2836 = DIRECTION('',(-0.707106781187,0.,0.707106781187));
#2837 = DIRECTION('',(0.,1.,0.));
#2838 = ADVANCED_FACE('',(#2839),#2857,.T.);
#2839 = FACE_BOUND('',#2840,.F.);
#2840 = EDGE_LOOP('',(#2841,#2849,#2850,#2851));
#2841 = ORIENTED_EDGE('',*,*,#2842,.F.);
#2842 = EDGE_CURVE('',#344,#2843,#2845,.T.);
#2843 = VERTEX_POINT('',#2844);
#2844 = CARTESIAN_POINT('',(5.,204.5,0.5));
#2845 = LINE('',#2846,#2847);
#2846 = CARTESIAN_POINT('',(5.,204.5,0.5));
#2847 = VECTOR('',#2848,1.);
#2848 = DIRECTION('',(0.57735026919,-0.57735026919,-0.57735026919));
#2849 = ORIENTED_EDGE('',*,*,#351,.T.);
#2850 = ORIENTED_EDGE('',*,*,#2794,.T.);
#2851 = ORIENTED_EDGE('',*,*,#2852,.F.);
#2852 = EDGE_CURVE('',#2843,#2795,#2853,.T.);
#2853 = LINE('',#2854,#2855);
#2854 = CARTESIAN_POINT('',(5.,204.5,0.5));
#2855 = VECTOR('',#2856,1.);
#2856 = DIRECTION('',(1.,0.,0.));
#2857 = PLANE('',#2858);
#2858 = AXIS2_PLACEMENT_3D('',#2859,#2860,#2861);
#2859 = CARTESIAN_POINT('',(5.,204.75,0.75));
#2860 = DIRECTION('',(0.,-0.707106781187,0.707106781187));
#2861 = DIRECTION('',(-1.,-0.,-0.));
#2862 = ADVANCED_FACE('',(#2863),#2881,.T.);
#2863 = FACE_BOUND('',#2864,.F.);
#2864 = EDGE_LOOP('',(#2865,#2866,#2867,#2875));
#2865 = ORIENTED_EDGE('',*,*,#2820,.F.);
#2866 = ORIENTED_EDGE('',*,*,#335,.T.);
#2867 = ORIENTED_EDGE('',*,*,#2868,.T.);
#2868 = EDGE_CURVE('',#336,#2869,#2871,.T.);
#2869 = VERTEX_POINT('',#2870);
#2870 = CARTESIAN_POINT('',(5.,203.5,0.5));
#2871 = LINE('',#2872,#2873);
#2872 = CARTESIAN_POINT('',(5.416666666667,203.91666666666,
    8.333333333333E-02));
#2873 = VECTOR('',#2874,1.);
#2874 = DIRECTION('',(0.57735026919,0.57735026919,-0.57735026919));
#2875 = ORIENTED_EDGE('',*,*,#2876,.F.);
#2876 = EDGE_CURVE('',#2821,#2869,#2877,.T.);
#2877 = LINE('',#2878,#2879);
#2878 = CARTESIAN_POINT('',(8.5,203.5,0.5));
#2879 = VECTOR('',#2880,1.);
#2880 = DIRECTION('',(-1.,0.,0.));
#2881 = PLANE('',#2882);
#2882 = AXIS2_PLACEMENT_3D('',#2883,#2884,#2885);
#2883 = CARTESIAN_POINT('',(8.5,203.25,0.75));
#2884 = DIRECTION('',(0.,0.707106781187,0.707106781187));
#2885 = DIRECTION('',(1.,0.,0.));
#2886 = ADVANCED_FACE('',(#2887),#2898,.T.);
#2887 = FACE_BOUND('',#2888,.F.);
#2888 = EDGE_LOOP('',(#2889,#2890,#2891,#2892));
#2889 = ORIENTED_EDGE('',*,*,#2868,.F.);
#2890 = ORIENTED_EDGE('',*,*,#343,.T.);
#2891 = ORIENTED_EDGE('',*,*,#2842,.T.);
#2892 = ORIENTED_EDGE('',*,*,#2893,.F.);
#2893 = EDGE_CURVE('',#2869,#2843,#2894,.T.);
#2894 = LINE('',#2895,#2896);
#2895 = CARTESIAN_POINT('',(5.,203.5,0.5));
#2896 = VECTOR('',#2897,1.);
#2897 = DIRECTION('',(0.,1.,0.));
#2898 = PLANE('',#2899);
#2899 = AXIS2_PLACEMENT_3D('',#2900,#2901,#2902);
#2900 = CARTESIAN_POINT('',(4.75,203.5,0.75));
#2901 = DIRECTION('',(0.707106781187,0.,0.707106781187));
#2902 = DIRECTION('',(-0.,-1.,-0.));
#2903 = ADVANCED_FACE('',(#2904),#2961,.T.);
#2904 = FACE_BOUND('',#2905,.T.);
#2905 = EDGE_LOOP('',(#2906,#2914,#2922,#2930,#2938,#2946,#2954,#2960));
#2906 = ORIENTED_EDGE('',*,*,#2907,.F.);
#2907 = EDGE_CURVE('',#2908,#368,#2910,.T.);
#2908 = VERTEX_POINT('',#2909);
#2909 = CARTESIAN_POINT('',(0.,0.,0.));
#2910 = LINE('',#2911,#2912);
#2911 = CARTESIAN_POINT('',(0.,0.,0.));
#2912 = VECTOR('',#2913,1.);
#2913 = DIRECTION('',(0.,0.,1.));
#2914 = ORIENTED_EDGE('',*,*,#2915,.T.);
#2915 = EDGE_CURVE('',#2908,#2916,#2918,.T.);
#2916 = VERTEX_POINT('',#2917);
#2917 = CARTESIAN_POINT('',(10.,0.,0.));
#2918 = LINE('',#2919,#2920);
#2919 = CARTESIAN_POINT('',(0.,0.,0.));
#2920 = VECTOR('',#2921,1.);
#2921 = DIRECTION('',(1.,0.,0.));
#2922 = ORIENTED_EDGE('',*,*,#2923,.T.);
#2923 = EDGE_CURVE('',#2916,#2924,#2926,.T.);
#2924 = VERTEX_POINT('',#2925);
#2925 = CARTESIAN_POINT('',(10.,0.,-1.2));
#2926 = LINE('',#2927,#2928);
#2927 = CARTESIAN_POINT('',(10.,0.,0.));
#2928 = VECTOR('',#2929,1.);
#2929 = DIRECTION('',(0.,0.,-1.));
#2930 = ORIENTED_EDGE('',*,*,#2931,.T.);
#2931 = EDGE_CURVE('',#2924,#2932,#2934,.T.);
#2932 = VERTEX_POINT('',#2933);
#2933 = CARTESIAN_POINT('',(70.,0.,-1.2));
#2934 = LINE('',#2935,#2936);
#2935 = CARTESIAN_POINT('',(10.,0.,-1.2));
#2936 = VECTOR('',#2937,1.);
#2937 = DIRECTION('',(1.,0.,0.));
#2938 = ORIENTED_EDGE('',*,*,#2939,.F.);
#2939 = EDGE_CURVE('',#2940,#2932,#2942,.T.);
#2940 = VERTEX_POINT('',#2941);
#2941 = CARTESIAN_POINT('',(70.,0.,0.));
#2942 = LINE('',#2943,#2944);
#2943 = CARTESIAN_POINT('',(70.,0.,0.));
#2944 = VECTOR('',#2945,1.);
#2945 = DIRECTION('',(0.,0.,-1.));
#2946 = ORIENTED_EDGE('',*,*,#2947,.T.);
#2947 = EDGE_CURVE('',#2940,#2948,#2950,.T.);
#2948 = VERTEX_POINT('',#2949);
#2949 = CARTESIAN_POINT('',(80.,0.,0.));
#2950 = LINE('',#2951,#2952);
#2951 = CARTESIAN_POINT('',(0.,0.,0.));
#2952 = VECTOR('',#2953,1.);
#2953 = DIRECTION('',(1.,0.,0.));
#2954 = ORIENTED_EDGE('',*,*,#2955,.T.);
#2955 = EDGE_CURVE('',#2948,#370,#2956,.T.);
#2956 = LINE('',#2957,#2958);
#2957 = CARTESIAN_POINT('',(80.,0.,0.));
#2958 = VECTOR('',#2959,1.);
#2959 = DIRECTION('',(0.,0.,1.));
#2960 = ORIENTED_EDGE('',*,*,#367,.F.);
#2961 = PLANE('',#2962);
#2962 = AXIS2_PLACEMENT_3D('',#2963,#2964,#2965);
#2963 = CARTESIAN_POINT('',(40.,0.,4.598540145985E-02));
#2964 = DIRECTION('',(-0.,-1.,-0.));
#2965 = DIRECTION('',(0.,0.,-1.));
#2966 = ADVANCED_FACE('',(#2967),#3049,.T.);
#2967 = FACE_BOUND('',#2968,.T.);
#2968 = EDGE_LOOP('',(#2969,#2977,#2985,#2993,#3001,#3009,#3017,#3025,
    #3033,#3041,#3047,#3048));
#2969 = ORIENTED_EDGE('',*,*,#2970,.F.);
#2970 = EDGE_CURVE('',#2971,#386,#2973,.T.);
#2971 = VERTEX_POINT('',#2972);
#2972 = CARTESIAN_POINT('',(0.,220.,0.));
#2973 = LINE('',#2974,#2975);
#2974 = CARTESIAN_POINT('',(0.,220.,0.));
#2975 = VECTOR('',#2976,1.);
#2976 = DIRECTION('',(0.,0.,1.));
#2977 = ORIENTED_EDGE('',*,*,#2978,.T.);
#2978 = EDGE_CURVE('',#2971,#2979,#2981,.T.);
#2979 = VERTEX_POINT('',#2980);
#2980 = CARTESIAN_POINT('',(0.,205.,0.));
#2981 = LINE('',#2982,#2983);
#2982 = CARTESIAN_POINT('',(0.,220.,0.));
#2983 = VECTOR('',#2984,1.);
#2984 = DIRECTION('',(0.,-1.,0.));
#2985 = ORIENTED_EDGE('',*,*,#2986,.T.);
#2986 = EDGE_CURVE('',#2979,#2987,#2989,.T.);
#2987 = VERTEX_POINT('',#2988);
#2988 = CARTESIAN_POINT('',(0.,205.,-1.2));
#2989 = LINE('',#2990,#2991);
#2990 = CARTESIAN_POINT('',(0.,205.,0.));
#2991 = VECTOR('',#2992,1.);
#2992 = DIRECTION('',(0.,0.,-1.));
#2993 = ORIENTED_EDGE('',*,*,#2994,.T.);
#2994 = EDGE_CURVE('',#2987,#2995,#2997,.T.);
#2995 = VERTEX_POINT('',#2996);
#2996 = CARTESIAN_POINT('',(0.,120.5,-1.2));
#2997 = LINE('',#2998,#2999);
#2998 = CARTESIAN_POINT('',(0.,205.,-1.2));
#2999 = VECTOR('',#3000,1.);
#3000 = DIRECTION('',(0.,-1.,0.));
#3001 = ORIENTED_EDGE('',*,*,#3002,.F.);
#3002 = EDGE_CURVE('',#3003,#2995,#3005,.T.);
#3003 = VERTEX_POINT('',#3004);
#3004 = CARTESIAN_POINT('',(0.,120.5,0.));
#3005 = LINE('',#3006,#3007);
#3006 = CARTESIAN_POINT('',(0.,120.5,0.));
#3007 = VECTOR('',#3008,1.);
#3008 = DIRECTION('',(0.,0.,-1.));
#3009 = ORIENTED_EDGE('',*,*,#3010,.T.);
#3010 = EDGE_CURVE('',#3003,#3011,#3013,.T.);
#3011 = VERTEX_POINT('',#3012);
#3012 = CARTESIAN_POINT('',(0.,90.5,0.));
#3013 = LINE('',#3014,#3015);
#3014 = CARTESIAN_POINT('',(0.,220.,0.));
#3015 = VECTOR('',#3016,1.);
#3016 = DIRECTION('',(0.,-1.,0.));
#3017 = ORIENTED_EDGE('',*,*,#3018,.T.);
#3018 = EDGE_CURVE('',#3011,#3019,#3021,.T.);
#3019 = VERTEX_POINT('',#3020);
#3020 = CARTESIAN_POINT('',(0.,90.5,-1.2));
#3021 = LINE('',#3022,#3023);
#3022 = CARTESIAN_POINT('',(0.,90.5,0.));
#3023 = VECTOR('',#3024,1.);
#3024 = DIRECTION('',(0.,0.,-1.));
#3025 = ORIENTED_EDGE('',*,*,#3026,.F.);
#3026 = EDGE_CURVE('',#3027,#3019,#3029,.T.);
#3027 = VERTEX_POINT('',#3028);
#3028 = CARTESIAN_POINT('',(0.,15.,-1.2));
#3029 = LINE('',#3030,#3031);
#3030 = CARTESIAN_POINT('',(0.,15.,-1.2));
#3031 = VECTOR('',#3032,1.);
#3032 = DIRECTION('',(0.,1.,0.));
#3033 = ORIENTED_EDGE('',*,*,#3034,.F.);
#3034 = EDGE_CURVE('',#3035,#3027,#3037,.T.);
#3035 = VERTEX_POINT('',#3036);
#3036 = CARTESIAN_POINT('',(0.,15.,0.));
#3037 = LINE('',#3038,#3039);
#3038 = CARTESIAN_POINT('',(0.,15.,0.));
#3039 = VECTOR('',#3040,1.);
#3040 = DIRECTION('',(0.,0.,-1.));
#3041 = ORIENTED_EDGE('',*,*,#3042,.T.);
#3042 = EDGE_CURVE('',#3035,#2908,#3043,.T.);
#3043 = LINE('',#3044,#3045);
#3044 = CARTESIAN_POINT('',(0.,220.,0.));
#3045 = VECTOR('',#3046,1.);
#3046 = DIRECTION('',(0.,-1.,0.));
#3047 = ORIENTED_EDGE('',*,*,#2907,.T.);
#3048 = ORIENTED_EDGE('',*,*,#393,.F.);
#3049 = PLANE('',#3050);
#3050 = AXIS2_PLACEMENT_3D('',#3051,#3052,#3053);
#3051 = CARTESIAN_POINT('',(0.,109.97582811101,5.846016114593E-02));
#3052 = DIRECTION('',(-1.,-0.,-0.));
#3053 = DIRECTION('',(0.,0.,-1.));
#3054 = ADVANCED_FACE('',(#3055),#3137,.T.);
#3055 = FACE_BOUND('',#3056,.T.);
#3056 = EDGE_LOOP('',(#3057,#3058,#3066,#3074,#3082,#3090,#3098,#3106,
    #3114,#3122,#3130,#3136));
#3057 = ORIENTED_EDGE('',*,*,#2955,.F.);
#3058 = ORIENTED_EDGE('',*,*,#3059,.T.);
#3059 = EDGE_CURVE('',#2948,#3060,#3062,.T.);
#3060 = VERTEX_POINT('',#3061);
#3061 = CARTESIAN_POINT('',(80.,15.,0.));
#3062 = LINE('',#3063,#3064);
#3063 = CARTESIAN_POINT('',(80.,0.,0.));
#3064 = VECTOR('',#3065,1.);
#3065 = DIRECTION('',(0.,1.,0.));
#3066 = ORIENTED_EDGE('',*,*,#3067,.T.);
#3067 = EDGE_CURVE('',#3060,#3068,#3070,.T.);
#3068 = VERTEX_POINT('',#3069);
#3069 = CARTESIAN_POINT('',(80.,15.,-1.2));
#3070 = LINE('',#3071,#3072);
#3071 = CARTESIAN_POINT('',(80.,15.,0.));
#3072 = VECTOR('',#3073,1.);
#3073 = DIRECTION('',(0.,0.,-1.));
#3074 = ORIENTED_EDGE('',*,*,#3075,.T.);
#3075 = EDGE_CURVE('',#3068,#3076,#3078,.T.);
#3076 = VERTEX_POINT('',#3077);
#3077 = CARTESIAN_POINT('',(80.,90.5,-1.2));
#3078 = LINE('',#3079,#3080);
#3079 = CARTESIAN_POINT('',(80.,15.,-1.2));
#3080 = VECTOR('',#3081,1.);
#3081 = DIRECTION('',(0.,1.,0.));
#3082 = ORIENTED_EDGE('',*,*,#3083,.F.);
#3083 = EDGE_CURVE('',#3084,#3076,#3086,.T.);
#3084 = VERTEX_POINT('',#3085);
#3085 = CARTESIAN_POINT('',(80.,90.5,0.));
#3086 = LINE('',#3087,#3088);
#3087 = CARTESIAN_POINT('',(80.,90.5,0.));
#3088 = VECTOR('',#3089,1.);
#3089 = DIRECTION('',(0.,0.,-1.));
#3090 = ORIENTED_EDGE('',*,*,#3091,.T.);
#3091 = EDGE_CURVE('',#3084,#3092,#3094,.T.);
#3092 = VERTEX_POINT('',#3093);
#3093 = CARTESIAN_POINT('',(80.,120.5,0.));
#3094 = LINE('',#3095,#3096);
#3095 = CARTESIAN_POINT('',(80.,0.,0.));
#3096 = VECTOR('',#3097,1.);
#3097 = DIRECTION('',(0.,1.,0.));
#3098 = ORIENTED_EDGE('',*,*,#3099,.T.);
#3099 = EDGE_CURVE('',#3092,#3100,#3102,.T.);
#3100 = VERTEX_POINT('',#3101);
#3101 = CARTESIAN_POINT('',(80.,120.5,-1.2));
#3102 = LINE('',#3103,#3104);
#3103 = CARTESIAN_POINT('',(80.,120.5,0.));
#3104 = VECTOR('',#3105,1.);
#3105 = DIRECTION('',(0.,0.,-1.));
#3106 = ORIENTED_EDGE('',*,*,#3107,.F.);
#3107 = EDGE_CURVE('',#3108,#3100,#3110,.T.);
#3108 = VERTEX_POINT('',#3109);
#3109 = CARTESIAN_POINT('',(80.,205.,-1.2));
#3110 = LINE('',#3111,#3112);
#3111 = CARTESIAN_POINT('',(80.,205.,-1.2));
#3112 = VECTOR('',#3113,1.);
#3113 = DIRECTION('',(0.,-1.,0.));
#3114 = ORIENTED_EDGE('',*,*,#3115,.F.);
#3115 = EDGE_CURVE('',#3116,#3108,#3118,.T.);
#3116 = VERTEX_POINT('',#3117);
#3117 = CARTESIAN_POINT('',(80.,205.,0.));
#3118 = LINE('',#3119,#3120);
#3119 = CARTESIAN_POINT('',(80.,205.,0.));
#3120 = VECTOR('',#3121,1.);
#3121 = DIRECTION('',(0.,0.,-1.));
#3122 = ORIENTED_EDGE('',*,*,#3123,.T.);
#3123 = EDGE_CURVE('',#3116,#3124,#3126,.T.);
#3124 = VERTEX_POINT('',#3125);
#3125 = CARTESIAN_POINT('',(80.,220.,0.));
#3126 = LINE('',#3127,#3128);
#3127 = CARTESIAN_POINT('',(80.,0.,0.));
#3128 = VECTOR('',#3129,1.);
#3129 = DIRECTION('',(0.,1.,0.));
#3130 = ORIENTED_EDGE('',*,*,#3131,.T.);
#3131 = EDGE_CURVE('',#3124,#378,#3132,.T.);
#3132 = LINE('',#3133,#3134);
#3133 = CARTESIAN_POINT('',(80.,220.,0.));
#3134 = VECTOR('',#3135,1.);
#3135 = DIRECTION('',(0.,0.,1.));
#3136 = ORIENTED_EDGE('',*,*,#377,.F.);
#3137 = PLANE('',#3138);
#3138 = AXIS2_PLACEMENT_3D('',#3139,#3140,#3141);
#3139 = CARTESIAN_POINT('',(80.,109.97582811101,5.846016114593E-02));
#3140 = DIRECTION('',(1.,0.,0.));
#3141 = DIRECTION('',(0.,0.,1.));
#3142 = ADVANCED_FACE('',(#3143),#3186,.T.);
#3143 = FACE_BOUND('',#3144,.T.);
#3144 = EDGE_LOOP('',(#3145,#3146,#3154,#3162,#3170,#3178,#3184,#3185));
#3145 = ORIENTED_EDGE('',*,*,#3131,.F.);
#3146 = ORIENTED_EDGE('',*,*,#3147,.T.);
#3147 = EDGE_CURVE('',#3124,#3148,#3150,.T.);
#3148 = VERTEX_POINT('',#3149);
#3149 = CARTESIAN_POINT('',(70.,220.,0.));
#3150 = LINE('',#3151,#3152);
#3151 = CARTESIAN_POINT('',(80.,220.,0.));
#3152 = VECTOR('',#3153,1.);
#3153 = DIRECTION('',(-1.,0.,0.));
#3154 = ORIENTED_EDGE('',*,*,#3155,.T.);
#3155 = EDGE_CURVE('',#3148,#3156,#3158,.T.);
#3156 = VERTEX_POINT('',#3157);
#3157 = CARTESIAN_POINT('',(70.,220.,-1.2));
#3158 = LINE('',#3159,#3160);
#3159 = CARTESIAN_POINT('',(70.,220.,0.));
#3160 = VECTOR('',#3161,1.);
#3161 = DIRECTION('',(0.,0.,-1.));
#3162 = ORIENTED_EDGE('',*,*,#3163,.F.);
#3163 = EDGE_CURVE('',#3164,#3156,#3166,.T.);
#3164 = VERTEX_POINT('',#3165);
#3165 = CARTESIAN_POINT('',(10.,220.,-1.2));
#3166 = LINE('',#3167,#3168);
#3167 = CARTESIAN_POINT('',(10.,220.,-1.2));
#3168 = VECTOR('',#3169,1.);
#3169 = DIRECTION('',(1.,0.,0.));
#3170 = ORIENTED_EDGE('',*,*,#3171,.F.);
#3171 = EDGE_CURVE('',#3172,#3164,#3174,.T.);
#3172 = VERTEX_POINT('',#3173);
#3173 = CARTESIAN_POINT('',(10.,220.,0.));
#3174 = LINE('',#3175,#3176);
#3175 = CARTESIAN_POINT('',(10.,220.,0.));
#3176 = VECTOR('',#3177,1.);
#3177 = DIRECTION('',(0.,0.,-1.));
#3178 = ORIENTED_EDGE('',*,*,#3179,.T.);
#3179 = EDGE_CURVE('',#3172,#2971,#3180,.T.);
#3180 = LINE('',#3181,#3182);
#3181 = CARTESIAN_POINT('',(80.,220.,0.));
#3182 = VECTOR('',#3183,1.);
#3183 = DIRECTION('',(-1.,0.,0.));
#3184 = ORIENTED_EDGE('',*,*,#2970,.T.);
#3185 = ORIENTED_EDGE('',*,*,#385,.F.);
#3186 = PLANE('',#3187);
#3187 = AXIS2_PLACEMENT_3D('',#3188,#3189,#3190);
#3188 = CARTESIAN_POINT('',(40.,220.,4.598540145985E-02));
#3189 = DIRECTION('',(0.,1.,0.));
#3190 = DIRECTION('',(0.,0.,1.));
#3191 = ADVANCED_FACE('',(#3192),#3217,.T.);
#3192 = FACE_BOUND('',#3193,.T.);
#3193 = EDGE_LOOP('',(#3194,#3195,#3203,#3211));
#3194 = ORIENTED_EDGE('',*,*,#401,.F.);
#3195 = ORIENTED_EDGE('',*,*,#3196,.T.);
#3196 = EDGE_CURVE('',#402,#3197,#3199,.T.);
#3197 = VERTEX_POINT('',#3198);
#3198 = CARTESIAN_POINT('',(26.8,50.,0.));
#3199 = LINE('',#3200,#3201);
#3200 = CARTESIAN_POINT('',(26.8,50.,1.));
#3201 = VECTOR('',#3202,1.);
#3202 = DIRECTION('',(-0.,-0.,-1.));
#3203 = ORIENTED_EDGE('',*,*,#3204,.F.);
#3204 = EDGE_CURVE('',#3205,#3197,#3207,.T.);
#3205 = VERTEX_POINT('',#3206);
#3206 = CARTESIAN_POINT('',(26.8,49.,0.));
#3207 = LINE('',#3208,#3209);
#3208 = CARTESIAN_POINT('',(26.8,80.,0.));
#3209 = VECTOR('',#3210,1.);
#3210 = DIRECTION('',(0.,1.,0.));
#3211 = ORIENTED_EDGE('',*,*,#3212,.F.);
#3212 = EDGE_CURVE('',#404,#3205,#3213,.T.);
#3213 = LINE('',#3214,#3215);
#3214 = CARTESIAN_POINT('',(26.8,49.,1.));
#3215 = VECTOR('',#3216,1.);
#3216 = DIRECTION('',(-0.,-0.,-1.));
#3217 = PLANE('',#3218);
#3218 = AXIS2_PLACEMENT_3D('',#3219,#3220,#3221);
#3219 = CARTESIAN_POINT('',(26.8,50.,1.));
#3220 = DIRECTION('',(-1.,0.,0.));
#3221 = DIRECTION('',(0.,-1.,0.));
#3222 = ADVANCED_FACE('',(#3223),#3241,.T.);
#3223 = FACE_BOUND('',#3224,.T.);
#3224 = EDGE_LOOP('',(#3225,#3226,#3234,#3240));
#3225 = ORIENTED_EDGE('',*,*,#491,.F.);
#3226 = ORIENTED_EDGE('',*,*,#3227,.T.);
#3227 = EDGE_CURVE('',#484,#3228,#3230,.T.);
#3228 = VERTEX_POINT('',#3229);
#3229 = CARTESIAN_POINT('',(24.3,50.,0.));
#3230 = LINE('',#3231,#3232);
#3231 = CARTESIAN_POINT('',(24.3,50.,1.));
#3232 = VECTOR('',#3233,1.);
#3233 = DIRECTION('',(-0.,-0.,-1.));
#3234 = ORIENTED_EDGE('',*,*,#3235,.F.);
#3235 = EDGE_CURVE('',#3197,#3228,#3236,.T.);
#3236 = LINE('',#3237,#3238);
#3237 = CARTESIAN_POINT('',(32.15,50.,0.));
#3238 = VECTOR('',#3239,1.);
#3239 = DIRECTION('',(-1.,0.,0.));
#3240 = ORIENTED_EDGE('',*,*,#3196,.F.);
#3241 = PLANE('',#3242);
#3242 = AXIS2_PLACEMENT_3D('',#3243,#3244,#3245);
#3243 = CARTESIAN_POINT('',(24.3,50.,1.));
#3244 = DIRECTION('',(0.,-1.,0.));
#3245 = DIRECTION('',(1.,0.,0.));
#3246 = ADVANCED_FACE('',(#3247),#3265,.T.);
#3247 = FACE_BOUND('',#3248,.T.);
#3248 = EDGE_LOOP('',(#3249,#3250,#3258,#3264));
#3249 = ORIENTED_EDGE('',*,*,#483,.F.);
#3250 = ORIENTED_EDGE('',*,*,#3251,.T.);
#3251 = EDGE_CURVE('',#476,#3252,#3254,.T.);
#3252 = VERTEX_POINT('',#3253);
#3253 = CARTESIAN_POINT('',(24.3,51.25,0.));
#3254 = LINE('',#3255,#3256);
#3255 = CARTESIAN_POINT('',(24.3,51.25,1.));
#3256 = VECTOR('',#3257,1.);
#3257 = DIRECTION('',(-0.,-0.,-1.));
#3258 = ORIENTED_EDGE('',*,*,#3259,.F.);
#3259 = EDGE_CURVE('',#3228,#3252,#3260,.T.);
#3260 = LINE('',#3261,#3262);
#3261 = CARTESIAN_POINT('',(24.3,80.625,0.));
#3262 = VECTOR('',#3263,1.);
#3263 = DIRECTION('',(0.,1.,0.));
#3264 = ORIENTED_EDGE('',*,*,#3227,.F.);
#3265 = PLANE('',#3266);
#3266 = AXIS2_PLACEMENT_3D('',#3267,#3268,#3269);
#3267 = CARTESIAN_POINT('',(24.3,51.25,1.));
#3268 = DIRECTION('',(-1.,0.,0.));
#3269 = DIRECTION('',(0.,-1.,0.));
#3270 = ADVANCED_FACE('',(#3271),#3289,.T.);
#3271 = FACE_BOUND('',#3272,.T.);
#3272 = EDGE_LOOP('',(#3273,#3274,#3282,#3288));
#3273 = ORIENTED_EDGE('',*,*,#475,.F.);
#3274 = ORIENTED_EDGE('',*,*,#3275,.T.);
#3275 = EDGE_CURVE('',#468,#3276,#3278,.T.);
#3276 = VERTEX_POINT('',#3277);
#3277 = CARTESIAN_POINT('',(26.8,51.25,0.));
#3278 = LINE('',#3279,#3280);
#3279 = CARTESIAN_POINT('',(26.8,51.25,1.));
#3280 = VECTOR('',#3281,1.);
#3281 = DIRECTION('',(-0.,-0.,-1.));
#3282 = ORIENTED_EDGE('',*,*,#3283,.F.);
#3283 = EDGE_CURVE('',#3252,#3276,#3284,.T.);
#3284 = LINE('',#3285,#3286);
#3285 = CARTESIAN_POINT('',(33.4,51.25,0.));
#3286 = VECTOR('',#3287,1.);
#3287 = DIRECTION('',(1.,0.,0.));
#3288 = ORIENTED_EDGE('',*,*,#3251,.F.);
#3289 = PLANE('',#3290);
#3290 = AXIS2_PLACEMENT_3D('',#3291,#3292,#3293);
#3291 = CARTESIAN_POINT('',(26.8,51.25,1.));
#3292 = DIRECTION('',(0.,1.,0.));
#3293 = DIRECTION('',(-1.,0.,0.));
#3294 = ADVANCED_FACE('',(#3295),#3313,.T.);
#3295 = FACE_BOUND('',#3296,.T.);
#3296 = EDGE_LOOP('',(#3297,#3298,#3306,#3312));
#3297 = ORIENTED_EDGE('',*,*,#467,.F.);
#3298 = ORIENTED_EDGE('',*,*,#3299,.T.);
#3299 = EDGE_CURVE('',#460,#3300,#3302,.T.);
#3300 = VERTEX_POINT('',#3301);
#3301 = CARTESIAN_POINT('',(26.8,52.25,0.));
#3302 = LINE('',#3303,#3304);
#3303 = CARTESIAN_POINT('',(26.8,52.25,1.));
#3304 = VECTOR('',#3305,1.);
#3305 = DIRECTION('',(-0.,-0.,-1.));
#3306 = ORIENTED_EDGE('',*,*,#3307,.F.);
#3307 = EDGE_CURVE('',#3276,#3300,#3308,.T.);
#3308 = LINE('',#3309,#3310);
#3309 = CARTESIAN_POINT('',(26.8,81.125,0.));
#3310 = VECTOR('',#3311,1.);
#3311 = DIRECTION('',(0.,1.,0.));
#3312 = ORIENTED_EDGE('',*,*,#3275,.F.);
#3313 = PLANE('',#3314);
#3314 = AXIS2_PLACEMENT_3D('',#3315,#3316,#3317);
#3315 = CARTESIAN_POINT('',(26.8,52.25,1.));
#3316 = DIRECTION('',(-1.,0.,0.));
#3317 = DIRECTION('',(0.,-1.,0.));
#3318 = ADVANCED_FACE('',(#3319),#3337,.T.);
#3319 = FACE_BOUND('',#3320,.T.);
#3320 = EDGE_LOOP('',(#3321,#3322,#3330,#3336));
#3321 = ORIENTED_EDGE('',*,*,#459,.F.);
#3322 = ORIENTED_EDGE('',*,*,#3323,.T.);
#3323 = EDGE_CURVE('',#452,#3324,#3326,.T.);
#3324 = VERTEX_POINT('',#3325);
#3325 = CARTESIAN_POINT('',(24.3,52.25,0.));
#3326 = LINE('',#3327,#3328);
#3327 = CARTESIAN_POINT('',(24.3,52.25,1.));
#3328 = VECTOR('',#3329,1.);
#3329 = DIRECTION('',(-0.,-0.,-1.));
#3330 = ORIENTED_EDGE('',*,*,#3331,.F.);
#3331 = EDGE_CURVE('',#3300,#3324,#3332,.T.);
#3332 = LINE('',#3333,#3334);
#3333 = CARTESIAN_POINT('',(32.15,52.25,0.));
#3334 = VECTOR('',#3335,1.);
#3335 = DIRECTION('',(-1.,0.,0.));
#3336 = ORIENTED_EDGE('',*,*,#3299,.F.);
#3337 = PLANE('',#3338);
#3338 = AXIS2_PLACEMENT_3D('',#3339,#3340,#3341);
#3339 = CARTESIAN_POINT('',(24.3,52.25,1.));
#3340 = DIRECTION('',(0.,-1.,0.));
#3341 = DIRECTION('',(1.,0.,0.));
#3342 = ADVANCED_FACE('',(#3343),#3361,.T.);
#3343 = FACE_BOUND('',#3344,.T.);
#3344 = EDGE_LOOP('',(#3345,#3346,#3354,#3360));
#3345 = ORIENTED_EDGE('',*,*,#451,.F.);
#3346 = ORIENTED_EDGE('',*,*,#3347,.T.);
#3347 = EDGE_CURVE('',#444,#3348,#3350,.T.);
#3348 = VERTEX_POINT('',#3349);
#3349 = CARTESIAN_POINT('',(24.3,53.5,0.));
#3350 = LINE('',#3351,#3352);
#3351 = CARTESIAN_POINT('',(24.3,53.5,1.));
#3352 = VECTOR('',#3353,1.);
#3353 = DIRECTION('',(-0.,-0.,-1.));
#3354 = ORIENTED_EDGE('',*,*,#3355,.F.);
#3355 = EDGE_CURVE('',#3324,#3348,#3356,.T.);
#3356 = LINE('',#3357,#3358);
#3357 = CARTESIAN_POINT('',(24.3,81.75,0.));
#3358 = VECTOR('',#3359,1.);
#3359 = DIRECTION('',(0.,1.,0.));
#3360 = ORIENTED_EDGE('',*,*,#3323,.F.);
#3361 = PLANE('',#3362);
#3362 = AXIS2_PLACEMENT_3D('',#3363,#3364,#3365);
#3363 = CARTESIAN_POINT('',(24.3,53.5,1.));
#3364 = DIRECTION('',(-1.,0.,0.));
#3365 = DIRECTION('',(0.,-1.,0.));
#3366 = ADVANCED_FACE('',(#3367),#3385,.T.);
#3367 = FACE_BOUND('',#3368,.T.);
#3368 = EDGE_LOOP('',(#3369,#3370,#3378,#3384));
#3369 = ORIENTED_EDGE('',*,*,#443,.F.);
#3370 = ORIENTED_EDGE('',*,*,#3371,.T.);
#3371 = EDGE_CURVE('',#436,#3372,#3374,.T.);
#3372 = VERTEX_POINT('',#3373);
#3373 = CARTESIAN_POINT('',(26.8,53.5,0.));
#3374 = LINE('',#3375,#3376);
#3375 = CARTESIAN_POINT('',(26.8,53.5,1.));
#3376 = VECTOR('',#3377,1.);
#3377 = DIRECTION('',(-0.,-0.,-1.));
#3378 = ORIENTED_EDGE('',*,*,#3379,.F.);
#3379 = EDGE_CURVE('',#3348,#3372,#3380,.T.);
#3380 = LINE('',#3381,#3382);
#3381 = CARTESIAN_POINT('',(33.4,53.5,0.));
#3382 = VECTOR('',#3383,1.);
#3383 = DIRECTION('',(1.,0.,0.));
#3384 = ORIENTED_EDGE('',*,*,#3347,.F.);
#3385 = PLANE('',#3386);
#3386 = AXIS2_PLACEMENT_3D('',#3387,#3388,#3389);
#3387 = CARTESIAN_POINT('',(26.8,53.5,1.));
#3388 = DIRECTION('',(0.,1.,0.));
#3389 = DIRECTION('',(-1.,0.,0.));
#3390 = ADVANCED_FACE('',(#3391),#3409,.T.);
#3391 = FACE_BOUND('',#3392,.T.);
#3392 = EDGE_LOOP('',(#3393,#3394,#3402,#3408));
#3393 = ORIENTED_EDGE('',*,*,#435,.F.);
#3394 = ORIENTED_EDGE('',*,*,#3395,.T.);
#3395 = EDGE_CURVE('',#428,#3396,#3398,.T.);
#3396 = VERTEX_POINT('',#3397);
#3397 = CARTESIAN_POINT('',(26.8,54.5,0.));
#3398 = LINE('',#3399,#3400);
#3399 = CARTESIAN_POINT('',(26.8,54.5,1.));
#3400 = VECTOR('',#3401,1.);
#3401 = DIRECTION('',(-0.,-0.,-1.));
#3402 = ORIENTED_EDGE('',*,*,#3403,.F.);
#3403 = EDGE_CURVE('',#3372,#3396,#3404,.T.);
#3404 = LINE('',#3405,#3406);
#3405 = CARTESIAN_POINT('',(26.8,82.25,0.));
#3406 = VECTOR('',#3407,1.);
#3407 = DIRECTION('',(0.,1.,0.));
#3408 = ORIENTED_EDGE('',*,*,#3371,.F.);
#3409 = PLANE('',#3410);
#3410 = AXIS2_PLACEMENT_3D('',#3411,#3412,#3413);
#3411 = CARTESIAN_POINT('',(26.8,54.5,1.));
#3412 = DIRECTION('',(-1.,0.,0.));
#3413 = DIRECTION('',(0.,-1.,0.));
#3414 = ADVANCED_FACE('',(#3415),#3433,.T.);
#3415 = FACE_BOUND('',#3416,.T.);
#3416 = EDGE_LOOP('',(#3417,#3418,#3426,#3432));
#3417 = ORIENTED_EDGE('',*,*,#427,.F.);
#3418 = ORIENTED_EDGE('',*,*,#3419,.T.);
#3419 = EDGE_CURVE('',#420,#3420,#3422,.T.);
#3420 = VERTEX_POINT('',#3421);
#3421 = CARTESIAN_POINT('',(23.3,54.5,0.));
#3422 = LINE('',#3423,#3424);
#3423 = CARTESIAN_POINT('',(23.3,54.5,1.));
#3424 = VECTOR('',#3425,1.);
#3425 = DIRECTION('',(-0.,-0.,-1.));
#3426 = ORIENTED_EDGE('',*,*,#3427,.F.);
#3427 = EDGE_CURVE('',#3396,#3420,#3428,.T.);
#3428 = LINE('',#3429,#3430);
#3429 = CARTESIAN_POINT('',(31.65,54.5,0.));
#3430 = VECTOR('',#3431,1.);
#3431 = DIRECTION('',(-1.,0.,0.));
#3432 = ORIENTED_EDGE('',*,*,#3395,.F.);
#3433 = PLANE('',#3434);
#3434 = AXIS2_PLACEMENT_3D('',#3435,#3436,#3437);
#3435 = CARTESIAN_POINT('',(23.3,54.5,1.));
#3436 = DIRECTION('',(0.,-1.,0.));
#3437 = DIRECTION('',(1.,0.,0.));
#3438 = ADVANCED_FACE('',(#3439),#3457,.T.);
#3439 = FACE_BOUND('',#3440,.T.);
#3440 = EDGE_LOOP('',(#3441,#3442,#3450,#3456));
#3441 = ORIENTED_EDGE('',*,*,#419,.F.);
#3442 = ORIENTED_EDGE('',*,*,#3443,.T.);
#3443 = EDGE_CURVE('',#412,#3444,#3446,.T.);
#3444 = VERTEX_POINT('',#3445);
#3445 = CARTESIAN_POINT('',(23.3,49.,0.));
#3446 = LINE('',#3447,#3448);
#3447 = CARTESIAN_POINT('',(23.3,49.,1.));
#3448 = VECTOR('',#3449,1.);
#3449 = DIRECTION('',(-0.,-0.,-1.));
#3450 = ORIENTED_EDGE('',*,*,#3451,.F.);
#3451 = EDGE_CURVE('',#3420,#3444,#3452,.T.);
#3452 = LINE('',#3453,#3454);
#3453 = CARTESIAN_POINT('',(23.3,79.5,0.));
#3454 = VECTOR('',#3455,1.);
#3455 = DIRECTION('',(0.,-1.,0.));
#3456 = ORIENTED_EDGE('',*,*,#3419,.F.);
#3457 = PLANE('',#3458);
#3458 = AXIS2_PLACEMENT_3D('',#3459,#3460,#3461);
#3459 = CARTESIAN_POINT('',(23.3,49.,1.));
#3460 = DIRECTION('',(1.,0.,0.));
#3461 = DIRECTION('',(0.,1.,0.));
#3462 = ADVANCED_FACE('',(#3463),#3474,.T.);
#3463 = FACE_BOUND('',#3464,.T.);
#3464 = EDGE_LOOP('',(#3465,#3466,#3467,#3473));
#3465 = ORIENTED_EDGE('',*,*,#411,.F.);
#3466 = ORIENTED_EDGE('',*,*,#3212,.T.);
#3467 = ORIENTED_EDGE('',*,*,#3468,.F.);
#3468 = EDGE_CURVE('',#3444,#3205,#3469,.T.);
#3469 = LINE('',#3470,#3471);
#3470 = CARTESIAN_POINT('',(33.4,49.,0.));
#3471 = VECTOR('',#3472,1.);
#3472 = DIRECTION('',(1.,0.,0.));
#3473 = ORIENTED_EDGE('',*,*,#3443,.F.);
#3474 = PLANE('',#3475);
#3475 = AXIS2_PLACEMENT_3D('',#3476,#3477,#3478);
#3476 = CARTESIAN_POINT('',(26.8,49.,1.));
#3477 = DIRECTION('',(0.,1.,0.));
#3478 = DIRECTION('',(-1.,0.,0.));
#3479 = ADVANCED_FACE('',(#3480),#3505,.T.);
#3480 = FACE_BOUND('',#3481,.T.);
#3481 = EDGE_LOOP('',(#3482,#3483,#3491,#3499));
#3482 = ORIENTED_EDGE('',*,*,#499,.F.);
#3483 = ORIENTED_EDGE('',*,*,#3484,.T.);
#3484 = EDGE_CURVE('',#500,#3485,#3487,.T.);
#3485 = VERTEX_POINT('',#3486);
#3486 = CARTESIAN_POINT('',(30.,52.5,0.));
#3487 = LINE('',#3488,#3489);
#3488 = CARTESIAN_POINT('',(30.,52.5,1.));
#3489 = VECTOR('',#3490,1.);
#3490 = DIRECTION('',(-0.,-0.,-1.));
#3491 = ORIENTED_EDGE('',*,*,#3492,.F.);
#3492 = EDGE_CURVE('',#3493,#3485,#3495,.T.);
#3493 = VERTEX_POINT('',#3494);
#3494 = CARTESIAN_POINT('',(31.5,52.5,0.));
#3495 = LINE('',#3496,#3497);
#3496 = CARTESIAN_POINT('',(35.,52.5,0.));
#3497 = VECTOR('',#3498,1.);
#3498 = DIRECTION('',(-1.,0.,0.));
#3499 = ORIENTED_EDGE('',*,*,#3500,.F.);
#3500 = EDGE_CURVE('',#502,#3493,#3501,.T.);
#3501 = LINE('',#3502,#3503);
#3502 = CARTESIAN_POINT('',(31.5,52.5,1.));
#3503 = VECTOR('',#3504,1.);
#3504 = DIRECTION('',(-0.,-0.,-1.));
#3505 = PLANE('',#3506);
#3506 = AXIS2_PLACEMENT_3D('',#3507,#3508,#3509);
#3507 = CARTESIAN_POINT('',(30.,52.5,1.));
#3508 = DIRECTION('',(0.,-1.,0.));
#3509 = DIRECTION('',(1.,0.,0.));
#3510 = ADVANCED_FACE('',(#3511),#3529,.T.);
#3511 = FACE_BOUND('',#3512,.T.);
#3512 = EDGE_LOOP('',(#3513,#3514,#3522,#3528));
#3513 = ORIENTED_EDGE('',*,*,#621,.F.);
#3514 = ORIENTED_EDGE('',*,*,#3515,.T.);
#3515 = EDGE_CURVE('',#614,#3516,#3518,.T.);
#3516 = VERTEX_POINT('',#3517);
#3517 = CARTESIAN_POINT('',(30.,51.5,0.));
#3518 = LINE('',#3519,#3520);
#3519 = CARTESIAN_POINT('',(30.,51.5,1.));
#3520 = VECTOR('',#3521,1.);
#3521 = DIRECTION('',(-0.,-0.,-1.));
#3522 = ORIENTED_EDGE('',*,*,#3523,.F.);
#3523 = EDGE_CURVE('',#3485,#3516,#3524,.T.);
#3524 = LINE('',#3525,#3526);
#3525 = CARTESIAN_POINT('',(30.,80.75,0.));
#3526 = VECTOR('',#3527,1.);
#3527 = DIRECTION('',(0.,-1.,0.));
#3528 = ORIENTED_EDGE('',*,*,#3484,.F.);
#3529 = PLANE('',#3530);
#3530 = AXIS2_PLACEMENT_3D('',#3531,#3532,#3533);
#3531 = CARTESIAN_POINT('',(30.,51.5,1.));
#3532 = DIRECTION('',(1.,0.,0.));
#3533 = DIRECTION('',(0.,1.,0.));
#3534 = ADVANCED_FACE('',(#3535),#3553,.T.);
#3535 = FACE_BOUND('',#3536,.T.);
#3536 = EDGE_LOOP('',(#3537,#3538,#3546,#3552));
#3537 = ORIENTED_EDGE('',*,*,#613,.F.);
#3538 = ORIENTED_EDGE('',*,*,#3539,.T.);
#3539 = EDGE_CURVE('',#606,#3540,#3542,.T.);
#3540 = VERTEX_POINT('',#3541);
#3541 = CARTESIAN_POINT('',(30.5,51.5,0.));
#3542 = LINE('',#3543,#3544);
#3543 = CARTESIAN_POINT('',(30.5,51.5,1.));
#3544 = VECTOR('',#3545,1.);
#3545 = DIRECTION('',(-0.,-0.,-1.));
#3546 = ORIENTED_EDGE('',*,*,#3547,.F.);
#3547 = EDGE_CURVE('',#3516,#3540,#3548,.T.);
#3548 = LINE('',#3549,#3550);
#3549 = CARTESIAN_POINT('',(35.25,51.5,0.));
#3550 = VECTOR('',#3551,1.);
#3551 = DIRECTION('',(1.,0.,0.));
#3552 = ORIENTED_EDGE('',*,*,#3515,.F.);
#3553 = PLANE('',#3554);
#3554 = AXIS2_PLACEMENT_3D('',#3555,#3556,#3557);
#3555 = CARTESIAN_POINT('',(30.5,51.5,1.));
#3556 = DIRECTION('',(0.,1.,0.));
#3557 = DIRECTION('',(-1.,0.,0.));
#3558 = ADVANCED_FACE('',(#3559),#3577,.T.);
#3559 = FACE_BOUND('',#3560,.T.);
#3560 = EDGE_LOOP('',(#3561,#3562,#3570,#3576));
#3561 = ORIENTED_EDGE('',*,*,#605,.F.);
#3562 = ORIENTED_EDGE('',*,*,#3563,.T.);
#3563 = EDGE_CURVE('',#598,#3564,#3566,.T.);
#3564 = VERTEX_POINT('',#3565);
#3565 = CARTESIAN_POINT('',(30.5,50.,0.));
#3566 = LINE('',#3567,#3568);
#3567 = CARTESIAN_POINT('',(30.5,50.,1.));
#3568 = VECTOR('',#3569,1.);
#3569 = DIRECTION('',(-0.,-0.,-1.));
#3570 = ORIENTED_EDGE('',*,*,#3571,.F.);
#3571 = EDGE_CURVE('',#3540,#3564,#3572,.T.);
#3572 = LINE('',#3573,#3574);
#3573 = CARTESIAN_POINT('',(30.5,80.,0.));
#3574 = VECTOR('',#3575,1.);
#3575 = DIRECTION('',(0.,-1.,0.));
#3576 = ORIENTED_EDGE('',*,*,#3539,.F.);
#3577 = PLANE('',#3578);
#3578 = AXIS2_PLACEMENT_3D('',#3579,#3580,#3581);
#3579 = CARTESIAN_POINT('',(30.5,50.,1.));
#3580 = DIRECTION('',(1.,0.,0.));
#3581 = DIRECTION('',(0.,1.,0.));
#3582 = ADVANCED_FACE('',(#3583),#3601,.T.);
#3583 = FACE_BOUND('',#3584,.T.);
#3584 = EDGE_LOOP('',(#3585,#3586,#3594,#3600));
#3585 = ORIENTED_EDGE('',*,*,#597,.F.);
#3586 = ORIENTED_EDGE('',*,*,#3587,.T.);
#3587 = EDGE_CURVE('',#590,#3588,#3590,.T.);
#3588 = VERTEX_POINT('',#3589);
#3589 = CARTESIAN_POINT('',(29.,50.,0.));
#3590 = LINE('',#3591,#3592);
#3591 = CARTESIAN_POINT('',(29.,50.,1.));
#3592 = VECTOR('',#3593,1.);
#3593 = DIRECTION('',(-0.,-0.,-1.));
#3594 = ORIENTED_EDGE('',*,*,#3595,.F.);
#3595 = EDGE_CURVE('',#3564,#3588,#3596,.T.);
#3596 = LINE('',#3597,#3598);
#3597 = CARTESIAN_POINT('',(34.5,50.,0.));
#3598 = VECTOR('',#3599,1.);
#3599 = DIRECTION('',(-1.,0.,0.));
#3600 = ORIENTED_EDGE('',*,*,#3563,.F.);
#3601 = PLANE('',#3602);
#3602 = AXIS2_PLACEMENT_3D('',#3603,#3604,#3605);
#3603 = CARTESIAN_POINT('',(29.,50.,1.));
#3604 = DIRECTION('',(0.,-1.,0.));
#3605 = DIRECTION('',(1.,0.,0.));
#3606 = ADVANCED_FACE('',(#3607),#3625,.T.);
#3607 = FACE_BOUND('',#3608,.T.);
#3608 = EDGE_LOOP('',(#3609,#3610,#3618,#3624));
#3609 = ORIENTED_EDGE('',*,*,#589,.F.);
#3610 = ORIENTED_EDGE('',*,*,#3611,.T.);
#3611 = EDGE_CURVE('',#582,#3612,#3614,.T.);
#3612 = VERTEX_POINT('',#3613);
#3613 = CARTESIAN_POINT('',(29.,51.5,0.));
#3614 = LINE('',#3615,#3616);
#3615 = CARTESIAN_POINT('',(29.,51.5,1.));
#3616 = VECTOR('',#3617,1.);
#3617 = DIRECTION('',(-0.,-0.,-1.));
#3618 = ORIENTED_EDGE('',*,*,#3619,.F.);
#3619 = EDGE_CURVE('',#3588,#3612,#3620,.T.);
#3620 = LINE('',#3621,#3622);
#3621 = CARTESIAN_POINT('',(29.,80.75,0.));
#3622 = VECTOR('',#3623,1.);
#3623 = DIRECTION('',(0.,1.,0.));
#3624 = ORIENTED_EDGE('',*,*,#3587,.F.);
#3625 = PLANE('',#3626);
#3626 = AXIS2_PLACEMENT_3D('',#3627,#3628,#3629);
#3627 = CARTESIAN_POINT('',(29.,51.5,1.));
#3628 = DIRECTION('',(-1.,0.,0.));
#3629 = DIRECTION('',(0.,-1.,0.));
#3630 = ADVANCED_FACE('',(#3631),#3649,.T.);
#3631 = FACE_BOUND('',#3632,.T.);
#3632 = EDGE_LOOP('',(#3633,#3634,#3642,#3648));
#3633 = ORIENTED_EDGE('',*,*,#581,.F.);
#3634 = ORIENTED_EDGE('',*,*,#3635,.T.);
#3635 = EDGE_CURVE('',#574,#3636,#3638,.T.);
#3636 = VERTEX_POINT('',#3637);
#3637 = CARTESIAN_POINT('',(29.5,51.5,0.));
#3638 = LINE('',#3639,#3640);
#3639 = CARTESIAN_POINT('',(29.5,51.5,1.));
#3640 = VECTOR('',#3641,1.);
#3641 = DIRECTION('',(-0.,-0.,-1.));
#3642 = ORIENTED_EDGE('',*,*,#3643,.F.);
#3643 = EDGE_CURVE('',#3612,#3636,#3644,.T.);
#3644 = LINE('',#3645,#3646);
#3645 = CARTESIAN_POINT('',(34.75,51.5,0.));
#3646 = VECTOR('',#3647,1.);
#3647 = DIRECTION('',(1.,0.,0.));
#3648 = ORIENTED_EDGE('',*,*,#3611,.F.);
#3649 = PLANE('',#3650);
#3650 = AXIS2_PLACEMENT_3D('',#3651,#3652,#3653);
#3651 = CARTESIAN_POINT('',(29.5,51.5,1.));
#3652 = DIRECTION('',(0.,1.,0.));
#3653 = DIRECTION('',(-1.,0.,0.));
#3654 = ADVANCED_FACE('',(#3655),#3673,.T.);
#3655 = FACE_BOUND('',#3656,.T.);
#3656 = EDGE_LOOP('',(#3657,#3658,#3666,#3672));
#3657 = ORIENTED_EDGE('',*,*,#573,.F.);
#3658 = ORIENTED_EDGE('',*,*,#3659,.T.);
#3659 = EDGE_CURVE('',#566,#3660,#3662,.T.);
#3660 = VERTEX_POINT('',#3661);
#3661 = CARTESIAN_POINT('',(29.5,52.5,0.));
#3662 = LINE('',#3663,#3664);
#3663 = CARTESIAN_POINT('',(29.5,52.5,1.));
#3664 = VECTOR('',#3665,1.);
#3665 = DIRECTION('',(-0.,-0.,-1.));
#3666 = ORIENTED_EDGE('',*,*,#3667,.F.);
#3667 = EDGE_CURVE('',#3636,#3660,#3668,.T.);
#3668 = LINE('',#3669,#3670);
#3669 = CARTESIAN_POINT('',(29.5,81.25,0.));
#3670 = VECTOR('',#3671,1.);
#3671 = DIRECTION('',(0.,1.,0.));
#3672 = ORIENTED_EDGE('',*,*,#3635,.F.);
#3673 = PLANE('',#3674);
#3674 = AXIS2_PLACEMENT_3D('',#3675,#3676,#3677);
#3675 = CARTESIAN_POINT('',(29.5,52.5,1.));
#3676 = DIRECTION('',(-1.,0.,0.));
#3677 = DIRECTION('',(0.,-1.,0.));
#3678 = ADVANCED_FACE('',(#3679),#3697,.T.);
#3679 = FACE_BOUND('',#3680,.T.);
#3680 = EDGE_LOOP('',(#3681,#3682,#3690,#3696));
#3681 = ORIENTED_EDGE('',*,*,#565,.F.);
#3682 = ORIENTED_EDGE('',*,*,#3683,.T.);
#3683 = EDGE_CURVE('',#558,#3684,#3686,.T.);
#3684 = VERTEX_POINT('',#3685);
#3685 = CARTESIAN_POINT('',(29.,52.5,0.));
#3686 = LINE('',#3687,#3688);
#3687 = CARTESIAN_POINT('',(29.,52.5,1.));
#3688 = VECTOR('',#3689,1.);
#3689 = DIRECTION('',(-0.,-0.,-1.));
#3690 = ORIENTED_EDGE('',*,*,#3691,.F.);
#3691 = EDGE_CURVE('',#3660,#3684,#3692,.T.);
#3692 = LINE('',#3693,#3694);
#3693 = CARTESIAN_POINT('',(34.5,52.5,0.));
#3694 = VECTOR('',#3695,1.);
#3695 = DIRECTION('',(-1.,0.,0.));
#3696 = ORIENTED_EDGE('',*,*,#3659,.F.);
#3697 = PLANE('',#3698);
#3698 = AXIS2_PLACEMENT_3D('',#3699,#3700,#3701);
#3699 = CARTESIAN_POINT('',(29.,52.5,1.));
#3700 = DIRECTION('',(0.,-1.,0.));
#3701 = DIRECTION('',(1.,0.,0.));
#3702 = ADVANCED_FACE('',(#3703),#3721,.T.);
#3703 = FACE_BOUND('',#3704,.T.);
#3704 = EDGE_LOOP('',(#3705,#3706,#3714,#3720));
#3705 = ORIENTED_EDGE('',*,*,#557,.F.);
#3706 = ORIENTED_EDGE('',*,*,#3707,.T.);
#3707 = EDGE_CURVE('',#550,#3708,#3710,.T.);
#3708 = VERTEX_POINT('',#3709);
#3709 = CARTESIAN_POINT('',(29.,53.5,0.));
#3710 = LINE('',#3711,#3712);
#3711 = CARTESIAN_POINT('',(29.,53.5,1.));
#3712 = VECTOR('',#3713,1.);
#3713 = DIRECTION('',(-0.,-0.,-1.));
#3714 = ORIENTED_EDGE('',*,*,#3715,.F.);
#3715 = EDGE_CURVE('',#3684,#3708,#3716,.T.);
#3716 = LINE('',#3717,#3718);
#3717 = CARTESIAN_POINT('',(29.,81.75,0.));
#3718 = VECTOR('',#3719,1.);
#3719 = DIRECTION('',(0.,1.,0.));
#3720 = ORIENTED_EDGE('',*,*,#3683,.F.);
#3721 = PLANE('',#3722);
#3722 = AXIS2_PLACEMENT_3D('',#3723,#3724,#3725);
#3723 = CARTESIAN_POINT('',(29.,53.5,1.));
#3724 = DIRECTION('',(-1.,0.,0.));
#3725 = DIRECTION('',(0.,-1.,0.));
#3726 = ADVANCED_FACE('',(#3727),#3745,.T.);
#3727 = FACE_BOUND('',#3728,.T.);
#3728 = EDGE_LOOP('',(#3729,#3730,#3738,#3744));
#3729 = ORIENTED_EDGE('',*,*,#549,.F.);
#3730 = ORIENTED_EDGE('',*,*,#3731,.T.);
#3731 = EDGE_CURVE('',#542,#3732,#3734,.T.);
#3732 = VERTEX_POINT('',#3733);
#3733 = CARTESIAN_POINT('',(31.5,53.5,0.));
#3734 = LINE('',#3735,#3736);
#3735 = CARTESIAN_POINT('',(31.5,53.5,1.));
#3736 = VECTOR('',#3737,1.);
#3737 = DIRECTION('',(-0.,-0.,-1.));
#3738 = ORIENTED_EDGE('',*,*,#3739,.F.);
#3739 = EDGE_CURVE('',#3708,#3732,#3740,.T.);
#3740 = LINE('',#3741,#3742);
#3741 = CARTESIAN_POINT('',(35.75,53.5,0.));
#3742 = VECTOR('',#3743,1.);
#3743 = DIRECTION('',(1.,0.,0.));
#3744 = ORIENTED_EDGE('',*,*,#3707,.F.);
#3745 = PLANE('',#3746);
#3746 = AXIS2_PLACEMENT_3D('',#3747,#3748,#3749);
#3747 = CARTESIAN_POINT('',(31.5,53.5,1.));
#3748 = DIRECTION('',(0.,1.,0.));
#3749 = DIRECTION('',(-1.,0.,0.));
#3750 = ADVANCED_FACE('',(#3751),#3769,.T.);
#3751 = FACE_BOUND('',#3752,.T.);
#3752 = EDGE_LOOP('',(#3753,#3754,#3762,#3768));
#3753 = ORIENTED_EDGE('',*,*,#541,.F.);
#3754 = ORIENTED_EDGE('',*,*,#3755,.T.);
#3755 = EDGE_CURVE('',#534,#3756,#3758,.T.);
#3756 = VERTEX_POINT('',#3757);
#3757 = CARTESIAN_POINT('',(31.5,54.5,0.));
#3758 = LINE('',#3759,#3760);
#3759 = CARTESIAN_POINT('',(31.5,54.5,1.));
#3760 = VECTOR('',#3761,1.);
#3761 = DIRECTION('',(-0.,-0.,-1.));
#3762 = ORIENTED_EDGE('',*,*,#3763,.F.);
#3763 = EDGE_CURVE('',#3732,#3756,#3764,.T.);
#3764 = LINE('',#3765,#3766);
#3765 = CARTESIAN_POINT('',(31.5,82.25,0.));
#3766 = VECTOR('',#3767,1.);
#3767 = DIRECTION('',(0.,1.,0.));
#3768 = ORIENTED_EDGE('',*,*,#3731,.F.);
#3769 = PLANE('',#3770);
#3770 = AXIS2_PLACEMENT_3D('',#3771,#3772,#3773);
#3771 = CARTESIAN_POINT('',(31.5,54.5,1.));
#3772 = DIRECTION('',(-1.,0.,0.));
#3773 = DIRECTION('',(0.,-1.,0.));
#3774 = ADVANCED_FACE('',(#3775),#3793,.T.);
#3775 = FACE_BOUND('',#3776,.T.);
#3776 = EDGE_LOOP('',(#3777,#3778,#3786,#3792));
#3777 = ORIENTED_EDGE('',*,*,#533,.F.);
#3778 = ORIENTED_EDGE('',*,*,#3779,.T.);
#3779 = EDGE_CURVE('',#526,#3780,#3782,.T.);
#3780 = VERTEX_POINT('',#3781);
#3781 = CARTESIAN_POINT('',(28.,54.5,0.));
#3782 = LINE('',#3783,#3784);
#3783 = CARTESIAN_POINT('',(28.,54.5,1.));
#3784 = VECTOR('',#3785,1.);
#3785 = DIRECTION('',(-0.,-0.,-1.));
#3786 = ORIENTED_EDGE('',*,*,#3787,.F.);
#3787 = EDGE_CURVE('',#3756,#3780,#3788,.T.);
#3788 = LINE('',#3789,#3790);
#3789 = CARTESIAN_POINT('',(34.,54.5,0.));
#3790 = VECTOR('',#3791,1.);
#3791 = DIRECTION('',(-1.,0.,0.));
#3792 = ORIENTED_EDGE('',*,*,#3755,.F.);
#3793 = PLANE('',#3794);
#3794 = AXIS2_PLACEMENT_3D('',#3795,#3796,#3797);
#3795 = CARTESIAN_POINT('',(28.,54.5,1.));
#3796 = DIRECTION('',(0.,-1.,0.));
#3797 = DIRECTION('',(1.,0.,0.));
#3798 = ADVANCED_FACE('',(#3799),#3817,.T.);
#3799 = FACE_BOUND('',#3800,.T.);
#3800 = EDGE_LOOP('',(#3801,#3802,#3810,#3816));
#3801 = ORIENTED_EDGE('',*,*,#525,.F.);
#3802 = ORIENTED_EDGE('',*,*,#3803,.T.);
#3803 = EDGE_CURVE('',#518,#3804,#3806,.T.);
#3804 = VERTEX_POINT('',#3805);
#3805 = CARTESIAN_POINT('',(28.,49.,0.));
#3806 = LINE('',#3807,#3808);
#3807 = CARTESIAN_POINT('',(28.,49.,1.));
#3808 = VECTOR('',#3809,1.);
#3809 = DIRECTION('',(-0.,-0.,-1.));
#3810 = ORIENTED_EDGE('',*,*,#3811,.F.);
#3811 = EDGE_CURVE('',#3780,#3804,#3812,.T.);
#3812 = LINE('',#3813,#3814);
#3813 = CARTESIAN_POINT('',(28.,79.5,0.));
#3814 = VECTOR('',#3815,1.);
#3815 = DIRECTION('',(0.,-1.,0.));
#3816 = ORIENTED_EDGE('',*,*,#3779,.F.);
#3817 = PLANE('',#3818);
#3818 = AXIS2_PLACEMENT_3D('',#3819,#3820,#3821);
#3819 = CARTESIAN_POINT('',(28.,49.,1.));
#3820 = DIRECTION('',(1.,0.,0.));
#3821 = DIRECTION('',(0.,1.,0.));
#3822 = ADVANCED_FACE('',(#3823),#3841,.T.);
#3823 = FACE_BOUND('',#3824,.T.);
#3824 = EDGE_LOOP('',(#3825,#3826,#3834,#3840));
#3825 = ORIENTED_EDGE('',*,*,#517,.F.);
#3826 = ORIENTED_EDGE('',*,*,#3827,.T.);
#3827 = EDGE_CURVE('',#510,#3828,#3830,.T.);
#3828 = VERTEX_POINT('',#3829);
#3829 = CARTESIAN_POINT('',(31.5,49.,0.));
#3830 = LINE('',#3831,#3832);
#3831 = CARTESIAN_POINT('',(31.5,49.,1.));
#3832 = VECTOR('',#3833,1.);
#3833 = DIRECTION('',(-0.,-0.,-1.));
#3834 = ORIENTED_EDGE('',*,*,#3835,.F.);
#3835 = EDGE_CURVE('',#3804,#3828,#3836,.T.);
#3836 = LINE('',#3837,#3838);
#3837 = CARTESIAN_POINT('',(35.75,49.,0.));
#3838 = VECTOR('',#3839,1.);
#3839 = DIRECTION('',(1.,0.,0.));
#3840 = ORIENTED_EDGE('',*,*,#3803,.F.);
#3841 = PLANE('',#3842);
#3842 = AXIS2_PLACEMENT_3D('',#3843,#3844,#3845);
#3843 = CARTESIAN_POINT('',(31.5,49.,1.));
#3844 = DIRECTION('',(0.,1.,0.));
#3845 = DIRECTION('',(-1.,0.,0.));
#3846 = ADVANCED_FACE('',(#3847),#3858,.T.);
#3847 = FACE_BOUND('',#3848,.T.);
#3848 = EDGE_LOOP('',(#3849,#3850,#3851,#3857));
#3849 = ORIENTED_EDGE('',*,*,#509,.F.);
#3850 = ORIENTED_EDGE('',*,*,#3500,.T.);
#3851 = ORIENTED_EDGE('',*,*,#3852,.F.);
#3852 = EDGE_CURVE('',#3828,#3493,#3853,.T.);
#3853 = LINE('',#3854,#3855);
#3854 = CARTESIAN_POINT('',(31.5,81.25,0.));
#3855 = VECTOR('',#3856,1.);
#3856 = DIRECTION('',(0.,1.,0.));
#3857 = ORIENTED_EDGE('',*,*,#3827,.F.);
#3858 = PLANE('',#3859);
#3859 = AXIS2_PLACEMENT_3D('',#3860,#3861,#3862);
#3860 = CARTESIAN_POINT('',(31.5,52.5,1.));
#3861 = DIRECTION('',(-1.,0.,0.));
#3862 = DIRECTION('',(0.,-1.,0.));
#3863 = ADVANCED_FACE('',(#3864),#3889,.T.);
#3864 = FACE_BOUND('',#3865,.T.);
#3865 = EDGE_LOOP('',(#3866,#3867,#3875,#3883));
#3866 = ORIENTED_EDGE('',*,*,#629,.F.);
#3867 = ORIENTED_EDGE('',*,*,#3868,.T.);
#3868 = EDGE_CURVE('',#630,#3869,#3871,.T.);
#3869 = VERTEX_POINT('',#3870);
#3870 = CARTESIAN_POINT('',(50.,7.5,0.));
#3871 = LINE('',#3872,#3873);
#3872 = CARTESIAN_POINT('',(50.,7.5,1.));
#3873 = VECTOR('',#3874,1.);
#3874 = DIRECTION('',(-0.,-0.,-1.));
#3875 = ORIENTED_EDGE('',*,*,#3876,.F.);
#3876 = EDGE_CURVE('',#3877,#3869,#3879,.T.);
#3877 = VERTEX_POINT('',#3878);
#3878 = CARTESIAN_POINT('',(48.5,7.5,0.));
#3879 = LINE('',#3880,#3881);
#3880 = CARTESIAN_POINT('',(45.,7.5,0.));
#3881 = VECTOR('',#3882,1.);
#3882 = DIRECTION('',(1.,0.,0.));
#3883 = ORIENTED_EDGE('',*,*,#3884,.F.);
#3884 = EDGE_CURVE('',#632,#3877,#3885,.T.);
#3885 = LINE('',#3886,#3887);
#3886 = CARTESIAN_POINT('',(48.5,7.5,1.));
#3887 = VECTOR('',#3888,1.);
#3888 = DIRECTION('',(-0.,-0.,-1.));
#3889 = PLANE('',#3890);
#3890 = AXIS2_PLACEMENT_3D('',#3891,#3892,#3893);
#3891 = CARTESIAN_POINT('',(50.,7.5,1.));
#3892 = DIRECTION('',(0.,1.,0.));
#3893 = DIRECTION('',(-1.,0.,0.));
#3894 = ADVANCED_FACE('',(#3895),#3913,.T.);
#3895 = FACE_BOUND('',#3896,.T.);
#3896 = EDGE_LOOP('',(#3897,#3898,#3906,#3912));
#3897 = ORIENTED_EDGE('',*,*,#751,.F.);
#3898 = ORIENTED_EDGE('',*,*,#3899,.T.);
#3899 = EDGE_CURVE('',#744,#3900,#3902,.T.);
#3900 = VERTEX_POINT('',#3901);
#3901 = CARTESIAN_POINT('',(50.,8.5,0.));
#3902 = LINE('',#3903,#3904);
#3903 = CARTESIAN_POINT('',(50.,8.5,1.));
#3904 = VECTOR('',#3905,1.);
#3905 = DIRECTION('',(-0.,-0.,-1.));
#3906 = ORIENTED_EDGE('',*,*,#3907,.F.);
#3907 = EDGE_CURVE('',#3869,#3900,#3908,.T.);
#3908 = LINE('',#3909,#3910);
#3909 = CARTESIAN_POINT('',(50.,59.25,0.));
#3910 = VECTOR('',#3911,1.);
#3911 = DIRECTION('',(0.,1.,0.));
#3912 = ORIENTED_EDGE('',*,*,#3868,.F.);
#3913 = PLANE('',#3914);
#3914 = AXIS2_PLACEMENT_3D('',#3915,#3916,#3917);
#3915 = CARTESIAN_POINT('',(50.,8.5,1.));
#3916 = DIRECTION('',(-1.,0.,0.));
#3917 = DIRECTION('',(0.,-1.,0.));
#3918 = ADVANCED_FACE('',(#3919),#3937,.T.);
#3919 = FACE_BOUND('',#3920,.T.);
#3920 = EDGE_LOOP('',(#3921,#3922,#3930,#3936));
#3921 = ORIENTED_EDGE('',*,*,#743,.F.);
#3922 = ORIENTED_EDGE('',*,*,#3923,.T.);
#3923 = EDGE_CURVE('',#736,#3924,#3926,.T.);
#3924 = VERTEX_POINT('',#3925);
#3925 = CARTESIAN_POINT('',(49.5,8.5,0.));
#3926 = LINE('',#3927,#3928);
#3927 = CARTESIAN_POINT('',(49.5,8.5,1.));
#3928 = VECTOR('',#3929,1.);
#3929 = DIRECTION('',(-0.,-0.,-1.));
#3930 = ORIENTED_EDGE('',*,*,#3931,.F.);
#3931 = EDGE_CURVE('',#3900,#3924,#3932,.T.);
#3932 = LINE('',#3933,#3934);
#3933 = CARTESIAN_POINT('',(44.75,8.5,0.));
#3934 = VECTOR('',#3935,1.);
#3935 = DIRECTION('',(-1.,0.,0.));
#3936 = ORIENTED_EDGE('',*,*,#3899,.F.);
#3937 = PLANE('',#3938);
#3938 = AXIS2_PLACEMENT_3D('',#3939,#3940,#3941);
#3939 = CARTESIAN_POINT('',(49.5,8.5,1.));
#3940 = DIRECTION('',(0.,-1.,0.));
#3941 = DIRECTION('',(1.,0.,0.));
#3942 = ADVANCED_FACE('',(#3943),#3961,.T.);
#3943 = FACE_BOUND('',#3944,.T.);
#3944 = EDGE_LOOP('',(#3945,#3946,#3954,#3960));
#3945 = ORIENTED_EDGE('',*,*,#735,.F.);
#3946 = ORIENTED_EDGE('',*,*,#3947,.T.);
#3947 = EDGE_CURVE('',#728,#3948,#3950,.T.);
#3948 = VERTEX_POINT('',#3949);
#3949 = CARTESIAN_POINT('',(49.5,10.,0.));
#3950 = LINE('',#3951,#3952);
#3951 = CARTESIAN_POINT('',(49.5,10.,1.));
#3952 = VECTOR('',#3953,1.);
#3953 = DIRECTION('',(-0.,-0.,-1.));
#3954 = ORIENTED_EDGE('',*,*,#3955,.F.);
#3955 = EDGE_CURVE('',#3924,#3948,#3956,.T.);
#3956 = LINE('',#3957,#3958);
#3957 = CARTESIAN_POINT('',(49.5,60.,0.));
#3958 = VECTOR('',#3959,1.);
#3959 = DIRECTION('',(0.,1.,0.));
#3960 = ORIENTED_EDGE('',*,*,#3923,.F.);
#3961 = PLANE('',#3962);
#3962 = AXIS2_PLACEMENT_3D('',#3963,#3964,#3965);
#3963 = CARTESIAN_POINT('',(49.5,10.,1.));
#3964 = DIRECTION('',(-1.,0.,0.));
#3965 = DIRECTION('',(0.,-1.,0.));
#3966 = ADVANCED_FACE('',(#3967),#3985,.T.);
#3967 = FACE_BOUND('',#3968,.T.);
#3968 = EDGE_LOOP('',(#3969,#3970,#3978,#3984));
#3969 = ORIENTED_EDGE('',*,*,#727,.F.);
#3970 = ORIENTED_EDGE('',*,*,#3971,.T.);
#3971 = EDGE_CURVE('',#720,#3972,#3974,.T.);
#3972 = VERTEX_POINT('',#3973);
#3973 = CARTESIAN_POINT('',(51.,10.,0.));
#3974 = LINE('',#3975,#3976);
#3975 = CARTESIAN_POINT('',(51.,10.,1.));
#3976 = VECTOR('',#3977,1.);
#3977 = DIRECTION('',(-0.,-0.,-1.));
#3978 = ORIENTED_EDGE('',*,*,#3979,.F.);
#3979 = EDGE_CURVE('',#3948,#3972,#3980,.T.);
#3980 = LINE('',#3981,#3982);
#3981 = CARTESIAN_POINT('',(45.5,10.,0.));
#3982 = VECTOR('',#3983,1.);
#3983 = DIRECTION('',(1.,0.,0.));
#3984 = ORIENTED_EDGE('',*,*,#3947,.F.);
#3985 = PLANE('',#3986);
#3986 = AXIS2_PLACEMENT_3D('',#3987,#3988,#3989);
#3987 = CARTESIAN_POINT('',(51.,10.,1.));
#3988 = DIRECTION('',(0.,1.,0.));
#3989 = DIRECTION('',(-1.,0.,0.));
#3990 = ADVANCED_FACE('',(#3991),#4009,.T.);
#3991 = FACE_BOUND('',#3992,.T.);
#3992 = EDGE_LOOP('',(#3993,#3994,#4002,#4008));
#3993 = ORIENTED_EDGE('',*,*,#719,.F.);
#3994 = ORIENTED_EDGE('',*,*,#3995,.T.);
#3995 = EDGE_CURVE('',#712,#3996,#3998,.T.);
#3996 = VERTEX_POINT('',#3997);
#3997 = CARTESIAN_POINT('',(51.,8.5,0.));
#3998 = LINE('',#3999,#4000);
#3999 = CARTESIAN_POINT('',(51.,8.5,1.));
#4000 = VECTOR('',#4001,1.);
#4001 = DIRECTION('',(-0.,-0.,-1.));
#4002 = ORIENTED_EDGE('',*,*,#4003,.F.);
#4003 = EDGE_CURVE('',#3972,#3996,#4004,.T.);
#4004 = LINE('',#4005,#4006);
#4005 = CARTESIAN_POINT('',(51.,59.25,0.));
#4006 = VECTOR('',#4007,1.);
#4007 = DIRECTION('',(0.,-1.,0.));
#4008 = ORIENTED_EDGE('',*,*,#3971,.F.);
#4009 = PLANE('',#4010);
#4010 = AXIS2_PLACEMENT_3D('',#4011,#4012,#4013);
#4011 = CARTESIAN_POINT('',(51.,8.5,1.));
#4012 = DIRECTION('',(1.,0.,0.));
#4013 = DIRECTION('',(0.,1.,0.));
#4014 = ADVANCED_FACE('',(#4015),#4033,.T.);
#4015 = FACE_BOUND('',#4016,.T.);
#4016 = EDGE_LOOP('',(#4017,#4018,#4026,#4032));
#4017 = ORIENTED_EDGE('',*,*,#711,.F.);
#4018 = ORIENTED_EDGE('',*,*,#4019,.T.);
#4019 = EDGE_CURVE('',#704,#4020,#4022,.T.);
#4020 = VERTEX_POINT('',#4021);
#4021 = CARTESIAN_POINT('',(50.5,8.5,0.));
#4022 = LINE('',#4023,#4024);
#4023 = CARTESIAN_POINT('',(50.5,8.5,1.));
#4024 = VECTOR('',#4025,1.);
#4025 = DIRECTION('',(-0.,-0.,-1.));
#4026 = ORIENTED_EDGE('',*,*,#4027,.F.);
#4027 = EDGE_CURVE('',#3996,#4020,#4028,.T.);
#4028 = LINE('',#4029,#4030);
#4029 = CARTESIAN_POINT('',(45.25,8.5,0.));
#4030 = VECTOR('',#4031,1.);
#4031 = DIRECTION('',(-1.,0.,0.));
#4032 = ORIENTED_EDGE('',*,*,#3995,.F.);
#4033 = PLANE('',#4034);
#4034 = AXIS2_PLACEMENT_3D('',#4035,#4036,#4037);
#4035 = CARTESIAN_POINT('',(50.5,8.5,1.));
#4036 = DIRECTION('',(0.,-1.,0.));
#4037 = DIRECTION('',(1.,0.,0.));
#4038 = ADVANCED_FACE('',(#4039),#4057,.T.);
#4039 = FACE_BOUND('',#4040,.T.);
#4040 = EDGE_LOOP('',(#4041,#4042,#4050,#4056));
#4041 = ORIENTED_EDGE('',*,*,#703,.F.);
#4042 = ORIENTED_EDGE('',*,*,#4043,.T.);
#4043 = EDGE_CURVE('',#696,#4044,#4046,.T.);
#4044 = VERTEX_POINT('',#4045);
#4045 = CARTESIAN_POINT('',(50.5,7.5,0.));
#4046 = LINE('',#4047,#4048);
#4047 = CARTESIAN_POINT('',(50.5,7.5,1.));
#4048 = VECTOR('',#4049,1.);
#4049 = DIRECTION('',(-0.,-0.,-1.));
#4050 = ORIENTED_EDGE('',*,*,#4051,.F.);
#4051 = EDGE_CURVE('',#4020,#4044,#4052,.T.);
#4052 = LINE('',#4053,#4054);
#4053 = CARTESIAN_POINT('',(50.5,58.75,0.));
#4054 = VECTOR('',#4055,1.);
#4055 = DIRECTION('',(0.,-1.,0.));
#4056 = ORIENTED_EDGE('',*,*,#4019,.F.);
#4057 = PLANE('',#4058);
#4058 = AXIS2_PLACEMENT_3D('',#4059,#4060,#4061);
#4059 = CARTESIAN_POINT('',(50.5,7.5,1.));
#4060 = DIRECTION('',(1.,0.,0.));
#4061 = DIRECTION('',(0.,1.,0.));
#4062 = ADVANCED_FACE('',(#4063),#4081,.T.);
#4063 = FACE_BOUND('',#4064,.T.);
#4064 = EDGE_LOOP('',(#4065,#4066,#4074,#4080));
#4065 = ORIENTED_EDGE('',*,*,#695,.F.);
#4066 = ORIENTED_EDGE('',*,*,#4067,.T.);
#4067 = EDGE_CURVE('',#688,#4068,#4070,.T.);
#4068 = VERTEX_POINT('',#4069);
#4069 = CARTESIAN_POINT('',(51.,7.5,0.));
#4070 = LINE('',#4071,#4072);
#4071 = CARTESIAN_POINT('',(51.,7.5,1.));
#4072 = VECTOR('',#4073,1.);
#4073 = DIRECTION('',(-0.,-0.,-1.));
#4074 = ORIENTED_EDGE('',*,*,#4075,.F.);
#4075 = EDGE_CURVE('',#4044,#4068,#4076,.T.);
#4076 = LINE('',#4077,#4078);
#4077 = CARTESIAN_POINT('',(45.5,7.5,0.));
#4078 = VECTOR('',#4079,1.);
#4079 = DIRECTION('',(1.,0.,0.));
#4080 = ORIENTED_EDGE('',*,*,#4043,.F.);
#4081 = PLANE('',#4082);
#4082 = AXIS2_PLACEMENT_3D('',#4083,#4084,#4085);
#4083 = CARTESIAN_POINT('',(51.,7.5,1.));
#4084 = DIRECTION('',(0.,1.,0.));
#4085 = DIRECTION('',(-1.,0.,0.));
#4086 = ADVANCED_FACE('',(#4087),#4105,.T.);
#4087 = FACE_BOUND('',#4088,.T.);
#4088 = EDGE_LOOP('',(#4089,#4090,#4098,#4104));
#4089 = ORIENTED_EDGE('',*,*,#687,.F.);
#4090 = ORIENTED_EDGE('',*,*,#4091,.T.);
#4091 = EDGE_CURVE('',#680,#4092,#4094,.T.);
#4092 = VERTEX_POINT('',#4093);
#4093 = CARTESIAN_POINT('',(51.,6.5,0.));
#4094 = LINE('',#4095,#4096);
#4095 = CARTESIAN_POINT('',(51.,6.5,1.));
#4096 = VECTOR('',#4097,1.);
#4097 = DIRECTION('',(-0.,-0.,-1.));
#4098 = ORIENTED_EDGE('',*,*,#4099,.F.);
#4099 = EDGE_CURVE('',#4068,#4092,#4100,.T.);
#4100 = LINE('',#4101,#4102);
#4101 = CARTESIAN_POINT('',(51.,58.25,0.));
#4102 = VECTOR('',#4103,1.);
#4103 = DIRECTION('',(0.,-1.,0.));
#4104 = ORIENTED_EDGE('',*,*,#4067,.F.);
#4105 = PLANE('',#4106);
#4106 = AXIS2_PLACEMENT_3D('',#4107,#4108,#4109);
#4107 = CARTESIAN_POINT('',(51.,6.5,1.));
#4108 = DIRECTION('',(1.,0.,0.));
#4109 = DIRECTION('',(0.,1.,0.));
#4110 = ADVANCED_FACE('',(#4111),#4129,.T.);
#4111 = FACE_BOUND('',#4112,.T.);
#4112 = EDGE_LOOP('',(#4113,#4114,#4122,#4128));
#4113 = ORIENTED_EDGE('',*,*,#679,.F.);
#4114 = ORIENTED_EDGE('',*,*,#4115,.T.);
#4115 = EDGE_CURVE('',#672,#4116,#4118,.T.);
#4116 = VERTEX_POINT('',#4117);
#4117 = CARTESIAN_POINT('',(48.5,6.5,0.));
#4118 = LINE('',#4119,#4120);
#4119 = CARTESIAN_POINT('',(48.5,6.5,1.));
#4120 = VECTOR('',#4121,1.);
#4121 = DIRECTION('',(-0.,-0.,-1.));
#4122 = ORIENTED_EDGE('',*,*,#4123,.F.);
#4123 = EDGE_CURVE('',#4092,#4116,#4124,.T.);
#4124 = LINE('',#4125,#4126);
#4125 = CARTESIAN_POINT('',(44.25,6.5,0.));
#4126 = VECTOR('',#4127,1.);
#4127 = DIRECTION('',(-1.,0.,0.));
#4128 = ORIENTED_EDGE('',*,*,#4091,.F.);
#4129 = PLANE('',#4130);
#4130 = AXIS2_PLACEMENT_3D('',#4131,#4132,#4133);
#4131 = CARTESIAN_POINT('',(48.5,6.5,1.));
#4132 = DIRECTION('',(0.,-1.,0.));
#4133 = DIRECTION('',(1.,0.,0.));
#4134 = ADVANCED_FACE('',(#4135),#4153,.T.);
#4135 = FACE_BOUND('',#4136,.T.);
#4136 = EDGE_LOOP('',(#4137,#4138,#4146,#4152));
#4137 = ORIENTED_EDGE('',*,*,#671,.F.);
#4138 = ORIENTED_EDGE('',*,*,#4139,.T.);
#4139 = EDGE_CURVE('',#664,#4140,#4142,.T.);
#4140 = VERTEX_POINT('',#4141);
#4141 = CARTESIAN_POINT('',(48.5,5.5,0.));
#4142 = LINE('',#4143,#4144);
#4143 = CARTESIAN_POINT('',(48.5,5.5,1.));
#4144 = VECTOR('',#4145,1.);
#4145 = DIRECTION('',(-0.,-0.,-1.));
#4146 = ORIENTED_EDGE('',*,*,#4147,.F.);
#4147 = EDGE_CURVE('',#4116,#4140,#4148,.T.);
#4148 = LINE('',#4149,#4150);
#4149 = CARTESIAN_POINT('',(48.5,57.75,0.));
#4150 = VECTOR('',#4151,1.);
#4151 = DIRECTION('',(0.,-1.,0.));
#4152 = ORIENTED_EDGE('',*,*,#4115,.F.);
#4153 = PLANE('',#4154);
#4154 = AXIS2_PLACEMENT_3D('',#4155,#4156,#4157);
#4155 = CARTESIAN_POINT('',(48.5,5.5,1.));
#4156 = DIRECTION('',(1.,0.,0.));
#4157 = DIRECTION('',(0.,1.,0.));
#4158 = ADVANCED_FACE('',(#4159),#4177,.T.);
#4159 = FACE_BOUND('',#4160,.T.);
#4160 = EDGE_LOOP('',(#4161,#4162,#4170,#4176));
#4161 = ORIENTED_EDGE('',*,*,#663,.F.);
#4162 = ORIENTED_EDGE('',*,*,#4163,.T.);
#4163 = EDGE_CURVE('',#656,#4164,#4166,.T.);
#4164 = VERTEX_POINT('',#4165);
#4165 = CARTESIAN_POINT('',(52.,5.5,0.));
#4166 = LINE('',#4167,#4168);
#4167 = CARTESIAN_POINT('',(52.,5.5,1.));
#4168 = VECTOR('',#4169,1.);
#4169 = DIRECTION('',(-0.,-0.,-1.));
#4170 = ORIENTED_EDGE('',*,*,#4171,.F.);
#4171 = EDGE_CURVE('',#4140,#4164,#4172,.T.);
#4172 = LINE('',#4173,#4174);
#4173 = CARTESIAN_POINT('',(46.,5.5,0.));
#4174 = VECTOR('',#4175,1.);
#4175 = DIRECTION('',(1.,0.,0.));
#4176 = ORIENTED_EDGE('',*,*,#4139,.F.);
#4177 = PLANE('',#4178);
#4178 = AXIS2_PLACEMENT_3D('',#4179,#4180,#4181);
#4179 = CARTESIAN_POINT('',(52.,5.5,1.));
#4180 = DIRECTION('',(0.,1.,0.));
#4181 = DIRECTION('',(-1.,0.,0.));
#4182 = ADVANCED_FACE('',(#4183),#4201,.T.);
#4183 = FACE_BOUND('',#4184,.T.);
#4184 = EDGE_LOOP('',(#4185,#4186,#4194,#4200));
#4185 = ORIENTED_EDGE('',*,*,#655,.F.);
#4186 = ORIENTED_EDGE('',*,*,#4187,.T.);
#4187 = EDGE_CURVE('',#648,#4188,#4190,.T.);
#4188 = VERTEX_POINT('',#4189);
#4189 = CARTESIAN_POINT('',(52.,11.,0.));
#4190 = LINE('',#4191,#4192);
#4191 = CARTESIAN_POINT('',(52.,11.,1.));
#4192 = VECTOR('',#4193,1.);
#4193 = DIRECTION('',(-0.,-0.,-1.));
#4194 = ORIENTED_EDGE('',*,*,#4195,.F.);
#4195 = EDGE_CURVE('',#4164,#4188,#4196,.T.);
#4196 = LINE('',#4197,#4198);
#4197 = CARTESIAN_POINT('',(52.,60.5,0.));
#4198 = VECTOR('',#4199,1.);
#4199 = DIRECTION('',(0.,1.,0.));
#4200 = ORIENTED_EDGE('',*,*,#4163,.F.);
#4201 = PLANE('',#4202);
#4202 = AXIS2_PLACEMENT_3D('',#4203,#4204,#4205);
#4203 = CARTESIAN_POINT('',(52.,11.,1.));
#4204 = DIRECTION('',(-1.,0.,0.));
#4205 = DIRECTION('',(0.,-1.,0.));
#4206 = ADVANCED_FACE('',(#4207),#4225,.T.);
#4207 = FACE_BOUND('',#4208,.T.);
#4208 = EDGE_LOOP('',(#4209,#4210,#4218,#4224));
#4209 = ORIENTED_EDGE('',*,*,#647,.F.);
#4210 = ORIENTED_EDGE('',*,*,#4211,.T.);
#4211 = EDGE_CURVE('',#640,#4212,#4214,.T.);
#4212 = VERTEX_POINT('',#4213);
#4213 = CARTESIAN_POINT('',(48.5,11.,0.));
#4214 = LINE('',#4215,#4216);
#4215 = CARTESIAN_POINT('',(48.5,11.,1.));
#4216 = VECTOR('',#4217,1.);
#4217 = DIRECTION('',(-0.,-0.,-1.));
#4218 = ORIENTED_EDGE('',*,*,#4219,.F.);
#4219 = EDGE_CURVE('',#4188,#4212,#4220,.T.);
#4220 = LINE('',#4221,#4222);
#4221 = CARTESIAN_POINT('',(44.25,11.,0.));
#4222 = VECTOR('',#4223,1.);
#4223 = DIRECTION('',(-1.,0.,0.));
#4224 = ORIENTED_EDGE('',*,*,#4187,.F.);
#4225 = PLANE('',#4226);
#4226 = AXIS2_PLACEMENT_3D('',#4227,#4228,#4229);
#4227 = CARTESIAN_POINT('',(48.5,11.,1.));
#4228 = DIRECTION('',(0.,-1.,0.));
#4229 = DIRECTION('',(1.,0.,0.));
#4230 = ADVANCED_FACE('',(#4231),#4242,.T.);
#4231 = FACE_BOUND('',#4232,.T.);
#4232 = EDGE_LOOP('',(#4233,#4234,#4235,#4241));
#4233 = ORIENTED_EDGE('',*,*,#639,.F.);
#4234 = ORIENTED_EDGE('',*,*,#3884,.T.);
#4235 = ORIENTED_EDGE('',*,*,#4236,.F.);
#4236 = EDGE_CURVE('',#4212,#3877,#4237,.T.);
#4237 = LINE('',#4238,#4239);
#4238 = CARTESIAN_POINT('',(48.5,58.75,0.));
#4239 = VECTOR('',#4240,1.);
#4240 = DIRECTION('',(0.,-1.,0.));
#4241 = ORIENTED_EDGE('',*,*,#4211,.F.);
#4242 = PLANE('',#4243);
#4243 = AXIS2_PLACEMENT_3D('',#4244,#4245,#4246);
#4244 = CARTESIAN_POINT('',(48.5,7.5,1.));
#4245 = DIRECTION('',(1.,0.,0.));
#4246 = DIRECTION('',(0.,1.,0.));
#4247 = ADVANCED_FACE('',(#4248),#4273,.T.);
#4248 = FACE_BOUND('',#4249,.T.);
#4249 = EDGE_LOOP('',(#4250,#4251,#4259,#4267));
#4250 = ORIENTED_EDGE('',*,*,#759,.F.);
#4251 = ORIENTED_EDGE('',*,*,#4252,.T.);
#4252 = EDGE_CURVE('',#760,#4253,#4255,.T.);
#4253 = VERTEX_POINT('',#4254);
#4254 = CARTESIAN_POINT('',(53.2,5.5,0.));
#4255 = LINE('',#4256,#4257);
#4256 = CARTESIAN_POINT('',(53.2,5.5,1.));
#4257 = VECTOR('',#4258,1.);
#4258 = DIRECTION('',(-0.,-0.,-1.));
#4259 = ORIENTED_EDGE('',*,*,#4260,.F.);
#4260 = EDGE_CURVE('',#4261,#4253,#4263,.T.);
#4261 = VERTEX_POINT('',#4262);
#4262 = CARTESIAN_POINT('',(53.2,11.,0.));
#4263 = LINE('',#4264,#4265);
#4264 = CARTESIAN_POINT('',(53.2,57.75,0.));
#4265 = VECTOR('',#4266,1.);
#4266 = DIRECTION('',(0.,-1.,0.));
#4267 = ORIENTED_EDGE('',*,*,#4268,.F.);
#4268 = EDGE_CURVE('',#762,#4261,#4269,.T.);
#4269 = LINE('',#4270,#4271);
#4270 = CARTESIAN_POINT('',(53.2,11.,1.));
#4271 = VECTOR('',#4272,1.);
#4272 = DIRECTION('',(-0.,-0.,-1.));
#4273 = PLANE('',#4274);
#4274 = AXIS2_PLACEMENT_3D('',#4275,#4276,#4277);
#4275 = CARTESIAN_POINT('',(53.2,5.5,1.));
#4276 = DIRECTION('',(1.,0.,0.));
#4277 = DIRECTION('',(0.,1.,0.));
#4278 = ADVANCED_FACE('',(#4279),#4297,.T.);
#4279 = FACE_BOUND('',#4280,.T.);
#4280 = EDGE_LOOP('',(#4281,#4282,#4290,#4296));
#4281 = ORIENTED_EDGE('',*,*,#849,.F.);
#4282 = ORIENTED_EDGE('',*,*,#4283,.T.);
#4283 = EDGE_CURVE('',#842,#4284,#4286,.T.);
#4284 = VERTEX_POINT('',#4285);
#4285 = CARTESIAN_POINT('',(54.7,5.5,0.));
#4286 = LINE('',#4287,#4288);
#4287 = CARTESIAN_POINT('',(54.7,5.5,1.));
#4288 = VECTOR('',#4289,1.);
#4289 = DIRECTION('',(-0.,-0.,-1.));
#4290 = ORIENTED_EDGE('',*,*,#4291,.F.);
#4291 = EDGE_CURVE('',#4253,#4284,#4292,.T.);
#4292 = LINE('',#4293,#4294);
#4293 = CARTESIAN_POINT('',(47.35,5.5,0.));
#4294 = VECTOR('',#4295,1.);
#4295 = DIRECTION('',(1.,0.,0.));
#4296 = ORIENTED_EDGE('',*,*,#4252,.F.);
#4297 = PLANE('',#4298);
#4298 = AXIS2_PLACEMENT_3D('',#4299,#4300,#4301);
#4299 = CARTESIAN_POINT('',(54.7,5.5,1.));
#4300 = DIRECTION('',(0.,1.,0.));
#4301 = DIRECTION('',(-1.,0.,0.));
#4302 = ADVANCED_FACE('',(#4303),#4321,.T.);
#4303 = FACE_BOUND('',#4304,.T.);
#4304 = EDGE_LOOP('',(#4305,#4306,#4314,#4320));
#4305 = ORIENTED_EDGE('',*,*,#841,.F.);
#4306 = ORIENTED_EDGE('',*,*,#4307,.T.);
#4307 = EDGE_CURVE('',#834,#4308,#4310,.T.);
#4308 = VERTEX_POINT('',#4309);
#4309 = CARTESIAN_POINT('',(54.7,6.5,0.));
#4310 = LINE('',#4311,#4312);
#4311 = CARTESIAN_POINT('',(54.7,6.5,1.));
#4312 = VECTOR('',#4313,1.);
#4313 = DIRECTION('',(-0.,-0.,-1.));
#4314 = ORIENTED_EDGE('',*,*,#4315,.F.);
#4315 = EDGE_CURVE('',#4284,#4308,#4316,.T.);
#4316 = LINE('',#4317,#4318);
#4317 = CARTESIAN_POINT('',(54.7,58.25,0.));
#4318 = VECTOR('',#4319,1.);
#4319 = DIRECTION('',(0.,1.,0.));
#4320 = ORIENTED_EDGE('',*,*,#4283,.F.);
#4321 = PLANE('',#4322);
#4322 = AXIS2_PLACEMENT_3D('',#4323,#4324,#4325);
#4323 = CARTESIAN_POINT('',(54.7,6.5,1.));
#4324 = DIRECTION('',(-1.,0.,0.));
#4325 = DIRECTION('',(0.,-1.,0.));
#4326 = ADVANCED_FACE('',(#4327),#4345,.T.);
#4327 = FACE_BOUND('',#4328,.T.);
#4328 = EDGE_LOOP('',(#4329,#4330,#4338,#4344));
#4329 = ORIENTED_EDGE('',*,*,#833,.F.);
#4330 = ORIENTED_EDGE('',*,*,#4331,.T.);
#4331 = EDGE_CURVE('',#826,#4332,#4334,.T.);
#4332 = VERTEX_POINT('',#4333);
#4333 = CARTESIAN_POINT('',(54.2,6.5,0.));
#4334 = LINE('',#4335,#4336);
#4335 = CARTESIAN_POINT('',(54.2,6.5,1.));
#4336 = VECTOR('',#4337,1.);
#4337 = DIRECTION('',(-0.,-0.,-1.));
#4338 = ORIENTED_EDGE('',*,*,#4339,.F.);
#4339 = EDGE_CURVE('',#4308,#4332,#4340,.T.);
#4340 = LINE('',#4341,#4342);
#4341 = CARTESIAN_POINT('',(47.1,6.5,0.));
#4342 = VECTOR('',#4343,1.);
#4343 = DIRECTION('',(-1.,0.,0.));
#4344 = ORIENTED_EDGE('',*,*,#4307,.F.);
#4345 = PLANE('',#4346);
#4346 = AXIS2_PLACEMENT_3D('',#4347,#4348,#4349);
#4347 = CARTESIAN_POINT('',(54.2,6.5,1.));
#4348 = DIRECTION('',(0.,-1.,0.));
#4349 = DIRECTION('',(1.,0.,0.));
#4350 = ADVANCED_FACE('',(#4351),#4369,.T.);
#4351 = FACE_BOUND('',#4352,.T.);
#4352 = EDGE_LOOP('',(#4353,#4354,#4362,#4368));
#4353 = ORIENTED_EDGE('',*,*,#825,.F.);
#4354 = ORIENTED_EDGE('',*,*,#4355,.T.);
#4355 = EDGE_CURVE('',#818,#4356,#4358,.T.);
#4356 = VERTEX_POINT('',#4357);
#4357 = CARTESIAN_POINT('',(54.2,10.,0.));
#4358 = LINE('',#4359,#4360);
#4359 = CARTESIAN_POINT('',(54.2,10.,1.));
#4360 = VECTOR('',#4361,1.);
#4361 = DIRECTION('',(-0.,-0.,-1.));
#4362 = ORIENTED_EDGE('',*,*,#4363,.F.);
#4363 = EDGE_CURVE('',#4332,#4356,#4364,.T.);
#4364 = LINE('',#4365,#4366);
#4365 = CARTESIAN_POINT('',(54.2,60.,0.));
#4366 = VECTOR('',#4367,1.);
#4367 = DIRECTION('',(0.,1.,0.));
#4368 = ORIENTED_EDGE('',*,*,#4331,.F.);
#4369 = PLANE('',#4370);
#4370 = AXIS2_PLACEMENT_3D('',#4371,#4372,#4373);
#4371 = CARTESIAN_POINT('',(54.2,10.,1.));
#4372 = DIRECTION('',(-1.,0.,0.));
#4373 = DIRECTION('',(0.,-1.,0.));
#4374 = ADVANCED_FACE('',(#4375),#4393,.T.);
#4375 = FACE_BOUND('',#4376,.T.);
#4376 = EDGE_LOOP('',(#4377,#4378,#4386,#4392));
#4377 = ORIENTED_EDGE('',*,*,#817,.F.);
#4378 = ORIENTED_EDGE('',*,*,#4379,.T.);
#4379 = EDGE_CURVE('',#810,#4380,#4382,.T.);
#4380 = VERTEX_POINT('',#4381);
#4381 = CARTESIAN_POINT('',(55.7,10.,0.));
#4382 = LINE('',#4383,#4384);
#4383 = CARTESIAN_POINT('',(55.7,10.,1.));
#4384 = VECTOR('',#4385,1.);
#4385 = DIRECTION('',(-0.,-0.,-1.));
#4386 = ORIENTED_EDGE('',*,*,#4387,.F.);
#4387 = EDGE_CURVE('',#4356,#4380,#4388,.T.);
#4388 = LINE('',#4389,#4390);
#4389 = CARTESIAN_POINT('',(47.85,10.,0.));
#4390 = VECTOR('',#4391,1.);
#4391 = DIRECTION('',(1.,0.,0.));
#4392 = ORIENTED_EDGE('',*,*,#4355,.F.);
#4393 = PLANE('',#4394);
#4394 = AXIS2_PLACEMENT_3D('',#4395,#4396,#4397);
#4395 = CARTESIAN_POINT('',(55.7,10.,1.));
#4396 = DIRECTION('',(0.,1.,0.));
#4397 = DIRECTION('',(-1.,0.,0.));
#4398 = ADVANCED_FACE('',(#4399),#4417,.T.);
#4399 = FACE_BOUND('',#4400,.T.);
#4400 = EDGE_LOOP('',(#4401,#4402,#4410,#4416));
#4401 = ORIENTED_EDGE('',*,*,#809,.F.);
#4402 = ORIENTED_EDGE('',*,*,#4403,.T.);
#4403 = EDGE_CURVE('',#802,#4404,#4406,.T.);
#4404 = VERTEX_POINT('',#4405);
#4405 = CARTESIAN_POINT('',(55.7,6.5,0.));
#4406 = LINE('',#4407,#4408);
#4407 = CARTESIAN_POINT('',(55.7,6.5,1.));
#4408 = VECTOR('',#4409,1.);
#4409 = DIRECTION('',(-0.,-0.,-1.));
#4410 = ORIENTED_EDGE('',*,*,#4411,.F.);
#4411 = EDGE_CURVE('',#4380,#4404,#4412,.T.);
#4412 = LINE('',#4413,#4414);
#4413 = CARTESIAN_POINT('',(55.7,58.25,0.));
#4414 = VECTOR('',#4415,1.);
#4415 = DIRECTION('',(0.,-1.,0.));
#4416 = ORIENTED_EDGE('',*,*,#4379,.F.);
#4417 = PLANE('',#4418);
#4418 = AXIS2_PLACEMENT_3D('',#4419,#4420,#4421);
#4419 = CARTESIAN_POINT('',(55.7,6.5,1.));
#4420 = DIRECTION('',(1.,0.,0.));
#4421 = DIRECTION('',(0.,1.,0.));
#4422 = ADVANCED_FACE('',(#4423),#4441,.T.);
#4423 = FACE_BOUND('',#4424,.T.);
#4424 = EDGE_LOOP('',(#4425,#4426,#4434,#4440));
#4425 = ORIENTED_EDGE('',*,*,#801,.F.);
#4426 = ORIENTED_EDGE('',*,*,#4427,.T.);
#4427 = EDGE_CURVE('',#794,#4428,#4430,.T.);
#4428 = VERTEX_POINT('',#4429);
#4429 = CARTESIAN_POINT('',(55.2,6.5,0.));
#4430 = LINE('',#4431,#4432);
#4431 = CARTESIAN_POINT('',(55.2,6.5,1.));
#4432 = VECTOR('',#4433,1.);
#4433 = DIRECTION('',(-0.,-0.,-1.));
#4434 = ORIENTED_EDGE('',*,*,#4435,.F.);
#4435 = EDGE_CURVE('',#4404,#4428,#4436,.T.);
#4436 = LINE('',#4437,#4438);
#4437 = CARTESIAN_POINT('',(47.6,6.5,0.));
#4438 = VECTOR('',#4439,1.);
#4439 = DIRECTION('',(-1.,0.,0.));
#4440 = ORIENTED_EDGE('',*,*,#4403,.F.);
#4441 = PLANE('',#4442);
#4442 = AXIS2_PLACEMENT_3D('',#4443,#4444,#4445);
#4443 = CARTESIAN_POINT('',(55.2,6.5,1.));
#4444 = DIRECTION('',(0.,-1.,0.));
#4445 = DIRECTION('',(1.,0.,0.));
#4446 = ADVANCED_FACE('',(#4447),#4465,.T.);
#4447 = FACE_BOUND('',#4448,.T.);
#4448 = EDGE_LOOP('',(#4449,#4450,#4458,#4464));
#4449 = ORIENTED_EDGE('',*,*,#793,.F.);
#4450 = ORIENTED_EDGE('',*,*,#4451,.T.);
#4451 = EDGE_CURVE('',#786,#4452,#4454,.T.);
#4452 = VERTEX_POINT('',#4453);
#4453 = CARTESIAN_POINT('',(55.2,5.5,0.));
#4454 = LINE('',#4455,#4456);
#4455 = CARTESIAN_POINT('',(55.2,5.5,1.));
#4456 = VECTOR('',#4457,1.);
#4457 = DIRECTION('',(-0.,-0.,-1.));
#4458 = ORIENTED_EDGE('',*,*,#4459,.F.);
#4459 = EDGE_CURVE('',#4428,#4452,#4460,.T.);
#4460 = LINE('',#4461,#4462);
#4461 = CARTESIAN_POINT('',(55.2,57.75,0.));
#4462 = VECTOR('',#4463,1.);
#4463 = DIRECTION('',(0.,-1.,0.));
#4464 = ORIENTED_EDGE('',*,*,#4427,.F.);
#4465 = PLANE('',#4466);
#4466 = AXIS2_PLACEMENT_3D('',#4467,#4468,#4469);
#4467 = CARTESIAN_POINT('',(55.2,5.5,1.));
#4468 = DIRECTION('',(1.,0.,0.));
#4469 = DIRECTION('',(0.,1.,0.));
#4470 = ADVANCED_FACE('',(#4471),#4489,.T.);
#4471 = FACE_BOUND('',#4472,.T.);
#4472 = EDGE_LOOP('',(#4473,#4474,#4482,#4488));
#4473 = ORIENTED_EDGE('',*,*,#785,.F.);
#4474 = ORIENTED_EDGE('',*,*,#4475,.T.);
#4475 = EDGE_CURVE('',#778,#4476,#4478,.T.);
#4476 = VERTEX_POINT('',#4477);
#4477 = CARTESIAN_POINT('',(56.7,5.5,0.));
#4478 = LINE('',#4479,#4480);
#4479 = CARTESIAN_POINT('',(56.7,5.5,1.));
#4480 = VECTOR('',#4481,1.);
#4481 = DIRECTION('',(-0.,-0.,-1.));
#4482 = ORIENTED_EDGE('',*,*,#4483,.F.);
#4483 = EDGE_CURVE('',#4452,#4476,#4484,.T.);
#4484 = LINE('',#4485,#4486);
#4485 = CARTESIAN_POINT('',(48.35,5.5,0.));
#4486 = VECTOR('',#4487,1.);
#4487 = DIRECTION('',(1.,0.,0.));
#4488 = ORIENTED_EDGE('',*,*,#4451,.F.);
#4489 = PLANE('',#4490);
#4490 = AXIS2_PLACEMENT_3D('',#4491,#4492,#4493);
#4491 = CARTESIAN_POINT('',(56.7,5.5,1.));
#4492 = DIRECTION('',(0.,1.,0.));
#4493 = DIRECTION('',(-1.,0.,0.));
#4494 = ADVANCED_FACE('',(#4495),#4513,.T.);
#4495 = FACE_BOUND('',#4496,.T.);
#4496 = EDGE_LOOP('',(#4497,#4498,#4506,#4512));
#4497 = ORIENTED_EDGE('',*,*,#777,.F.);
#4498 = ORIENTED_EDGE('',*,*,#4499,.T.);
#4499 = EDGE_CURVE('',#770,#4500,#4502,.T.);
#4500 = VERTEX_POINT('',#4501);
#4501 = CARTESIAN_POINT('',(56.7,11.,0.));
#4502 = LINE('',#4503,#4504);
#4503 = CARTESIAN_POINT('',(56.7,11.,1.));
#4504 = VECTOR('',#4505,1.);
#4505 = DIRECTION('',(-0.,-0.,-1.));
#4506 = ORIENTED_EDGE('',*,*,#4507,.F.);
#4507 = EDGE_CURVE('',#4476,#4500,#4508,.T.);
#4508 = LINE('',#4509,#4510);
#4509 = CARTESIAN_POINT('',(56.7,60.5,0.));
#4510 = VECTOR('',#4511,1.);
#4511 = DIRECTION('',(0.,1.,0.));
#4512 = ORIENTED_EDGE('',*,*,#4475,.F.);
#4513 = PLANE('',#4514);
#4514 = AXIS2_PLACEMENT_3D('',#4515,#4516,#4517);
#4515 = CARTESIAN_POINT('',(56.7,11.,1.));
#4516 = DIRECTION('',(-1.,0.,0.));
#4517 = DIRECTION('',(0.,-1.,0.));
#4518 = ADVANCED_FACE('',(#4519),#4530,.T.);
#4519 = FACE_BOUND('',#4520,.T.);
#4520 = EDGE_LOOP('',(#4521,#4522,#4523,#4529));
#4521 = ORIENTED_EDGE('',*,*,#769,.F.);
#4522 = ORIENTED_EDGE('',*,*,#4268,.T.);
#4523 = ORIENTED_EDGE('',*,*,#4524,.F.);
#4524 = EDGE_CURVE('',#4500,#4261,#4525,.T.);
#4525 = LINE('',#4526,#4527);
#4526 = CARTESIAN_POINT('',(46.6,11.,0.));
#4527 = VECTOR('',#4528,1.);
#4528 = DIRECTION('',(-1.,0.,0.));
#4529 = ORIENTED_EDGE('',*,*,#4499,.F.);
#4530 = PLANE('',#4531);
#4531 = AXIS2_PLACEMENT_3D('',#4532,#4533,#4534);
#4532 = CARTESIAN_POINT('',(53.2,11.,1.));
#4533 = DIRECTION('',(0.,-1.,0.));
#4534 = DIRECTION('',(1.,0.,0.));
#4535 = ADVANCED_FACE('',(#4536),#4561,.F.);
#4536 = FACE_BOUND('',#4537,.F.);
#4537 = EDGE_LOOP('',(#4538,#4539,#4547,#4555));
#4538 = ORIENTED_EDGE('',*,*,#857,.F.);
#4539 = ORIENTED_EDGE('',*,*,#4540,.T.);
#4540 = EDGE_CURVE('',#858,#4541,#4543,.T.);
#4541 = VERTEX_POINT('',#4542);
#4542 = CARTESIAN_POINT('',(23.3,209.,0.));
#4543 = LINE('',#4544,#4545);
#4544 = CARTESIAN_POINT('',(23.3,209.,1.));
#4545 = VECTOR('',#4546,1.);
#4546 = DIRECTION('',(-0.,-0.,-1.));
#4547 = ORIENTED_EDGE('',*,*,#4548,.F.);
#4548 = EDGE_CURVE('',#4549,#4541,#4551,.T.);
#4549 = VERTEX_POINT('',#4550);
#4550 = CARTESIAN_POINT('',(26.8,209.,0.));
#4551 = LINE('',#4552,#4553);
#4552 = CARTESIAN_POINT('',(31.65,209.,0.));
#4553 = VECTOR('',#4554,1.);
#4554 = DIRECTION('',(-1.,0.,0.));
#4555 = ORIENTED_EDGE('',*,*,#4556,.F.);
#4556 = EDGE_CURVE('',#860,#4549,#4557,.T.);
#4557 = LINE('',#4558,#4559);
#4558 = CARTESIAN_POINT('',(26.8,209.,1.));
#4559 = VECTOR('',#4560,1.);
#4560 = DIRECTION('',(-0.,-0.,-1.));
#4561 = PLANE('',#4562);
#4562 = AXIS2_PLACEMENT_3D('',#4563,#4564,#4565);
#4563 = CARTESIAN_POINT('',(23.3,209.,1.));
#4564 = DIRECTION('',(0.,-1.,0.));
#4565 = DIRECTION('',(1.,0.,0.));
#4566 = ADVANCED_FACE('',(#4567),#4585,.F.);
#4567 = FACE_BOUND('',#4568,.F.);
#4568 = EDGE_LOOP('',(#4569,#4570,#4571,#4579));
#4569 = ORIENTED_EDGE('',*,*,#947,.F.);
#4570 = ORIENTED_EDGE('',*,*,#4556,.T.);
#4571 = ORIENTED_EDGE('',*,*,#4572,.F.);
#4572 = EDGE_CURVE('',#4573,#4549,#4575,.T.);
#4573 = VERTEX_POINT('',#4574);
#4574 = CARTESIAN_POINT('',(26.8,214.5,0.));
#4575 = LINE('',#4576,#4577);
#4576 = CARTESIAN_POINT('',(26.8,159.5,0.));
#4577 = VECTOR('',#4578,1.);
#4578 = DIRECTION('',(0.,-1.,0.));
#4579 = ORIENTED_EDGE('',*,*,#4580,.F.);
#4580 = EDGE_CURVE('',#940,#4573,#4581,.T.);
#4581 = LINE('',#4582,#4583);
#4582 = CARTESIAN_POINT('',(26.8,214.5,1.));
#4583 = VECTOR('',#4584,1.);
#4584 = DIRECTION('',(-0.,-0.,-1.));
#4585 = PLANE('',#4586);
#4586 = AXIS2_PLACEMENT_3D('',#4587,#4588,#4589);
#4587 = CARTESIAN_POINT('',(26.8,209.,1.));
#4588 = DIRECTION('',(1.,0.,0.));
#4589 = DIRECTION('',(0.,1.,0.));
#4590 = ADVANCED_FACE('',(#4591),#4609,.F.);
#4591 = FACE_BOUND('',#4592,.F.);
#4592 = EDGE_LOOP('',(#4593,#4594,#4595,#4603));
#4593 = ORIENTED_EDGE('',*,*,#939,.F.);
#4594 = ORIENTED_EDGE('',*,*,#4580,.T.);
#4595 = ORIENTED_EDGE('',*,*,#4596,.F.);
#4596 = EDGE_CURVE('',#4597,#4573,#4599,.T.);
#4597 = VERTEX_POINT('',#4598);
#4598 = CARTESIAN_POINT('',(25.3,214.5,0.));
#4599 = LINE('',#4600,#4601);
#4600 = CARTESIAN_POINT('',(33.4,214.5,0.));
#4601 = VECTOR('',#4602,1.);
#4602 = DIRECTION('',(1.,0.,0.));
#4603 = ORIENTED_EDGE('',*,*,#4604,.F.);
#4604 = EDGE_CURVE('',#932,#4597,#4605,.T.);
#4605 = LINE('',#4606,#4607);
#4606 = CARTESIAN_POINT('',(25.3,214.5,1.));
#4607 = VECTOR('',#4608,1.);
#4608 = DIRECTION('',(-0.,-0.,-1.));
#4609 = PLANE('',#4610);
#4610 = AXIS2_PLACEMENT_3D('',#4611,#4612,#4613);
#4611 = CARTESIAN_POINT('',(26.8,214.5,1.));
#4612 = DIRECTION('',(0.,1.,0.));
#4613 = DIRECTION('',(-1.,0.,0.));
#4614 = ADVANCED_FACE('',(#4615),#4633,.F.);
#4615 = FACE_BOUND('',#4616,.F.);
#4616 = EDGE_LOOP('',(#4617,#4618,#4619,#4627));
#4617 = ORIENTED_EDGE('',*,*,#931,.F.);
#4618 = ORIENTED_EDGE('',*,*,#4604,.T.);
#4619 = ORIENTED_EDGE('',*,*,#4620,.F.);
#4620 = EDGE_CURVE('',#4621,#4597,#4623,.T.);
#4621 = VERTEX_POINT('',#4622);
#4622 = CARTESIAN_POINT('',(25.3,213.5,0.));
#4623 = LINE('',#4624,#4625);
#4624 = CARTESIAN_POINT('',(25.3,162.25,0.));
#4625 = VECTOR('',#4626,1.);
#4626 = DIRECTION('',(0.,1.,0.));
#4627 = ORIENTED_EDGE('',*,*,#4628,.F.);
#4628 = EDGE_CURVE('',#924,#4621,#4629,.T.);
#4629 = LINE('',#4630,#4631);
#4630 = CARTESIAN_POINT('',(25.3,213.5,1.));
#4631 = VECTOR('',#4632,1.);
#4632 = DIRECTION('',(-0.,-0.,-1.));
#4633 = PLANE('',#4634);
#4634 = AXIS2_PLACEMENT_3D('',#4635,#4636,#4637);
#4635 = CARTESIAN_POINT('',(25.3,214.5,1.));
#4636 = DIRECTION('',(-1.,0.,0.));
#4637 = DIRECTION('',(0.,-1.,0.));
#4638 = ADVANCED_FACE('',(#4639),#4657,.F.);
#4639 = FACE_BOUND('',#4640,.F.);
#4640 = EDGE_LOOP('',(#4641,#4642,#4643,#4651));
#4641 = ORIENTED_EDGE('',*,*,#923,.F.);
#4642 = ORIENTED_EDGE('',*,*,#4628,.T.);
#4643 = ORIENTED_EDGE('',*,*,#4644,.F.);
#4644 = EDGE_CURVE('',#4645,#4621,#4647,.T.);
#4645 = VERTEX_POINT('',#4646);
#4646 = CARTESIAN_POINT('',(25.8,213.5,0.));
#4647 = LINE('',#4648,#4649);
#4648 = CARTESIAN_POINT('',(32.65,213.5,0.));
#4649 = VECTOR('',#4650,1.);
#4650 = DIRECTION('',(-1.,0.,0.));
#4651 = ORIENTED_EDGE('',*,*,#4652,.F.);
#4652 = EDGE_CURVE('',#916,#4645,#4653,.T.);
#4653 = LINE('',#4654,#4655);
#4654 = CARTESIAN_POINT('',(25.8,213.5,1.));
#4655 = VECTOR('',#4656,1.);
#4656 = DIRECTION('',(-0.,-0.,-1.));
#4657 = PLANE('',#4658);
#4658 = AXIS2_PLACEMENT_3D('',#4659,#4660,#4661);
#4659 = CARTESIAN_POINT('',(25.3,213.5,1.));
#4660 = DIRECTION('',(0.,-1.,0.));
#4661 = DIRECTION('',(1.,0.,0.));
#4662 = ADVANCED_FACE('',(#4663),#4681,.F.);
#4663 = FACE_BOUND('',#4664,.F.);
#4664 = EDGE_LOOP('',(#4665,#4666,#4667,#4675));
#4665 = ORIENTED_EDGE('',*,*,#915,.F.);
#4666 = ORIENTED_EDGE('',*,*,#4652,.T.);
#4667 = ORIENTED_EDGE('',*,*,#4668,.F.);
#4668 = EDGE_CURVE('',#4669,#4645,#4671,.T.);
#4669 = VERTEX_POINT('',#4670);
#4670 = CARTESIAN_POINT('',(25.8,210.,0.));
#4671 = LINE('',#4672,#4673);
#4672 = CARTESIAN_POINT('',(25.8,161.75,0.));
#4673 = VECTOR('',#4674,1.);
#4674 = DIRECTION('',(0.,1.,0.));
#4675 = ORIENTED_EDGE('',*,*,#4676,.F.);
#4676 = EDGE_CURVE('',#908,#4669,#4677,.T.);
#4677 = LINE('',#4678,#4679);
#4678 = CARTESIAN_POINT('',(25.8,210.,1.));
#4679 = VECTOR('',#4680,1.);
#4680 = DIRECTION('',(-0.,-0.,-1.));
#4681 = PLANE('',#4682);
#4682 = AXIS2_PLACEMENT_3D('',#4683,#4684,#4685);
#4683 = CARTESIAN_POINT('',(25.8,213.5,1.));
#4684 = DIRECTION('',(-1.,0.,0.));
#4685 = DIRECTION('',(0.,-1.,0.));
#4686 = ADVANCED_FACE('',(#4687),#4705,.F.);
#4687 = FACE_BOUND('',#4688,.F.);
#4688 = EDGE_LOOP('',(#4689,#4690,#4691,#4699));
#4689 = ORIENTED_EDGE('',*,*,#907,.F.);
#4690 = ORIENTED_EDGE('',*,*,#4676,.T.);
#4691 = ORIENTED_EDGE('',*,*,#4692,.F.);
#4692 = EDGE_CURVE('',#4693,#4669,#4695,.T.);
#4693 = VERTEX_POINT('',#4694);
#4694 = CARTESIAN_POINT('',(24.3,210.,0.));
#4695 = LINE('',#4696,#4697);
#4696 = CARTESIAN_POINT('',(32.9,210.,0.));
#4697 = VECTOR('',#4698,1.);
#4698 = DIRECTION('',(1.,0.,0.));
#4699 = ORIENTED_EDGE('',*,*,#4700,.F.);
#4700 = EDGE_CURVE('',#900,#4693,#4701,.T.);
#4701 = LINE('',#4702,#4703);
#4702 = CARTESIAN_POINT('',(24.3,210.,1.));
#4703 = VECTOR('',#4704,1.);
#4704 = DIRECTION('',(-0.,-0.,-1.));
#4705 = PLANE('',#4706);
#4706 = AXIS2_PLACEMENT_3D('',#4707,#4708,#4709);
#4707 = CARTESIAN_POINT('',(25.8,210.,1.));
#4708 = DIRECTION('',(0.,1.,0.));
#4709 = DIRECTION('',(-1.,0.,0.));
#4710 = ADVANCED_FACE('',(#4711),#4729,.F.);
#4711 = FACE_BOUND('',#4712,.F.);
#4712 = EDGE_LOOP('',(#4713,#4714,#4715,#4723));
#4713 = ORIENTED_EDGE('',*,*,#899,.F.);
#4714 = ORIENTED_EDGE('',*,*,#4700,.T.);
#4715 = ORIENTED_EDGE('',*,*,#4716,.F.);
#4716 = EDGE_CURVE('',#4717,#4693,#4719,.T.);
#4717 = VERTEX_POINT('',#4718);
#4718 = CARTESIAN_POINT('',(24.3,213.5,0.));
#4719 = LINE('',#4720,#4721);
#4720 = CARTESIAN_POINT('',(24.3,160.,0.));
#4721 = VECTOR('',#4722,1.);
#4722 = DIRECTION('',(0.,-1.,0.));
#4723 = ORIENTED_EDGE('',*,*,#4724,.F.);
#4724 = EDGE_CURVE('',#892,#4717,#4725,.T.);
#4725 = LINE('',#4726,#4727);
#4726 = CARTESIAN_POINT('',(24.3,213.5,1.));
#4727 = VECTOR('',#4728,1.);
#4728 = DIRECTION('',(-0.,-0.,-1.));
#4729 = PLANE('',#4730);
#4730 = AXIS2_PLACEMENT_3D('',#4731,#4732,#4733);
#4731 = CARTESIAN_POINT('',(24.3,210.,1.));
#4732 = DIRECTION('',(1.,0.,0.));
#4733 = DIRECTION('',(0.,1.,0.));
#4734 = ADVANCED_FACE('',(#4735),#4753,.F.);
#4735 = FACE_BOUND('',#4736,.F.);
#4736 = EDGE_LOOP('',(#4737,#4738,#4739,#4747));
#4737 = ORIENTED_EDGE('',*,*,#891,.F.);
#4738 = ORIENTED_EDGE('',*,*,#4724,.T.);
#4739 = ORIENTED_EDGE('',*,*,#4740,.F.);
#4740 = EDGE_CURVE('',#4741,#4717,#4743,.T.);
#4741 = VERTEX_POINT('',#4742);
#4742 = CARTESIAN_POINT('',(24.8,213.5,0.));
#4743 = LINE('',#4744,#4745);
#4744 = CARTESIAN_POINT('',(32.15,213.5,0.));
#4745 = VECTOR('',#4746,1.);
#4746 = DIRECTION('',(-1.,0.,0.));
#4747 = ORIENTED_EDGE('',*,*,#4748,.F.);
#4748 = EDGE_CURVE('',#884,#4741,#4749,.T.);
#4749 = LINE('',#4750,#4751);
#4750 = CARTESIAN_POINT('',(24.8,213.5,1.));
#4751 = VECTOR('',#4752,1.);
#4752 = DIRECTION('',(-0.,-0.,-1.));
#4753 = PLANE('',#4754);
#4754 = AXIS2_PLACEMENT_3D('',#4755,#4756,#4757);
#4755 = CARTESIAN_POINT('',(24.3,213.5,1.));
#4756 = DIRECTION('',(0.,-1.,0.));
#4757 = DIRECTION('',(1.,0.,0.));
#4758 = ADVANCED_FACE('',(#4759),#4777,.F.);
#4759 = FACE_BOUND('',#4760,.F.);
#4760 = EDGE_LOOP('',(#4761,#4762,#4763,#4771));
#4761 = ORIENTED_EDGE('',*,*,#883,.F.);
#4762 = ORIENTED_EDGE('',*,*,#4748,.T.);
#4763 = ORIENTED_EDGE('',*,*,#4764,.F.);
#4764 = EDGE_CURVE('',#4765,#4741,#4767,.T.);
#4765 = VERTEX_POINT('',#4766);
#4766 = CARTESIAN_POINT('',(24.8,214.5,0.));
#4767 = LINE('',#4768,#4769);
#4768 = CARTESIAN_POINT('',(24.8,161.75,0.));
#4769 = VECTOR('',#4770,1.);
#4770 = DIRECTION('',(0.,-1.,0.));
#4771 = ORIENTED_EDGE('',*,*,#4772,.F.);
#4772 = EDGE_CURVE('',#876,#4765,#4773,.T.);
#4773 = LINE('',#4774,#4775);
#4774 = CARTESIAN_POINT('',(24.8,214.5,1.));
#4775 = VECTOR('',#4776,1.);
#4776 = DIRECTION('',(-0.,-0.,-1.));
#4777 = PLANE('',#4778);
#4778 = AXIS2_PLACEMENT_3D('',#4779,#4780,#4781);
#4779 = CARTESIAN_POINT('',(24.8,213.5,1.));
#4780 = DIRECTION('',(1.,0.,0.));
#4781 = DIRECTION('',(0.,1.,0.));
#4782 = ADVANCED_FACE('',(#4783),#4801,.F.);
#4783 = FACE_BOUND('',#4784,.F.);
#4784 = EDGE_LOOP('',(#4785,#4786,#4787,#4795));
#4785 = ORIENTED_EDGE('',*,*,#875,.F.);
#4786 = ORIENTED_EDGE('',*,*,#4772,.T.);
#4787 = ORIENTED_EDGE('',*,*,#4788,.F.);
#4788 = EDGE_CURVE('',#4789,#4765,#4791,.T.);
#4789 = VERTEX_POINT('',#4790);
#4790 = CARTESIAN_POINT('',(23.3,214.5,0.));
#4791 = LINE('',#4792,#4793);
#4792 = CARTESIAN_POINT('',(32.4,214.5,0.));
#4793 = VECTOR('',#4794,1.);
#4794 = DIRECTION('',(1.,0.,0.));
#4795 = ORIENTED_EDGE('',*,*,#4796,.F.);
#4796 = EDGE_CURVE('',#868,#4789,#4797,.T.);
#4797 = LINE('',#4798,#4799);
#4798 = CARTESIAN_POINT('',(23.3,214.5,1.));
#4799 = VECTOR('',#4800,1.);
#4800 = DIRECTION('',(-0.,-0.,-1.));
#4801 = PLANE('',#4802);
#4802 = AXIS2_PLACEMENT_3D('',#4803,#4804,#4805);
#4803 = CARTESIAN_POINT('',(24.8,214.5,1.));
#4804 = DIRECTION('',(0.,1.,0.));
#4805 = DIRECTION('',(-1.,0.,0.));
#4806 = ADVANCED_FACE('',(#4807),#4818,.F.);
#4807 = FACE_BOUND('',#4808,.F.);
#4808 = EDGE_LOOP('',(#4809,#4810,#4811,#4817));
#4809 = ORIENTED_EDGE('',*,*,#867,.F.);
#4810 = ORIENTED_EDGE('',*,*,#4796,.T.);
#4811 = ORIENTED_EDGE('',*,*,#4812,.F.);
#4812 = EDGE_CURVE('',#4541,#4789,#4813,.T.);
#4813 = LINE('',#4814,#4815);
#4814 = CARTESIAN_POINT('',(23.3,162.25,0.));
#4815 = VECTOR('',#4816,1.);
#4816 = DIRECTION('',(0.,1.,0.));
#4817 = ORIENTED_EDGE('',*,*,#4540,.F.);
#4818 = PLANE('',#4819);
#4819 = AXIS2_PLACEMENT_3D('',#4820,#4821,#4822);
#4820 = CARTESIAN_POINT('',(23.3,214.5,1.));
#4821 = DIRECTION('',(-1.,0.,0.));
#4822 = DIRECTION('',(0.,-1.,0.));
#4823 = ADVANCED_FACE('',(#4824),#4849,.T.);
#4824 = FACE_BOUND('',#4825,.T.);
#4825 = EDGE_LOOP('',(#4826,#4827,#4835,#4843));
#4826 = ORIENTED_EDGE('',*,*,#955,.F.);
#4827 = ORIENTED_EDGE('',*,*,#4828,.T.);
#4828 = EDGE_CURVE('',#956,#4829,#4831,.T.);
#4829 = VERTEX_POINT('',#4830);
#4830 = CARTESIAN_POINT('',(30.,212.5,0.));
#4831 = LINE('',#4832,#4833);
#4832 = CARTESIAN_POINT('',(30.,212.5,1.));
#4833 = VECTOR('',#4834,1.);
#4834 = DIRECTION('',(-0.,-0.,-1.));
#4835 = ORIENTED_EDGE('',*,*,#4836,.F.);
#4836 = EDGE_CURVE('',#4837,#4829,#4839,.T.);
#4837 = VERTEX_POINT('',#4838);
#4838 = CARTESIAN_POINT('',(31.5,212.5,0.));
#4839 = LINE('',#4840,#4841);
#4840 = CARTESIAN_POINT('',(35.,212.5,0.));
#4841 = VECTOR('',#4842,1.);
#4842 = DIRECTION('',(-1.,0.,0.));
#4843 = ORIENTED_EDGE('',*,*,#4844,.F.);
#4844 = EDGE_CURVE('',#958,#4837,#4845,.T.);
#4845 = LINE('',#4846,#4847);
#4846 = CARTESIAN_POINT('',(31.5,212.5,1.));
#4847 = VECTOR('',#4848,1.);
#4848 = DIRECTION('',(-0.,-0.,-1.));
#4849 = PLANE('',#4850);
#4850 = AXIS2_PLACEMENT_3D('',#4851,#4852,#4853);
#4851 = CARTESIAN_POINT('',(30.,212.5,1.));
#4852 = DIRECTION('',(0.,-1.,0.));
#4853 = DIRECTION('',(1.,0.,0.));
#4854 = ADVANCED_FACE('',(#4855),#4873,.T.);
#4855 = FACE_BOUND('',#4856,.T.);
#4856 = EDGE_LOOP('',(#4857,#4858,#4866,#4872));
#4857 = ORIENTED_EDGE('',*,*,#1077,.F.);
#4858 = ORIENTED_EDGE('',*,*,#4859,.T.);
#4859 = EDGE_CURVE('',#1070,#4860,#4862,.T.);
#4860 = VERTEX_POINT('',#4861);
#4861 = CARTESIAN_POINT('',(30.,211.5,0.));
#4862 = LINE('',#4863,#4864);
#4863 = CARTESIAN_POINT('',(30.,211.5,1.));
#4864 = VECTOR('',#4865,1.);
#4865 = DIRECTION('',(-0.,-0.,-1.));
#4866 = ORIENTED_EDGE('',*,*,#4867,.F.);
#4867 = EDGE_CURVE('',#4829,#4860,#4868,.T.);
#4868 = LINE('',#4869,#4870);
#4869 = CARTESIAN_POINT('',(30.,160.75,0.));
#4870 = VECTOR('',#4871,1.);
#4871 = DIRECTION('',(0.,-1.,0.));
#4872 = ORIENTED_EDGE('',*,*,#4828,.F.);
#4873 = PLANE('',#4874);
#4874 = AXIS2_PLACEMENT_3D('',#4875,#4876,#4877);
#4875 = CARTESIAN_POINT('',(30.,211.5,1.));
#4876 = DIRECTION('',(1.,0.,0.));
#4877 = DIRECTION('',(0.,1.,0.));
#4878 = ADVANCED_FACE('',(#4879),#4897,.T.);
#4879 = FACE_BOUND('',#4880,.T.);
#4880 = EDGE_LOOP('',(#4881,#4882,#4890,#4896));
#4881 = ORIENTED_EDGE('',*,*,#1069,.F.);
#4882 = ORIENTED_EDGE('',*,*,#4883,.T.);
#4883 = EDGE_CURVE('',#1062,#4884,#4886,.T.);
#4884 = VERTEX_POINT('',#4885);
#4885 = CARTESIAN_POINT('',(30.5,211.5,0.));
#4886 = LINE('',#4887,#4888);
#4887 = CARTESIAN_POINT('',(30.5,211.5,1.));
#4888 = VECTOR('',#4889,1.);
#4889 = DIRECTION('',(-0.,-0.,-1.));
#4890 = ORIENTED_EDGE('',*,*,#4891,.F.);
#4891 = EDGE_CURVE('',#4860,#4884,#4892,.T.);
#4892 = LINE('',#4893,#4894);
#4893 = CARTESIAN_POINT('',(35.25,211.5,0.));
#4894 = VECTOR('',#4895,1.);
#4895 = DIRECTION('',(1.,0.,0.));
#4896 = ORIENTED_EDGE('',*,*,#4859,.F.);
#4897 = PLANE('',#4898);
#4898 = AXIS2_PLACEMENT_3D('',#4899,#4900,#4901);
#4899 = CARTESIAN_POINT('',(30.5,211.5,1.));
#4900 = DIRECTION('',(0.,1.,0.));
#4901 = DIRECTION('',(-1.,0.,0.));
#4902 = ADVANCED_FACE('',(#4903),#4921,.T.);
#4903 = FACE_BOUND('',#4904,.T.);
#4904 = EDGE_LOOP('',(#4905,#4906,#4914,#4920));
#4905 = ORIENTED_EDGE('',*,*,#1061,.F.);
#4906 = ORIENTED_EDGE('',*,*,#4907,.T.);
#4907 = EDGE_CURVE('',#1054,#4908,#4910,.T.);
#4908 = VERTEX_POINT('',#4909);
#4909 = CARTESIAN_POINT('',(30.5,210.,0.));
#4910 = LINE('',#4911,#4912);
#4911 = CARTESIAN_POINT('',(30.5,210.,1.));
#4912 = VECTOR('',#4913,1.);
#4913 = DIRECTION('',(-0.,-0.,-1.));
#4914 = ORIENTED_EDGE('',*,*,#4915,.F.);
#4915 = EDGE_CURVE('',#4884,#4908,#4916,.T.);
#4916 = LINE('',#4917,#4918);
#4917 = CARTESIAN_POINT('',(30.5,160.,0.));
#4918 = VECTOR('',#4919,1.);
#4919 = DIRECTION('',(0.,-1.,0.));
#4920 = ORIENTED_EDGE('',*,*,#4883,.F.);
#4921 = PLANE('',#4922);
#4922 = AXIS2_PLACEMENT_3D('',#4923,#4924,#4925);
#4923 = CARTESIAN_POINT('',(30.5,210.,1.));
#4924 = DIRECTION('',(1.,0.,0.));
#4925 = DIRECTION('',(0.,1.,0.));
#4926 = ADVANCED_FACE('',(#4927),#4945,.T.);
#4927 = FACE_BOUND('',#4928,.T.);
#4928 = EDGE_LOOP('',(#4929,#4930,#4938,#4944));
#4929 = ORIENTED_EDGE('',*,*,#1053,.F.);
#4930 = ORIENTED_EDGE('',*,*,#4931,.T.);
#4931 = EDGE_CURVE('',#1046,#4932,#4934,.T.);
#4932 = VERTEX_POINT('',#4933);
#4933 = CARTESIAN_POINT('',(29.,210.,0.));
#4934 = LINE('',#4935,#4936);
#4935 = CARTESIAN_POINT('',(29.,210.,1.));
#4936 = VECTOR('',#4937,1.);
#4937 = DIRECTION('',(-0.,-0.,-1.));
#4938 = ORIENTED_EDGE('',*,*,#4939,.F.);
#4939 = EDGE_CURVE('',#4908,#4932,#4940,.T.);
#4940 = LINE('',#4941,#4942);
#4941 = CARTESIAN_POINT('',(34.5,210.,0.));
#4942 = VECTOR('',#4943,1.);
#4943 = DIRECTION('',(-1.,0.,0.));
#4944 = ORIENTED_EDGE('',*,*,#4907,.F.);
#4945 = PLANE('',#4946);
#4946 = AXIS2_PLACEMENT_3D('',#4947,#4948,#4949);
#4947 = CARTESIAN_POINT('',(29.,210.,1.));
#4948 = DIRECTION('',(0.,-1.,0.));
#4949 = DIRECTION('',(1.,0.,0.));
#4950 = ADVANCED_FACE('',(#4951),#4969,.T.);
#4951 = FACE_BOUND('',#4952,.T.);
#4952 = EDGE_LOOP('',(#4953,#4954,#4962,#4968));
#4953 = ORIENTED_EDGE('',*,*,#1045,.F.);
#4954 = ORIENTED_EDGE('',*,*,#4955,.T.);
#4955 = EDGE_CURVE('',#1038,#4956,#4958,.T.);
#4956 = VERTEX_POINT('',#4957);
#4957 = CARTESIAN_POINT('',(29.,211.5,0.));
#4958 = LINE('',#4959,#4960);
#4959 = CARTESIAN_POINT('',(29.,211.5,1.));
#4960 = VECTOR('',#4961,1.);
#4961 = DIRECTION('',(-0.,-0.,-1.));
#4962 = ORIENTED_EDGE('',*,*,#4963,.F.);
#4963 = EDGE_CURVE('',#4932,#4956,#4964,.T.);
#4964 = LINE('',#4965,#4966);
#4965 = CARTESIAN_POINT('',(29.,160.75,0.));
#4966 = VECTOR('',#4967,1.);
#4967 = DIRECTION('',(0.,1.,0.));
#4968 = ORIENTED_EDGE('',*,*,#4931,.F.);
#4969 = PLANE('',#4970);
#4970 = AXIS2_PLACEMENT_3D('',#4971,#4972,#4973);
#4971 = CARTESIAN_POINT('',(29.,211.5,1.));
#4972 = DIRECTION('',(-1.,0.,0.));
#4973 = DIRECTION('',(0.,-1.,0.));
#4974 = ADVANCED_FACE('',(#4975),#4993,.T.);
#4975 = FACE_BOUND('',#4976,.T.);
#4976 = EDGE_LOOP('',(#4977,#4978,#4986,#4992));
#4977 = ORIENTED_EDGE('',*,*,#1037,.F.);
#4978 = ORIENTED_EDGE('',*,*,#4979,.T.);
#4979 = EDGE_CURVE('',#1030,#4980,#4982,.T.);
#4980 = VERTEX_POINT('',#4981);
#4981 = CARTESIAN_POINT('',(29.5,211.5,0.));
#4982 = LINE('',#4983,#4984);
#4983 = CARTESIAN_POINT('',(29.5,211.5,1.));
#4984 = VECTOR('',#4985,1.);
#4985 = DIRECTION('',(-0.,-0.,-1.));
#4986 = ORIENTED_EDGE('',*,*,#4987,.F.);
#4987 = EDGE_CURVE('',#4956,#4980,#4988,.T.);
#4988 = LINE('',#4989,#4990);
#4989 = CARTESIAN_POINT('',(34.75,211.5,0.));
#4990 = VECTOR('',#4991,1.);
#4991 = DIRECTION('',(1.,0.,0.));
#4992 = ORIENTED_EDGE('',*,*,#4955,.F.);
#4993 = PLANE('',#4994);
#4994 = AXIS2_PLACEMENT_3D('',#4995,#4996,#4997);
#4995 = CARTESIAN_POINT('',(29.5,211.5,1.));
#4996 = DIRECTION('',(0.,1.,0.));
#4997 = DIRECTION('',(-1.,0.,0.));
#4998 = ADVANCED_FACE('',(#4999),#5017,.T.);
#4999 = FACE_BOUND('',#5000,.T.);
#5000 = EDGE_LOOP('',(#5001,#5002,#5010,#5016));
#5001 = ORIENTED_EDGE('',*,*,#1029,.F.);
#5002 = ORIENTED_EDGE('',*,*,#5003,.T.);
#5003 = EDGE_CURVE('',#1022,#5004,#5006,.T.);
#5004 = VERTEX_POINT('',#5005);
#5005 = CARTESIAN_POINT('',(29.5,212.5,0.));
#5006 = LINE('',#5007,#5008);
#5007 = CARTESIAN_POINT('',(29.5,212.5,1.));
#5008 = VECTOR('',#5009,1.);
#5009 = DIRECTION('',(-0.,-0.,-1.));
#5010 = ORIENTED_EDGE('',*,*,#5011,.F.);
#5011 = EDGE_CURVE('',#4980,#5004,#5012,.T.);
#5012 = LINE('',#5013,#5014);
#5013 = CARTESIAN_POINT('',(29.5,161.25,0.));
#5014 = VECTOR('',#5015,1.);
#5015 = DIRECTION('',(0.,1.,0.));
#5016 = ORIENTED_EDGE('',*,*,#4979,.F.);
#5017 = PLANE('',#5018);
#5018 = AXIS2_PLACEMENT_3D('',#5019,#5020,#5021);
#5019 = CARTESIAN_POINT('',(29.5,212.5,1.));
#5020 = DIRECTION('',(-1.,0.,0.));
#5021 = DIRECTION('',(0.,-1.,0.));
#5022 = ADVANCED_FACE('',(#5023),#5041,.T.);
#5023 = FACE_BOUND('',#5024,.T.);
#5024 = EDGE_LOOP('',(#5025,#5026,#5034,#5040));
#5025 = ORIENTED_EDGE('',*,*,#1021,.F.);
#5026 = ORIENTED_EDGE('',*,*,#5027,.T.);
#5027 = EDGE_CURVE('',#1014,#5028,#5030,.T.);
#5028 = VERTEX_POINT('',#5029);
#5029 = CARTESIAN_POINT('',(29.,212.5,0.));
#5030 = LINE('',#5031,#5032);
#5031 = CARTESIAN_POINT('',(29.,212.5,1.));
#5032 = VECTOR('',#5033,1.);
#5033 = DIRECTION('',(-0.,-0.,-1.));
#5034 = ORIENTED_EDGE('',*,*,#5035,.F.);
#5035 = EDGE_CURVE('',#5004,#5028,#5036,.T.);
#5036 = LINE('',#5037,#5038);
#5037 = CARTESIAN_POINT('',(34.5,212.5,0.));
#5038 = VECTOR('',#5039,1.);
#5039 = DIRECTION('',(-1.,0.,0.));
#5040 = ORIENTED_EDGE('',*,*,#5003,.F.);
#5041 = PLANE('',#5042);
#5042 = AXIS2_PLACEMENT_3D('',#5043,#5044,#5045);
#5043 = CARTESIAN_POINT('',(29.,212.5,1.));
#5044 = DIRECTION('',(0.,-1.,0.));
#5045 = DIRECTION('',(1.,0.,0.));
#5046 = ADVANCED_FACE('',(#5047),#5065,.T.);
#5047 = FACE_BOUND('',#5048,.T.);
#5048 = EDGE_LOOP('',(#5049,#5050,#5058,#5064));
#5049 = ORIENTED_EDGE('',*,*,#1013,.F.);
#5050 = ORIENTED_EDGE('',*,*,#5051,.T.);
#5051 = EDGE_CURVE('',#1006,#5052,#5054,.T.);
#5052 = VERTEX_POINT('',#5053);
#5053 = CARTESIAN_POINT('',(29.,213.5,0.));
#5054 = LINE('',#5055,#5056);
#5055 = CARTESIAN_POINT('',(29.,213.5,1.));
#5056 = VECTOR('',#5057,1.);
#5057 = DIRECTION('',(-0.,-0.,-1.));
#5058 = ORIENTED_EDGE('',*,*,#5059,.F.);
#5059 = EDGE_CURVE('',#5028,#5052,#5060,.T.);
#5060 = LINE('',#5061,#5062);
#5061 = CARTESIAN_POINT('',(29.,161.75,0.));
#5062 = VECTOR('',#5063,1.);
#5063 = DIRECTION('',(0.,1.,0.));
#5064 = ORIENTED_EDGE('',*,*,#5027,.F.);
#5065 = PLANE('',#5066);
#5066 = AXIS2_PLACEMENT_3D('',#5067,#5068,#5069);
#5067 = CARTESIAN_POINT('',(29.,213.5,1.));
#5068 = DIRECTION('',(-1.,0.,0.));
#5069 = DIRECTION('',(0.,-1.,0.));
#5070 = ADVANCED_FACE('',(#5071),#5089,.T.);
#5071 = FACE_BOUND('',#5072,.T.);
#5072 = EDGE_LOOP('',(#5073,#5074,#5082,#5088));
#5073 = ORIENTED_EDGE('',*,*,#1005,.F.);
#5074 = ORIENTED_EDGE('',*,*,#5075,.T.);
#5075 = EDGE_CURVE('',#998,#5076,#5078,.T.);
#5076 = VERTEX_POINT('',#5077);
#5077 = CARTESIAN_POINT('',(31.5,213.5,0.));
#5078 = LINE('',#5079,#5080);
#5079 = CARTESIAN_POINT('',(31.5,213.5,1.));
#5080 = VECTOR('',#5081,1.);
#5081 = DIRECTION('',(-0.,-0.,-1.));
#5082 = ORIENTED_EDGE('',*,*,#5083,.F.);
#5083 = EDGE_CURVE('',#5052,#5076,#5084,.T.);
#5084 = LINE('',#5085,#5086);
#5085 = CARTESIAN_POINT('',(35.75,213.5,0.));
#5086 = VECTOR('',#5087,1.);
#5087 = DIRECTION('',(1.,0.,0.));
#5088 = ORIENTED_EDGE('',*,*,#5051,.F.);
#5089 = PLANE('',#5090);
#5090 = AXIS2_PLACEMENT_3D('',#5091,#5092,#5093);
#5091 = CARTESIAN_POINT('',(31.5,213.5,1.));
#5092 = DIRECTION('',(0.,1.,0.));
#5093 = DIRECTION('',(-1.,0.,0.));
#5094 = ADVANCED_FACE('',(#5095),#5113,.T.);
#5095 = FACE_BOUND('',#5096,.T.);
#5096 = EDGE_LOOP('',(#5097,#5098,#5106,#5112));
#5097 = ORIENTED_EDGE('',*,*,#997,.F.);
#5098 = ORIENTED_EDGE('',*,*,#5099,.T.);
#5099 = EDGE_CURVE('',#990,#5100,#5102,.T.);
#5100 = VERTEX_POINT('',#5101);
#5101 = CARTESIAN_POINT('',(31.5,214.5,0.));
#5102 = LINE('',#5103,#5104);
#5103 = CARTESIAN_POINT('',(31.5,214.5,1.));
#5104 = VECTOR('',#5105,1.);
#5105 = DIRECTION('',(-0.,-0.,-1.));
#5106 = ORIENTED_EDGE('',*,*,#5107,.F.);
#5107 = EDGE_CURVE('',#5076,#5100,#5108,.T.);
#5108 = LINE('',#5109,#5110);
#5109 = CARTESIAN_POINT('',(31.5,162.25,0.));
#5110 = VECTOR('',#5111,1.);
#5111 = DIRECTION('',(0.,1.,0.));
#5112 = ORIENTED_EDGE('',*,*,#5075,.F.);
#5113 = PLANE('',#5114);
#5114 = AXIS2_PLACEMENT_3D('',#5115,#5116,#5117);
#5115 = CARTESIAN_POINT('',(31.5,214.5,1.));
#5116 = DIRECTION('',(-1.,0.,0.));
#5117 = DIRECTION('',(0.,-1.,0.));
#5118 = ADVANCED_FACE('',(#5119),#5137,.T.);
#5119 = FACE_BOUND('',#5120,.T.);
#5120 = EDGE_LOOP('',(#5121,#5122,#5130,#5136));
#5121 = ORIENTED_EDGE('',*,*,#989,.F.);
#5122 = ORIENTED_EDGE('',*,*,#5123,.T.);
#5123 = EDGE_CURVE('',#982,#5124,#5126,.T.);
#5124 = VERTEX_POINT('',#5125);
#5125 = CARTESIAN_POINT('',(28.,214.5,0.));
#5126 = LINE('',#5127,#5128);
#5127 = CARTESIAN_POINT('',(28.,214.5,1.));
#5128 = VECTOR('',#5129,1.);
#5129 = DIRECTION('',(-0.,-0.,-1.));
#5130 = ORIENTED_EDGE('',*,*,#5131,.F.);
#5131 = EDGE_CURVE('',#5100,#5124,#5132,.T.);
#5132 = LINE('',#5133,#5134);
#5133 = CARTESIAN_POINT('',(34.,214.5,0.));
#5134 = VECTOR('',#5135,1.);
#5135 = DIRECTION('',(-1.,0.,0.));
#5136 = ORIENTED_EDGE('',*,*,#5099,.F.);
#5137 = PLANE('',#5138);
#5138 = AXIS2_PLACEMENT_3D('',#5139,#5140,#5141);
#5139 = CARTESIAN_POINT('',(28.,214.5,1.));
#5140 = DIRECTION('',(0.,-1.,0.));
#5141 = DIRECTION('',(1.,0.,0.));
#5142 = ADVANCED_FACE('',(#5143),#5161,.T.);
#5143 = FACE_BOUND('',#5144,.T.);
#5144 = EDGE_LOOP('',(#5145,#5146,#5154,#5160));
#5145 = ORIENTED_EDGE('',*,*,#981,.F.);
#5146 = ORIENTED_EDGE('',*,*,#5147,.T.);
#5147 = EDGE_CURVE('',#974,#5148,#5150,.T.);
#5148 = VERTEX_POINT('',#5149);
#5149 = CARTESIAN_POINT('',(28.,209.,0.));
#5150 = LINE('',#5151,#5152);
#5151 = CARTESIAN_POINT('',(28.,209.,1.));
#5152 = VECTOR('',#5153,1.);
#5153 = DIRECTION('',(-0.,-0.,-1.));
#5154 = ORIENTED_EDGE('',*,*,#5155,.F.);
#5155 = EDGE_CURVE('',#5124,#5148,#5156,.T.);
#5156 = LINE('',#5157,#5158);
#5157 = CARTESIAN_POINT('',(28.,159.5,0.));
#5158 = VECTOR('',#5159,1.);
#5159 = DIRECTION('',(0.,-1.,0.));
#5160 = ORIENTED_EDGE('',*,*,#5123,.F.);
#5161 = PLANE('',#5162);
#5162 = AXIS2_PLACEMENT_3D('',#5163,#5164,#5165);
#5163 = CARTESIAN_POINT('',(28.,209.,1.));
#5164 = DIRECTION('',(1.,0.,0.));
#5165 = DIRECTION('',(0.,1.,0.));
#5166 = ADVANCED_FACE('',(#5167),#5185,.T.);
#5167 = FACE_BOUND('',#5168,.T.);
#5168 = EDGE_LOOP('',(#5169,#5170,#5178,#5184));
#5169 = ORIENTED_EDGE('',*,*,#973,.F.);
#5170 = ORIENTED_EDGE('',*,*,#5171,.T.);
#5171 = EDGE_CURVE('',#966,#5172,#5174,.T.);
#5172 = VERTEX_POINT('',#5173);
#5173 = CARTESIAN_POINT('',(31.5,209.,0.));
#5174 = LINE('',#5175,#5176);
#5175 = CARTESIAN_POINT('',(31.5,209.,1.));
#5176 = VECTOR('',#5177,1.);
#5177 = DIRECTION('',(-0.,-0.,-1.));
#5178 = ORIENTED_EDGE('',*,*,#5179,.F.);
#5179 = EDGE_CURVE('',#5148,#5172,#5180,.T.);
#5180 = LINE('',#5181,#5182);
#5181 = CARTESIAN_POINT('',(35.75,209.,0.));
#5182 = VECTOR('',#5183,1.);
#5183 = DIRECTION('',(1.,0.,0.));
#5184 = ORIENTED_EDGE('',*,*,#5147,.F.);
#5185 = PLANE('',#5186);
#5186 = AXIS2_PLACEMENT_3D('',#5187,#5188,#5189);
#5187 = CARTESIAN_POINT('',(31.5,209.,1.));
#5188 = DIRECTION('',(0.,1.,0.));
#5189 = DIRECTION('',(-1.,0.,0.));
#5190 = ADVANCED_FACE('',(#5191),#5202,.T.);
#5191 = FACE_BOUND('',#5192,.T.);
#5192 = EDGE_LOOP('',(#5193,#5194,#5195,#5201));
#5193 = ORIENTED_EDGE('',*,*,#965,.F.);
#5194 = ORIENTED_EDGE('',*,*,#4844,.T.);
#5195 = ORIENTED_EDGE('',*,*,#5196,.F.);
#5196 = EDGE_CURVE('',#5172,#4837,#5197,.T.);
#5197 = LINE('',#5198,#5199);
#5198 = CARTESIAN_POINT('',(31.5,161.25,0.));
#5199 = VECTOR('',#5200,1.);
#5200 = DIRECTION('',(0.,1.,0.));
#5201 = ORIENTED_EDGE('',*,*,#5171,.F.);
#5202 = PLANE('',#5203);
#5203 = AXIS2_PLACEMENT_3D('',#5204,#5205,#5206);
#5204 = CARTESIAN_POINT('',(31.5,212.5,1.));
#5205 = DIRECTION('',(-1.,0.,0.));
#5206 = DIRECTION('',(0.,-1.,0.));
#5207 = ADVANCED_FACE('',(#5208),#5233,.F.);
#5208 = FACE_BOUND('',#5209,.F.);
#5209 = EDGE_LOOP('',(#5210,#5211,#5219,#5227));
#5210 = ORIENTED_EDGE('',*,*,#1085,.F.);
#5211 = ORIENTED_EDGE('',*,*,#5212,.T.);
#5212 = EDGE_CURVE('',#1086,#5213,#5215,.T.);
#5213 = VERTEX_POINT('',#5214);
#5214 = CARTESIAN_POINT('',(48.5,159.5,0.));
#5215 = LINE('',#5216,#5217);
#5216 = CARTESIAN_POINT('',(48.5,159.5,1.));
#5217 = VECTOR('',#5218,1.);
#5218 = DIRECTION('',(-0.,-0.,-1.));
#5219 = ORIENTED_EDGE('',*,*,#5220,.F.);
#5220 = EDGE_CURVE('',#5221,#5213,#5223,.T.);
#5221 = VERTEX_POINT('',#5222);
#5222 = CARTESIAN_POINT('',(50.,159.5,0.));
#5223 = LINE('',#5224,#5225);
#5224 = CARTESIAN_POINT('',(44.25,159.5,0.));
#5225 = VECTOR('',#5226,1.);
#5226 = DIRECTION('',(-1.,0.,0.));
#5227 = ORIENTED_EDGE('',*,*,#5228,.F.);
#5228 = EDGE_CURVE('',#1088,#5221,#5229,.T.);
#5229 = LINE('',#5230,#5231);
#5230 = CARTESIAN_POINT('',(50.,159.5,1.));
#5231 = VECTOR('',#5232,1.);
#5232 = DIRECTION('',(-0.,-0.,-1.));
#5233 = PLANE('',#5234);
#5234 = AXIS2_PLACEMENT_3D('',#5235,#5236,#5237);
#5235 = CARTESIAN_POINT('',(48.5,159.5,1.));
#5236 = DIRECTION('',(0.,-1.,0.));
#5237 = DIRECTION('',(1.,0.,0.));
#5238 = ADVANCED_FACE('',(#5239),#5257,.F.);
#5239 = FACE_BOUND('',#5240,.F.);
#5240 = EDGE_LOOP('',(#5241,#5242,#5243,#5251));
#5241 = ORIENTED_EDGE('',*,*,#1239,.F.);
#5242 = ORIENTED_EDGE('',*,*,#5228,.T.);
#5243 = ORIENTED_EDGE('',*,*,#5244,.F.);
#5244 = EDGE_CURVE('',#5245,#5221,#5247,.T.);
#5245 = VERTEX_POINT('',#5246);
#5246 = CARTESIAN_POINT('',(50.,160.5,0.));
#5247 = LINE('',#5248,#5249);
#5248 = CARTESIAN_POINT('',(50.,134.75,0.));
#5249 = VECTOR('',#5250,1.);
#5250 = DIRECTION('',(0.,-1.,0.));
#5251 = ORIENTED_EDGE('',*,*,#5252,.F.);
#5252 = EDGE_CURVE('',#1232,#5245,#5253,.T.);
#5253 = LINE('',#5254,#5255);
#5254 = CARTESIAN_POINT('',(50.,160.5,1.));
#5255 = VECTOR('',#5256,1.);
#5256 = DIRECTION('',(-0.,-0.,-1.));
#5257 = PLANE('',#5258);
#5258 = AXIS2_PLACEMENT_3D('',#5259,#5260,#5261);
#5259 = CARTESIAN_POINT('',(50.,159.5,1.));
#5260 = DIRECTION('',(1.,0.,0.));
#5261 = DIRECTION('',(0.,1.,0.));
#5262 = ADVANCED_FACE('',(#5263),#5281,.F.);
#5263 = FACE_BOUND('',#5264,.F.);
#5264 = EDGE_LOOP('',(#5265,#5266,#5267,#5275));
#5265 = ORIENTED_EDGE('',*,*,#1231,.F.);
#5266 = ORIENTED_EDGE('',*,*,#5252,.T.);
#5267 = ORIENTED_EDGE('',*,*,#5268,.F.);
#5268 = EDGE_CURVE('',#5269,#5245,#5271,.T.);
#5269 = VERTEX_POINT('',#5270);
#5270 = CARTESIAN_POINT('',(49.5,160.5,0.));
#5271 = LINE('',#5272,#5273);
#5272 = CARTESIAN_POINT('',(45.,160.5,0.));
#5273 = VECTOR('',#5274,1.);
#5274 = DIRECTION('',(1.,0.,0.));
#5275 = ORIENTED_EDGE('',*,*,#5276,.F.);
#5276 = EDGE_CURVE('',#1224,#5269,#5277,.T.);
#5277 = LINE('',#5278,#5279);
#5278 = CARTESIAN_POINT('',(49.5,160.5,1.));
#5279 = VECTOR('',#5280,1.);
#5280 = DIRECTION('',(-0.,-0.,-1.));
#5281 = PLANE('',#5282);
#5282 = AXIS2_PLACEMENT_3D('',#5283,#5284,#5285);
#5283 = CARTESIAN_POINT('',(50.,160.5,1.));
#5284 = DIRECTION('',(0.,1.,0.));
#5285 = DIRECTION('',(-1.,0.,0.));
#5286 = ADVANCED_FACE('',(#5287),#5305,.F.);
#5287 = FACE_BOUND('',#5288,.F.);
#5288 = EDGE_LOOP('',(#5289,#5290,#5291,#5299));
#5289 = ORIENTED_EDGE('',*,*,#1223,.F.);
#5290 = ORIENTED_EDGE('',*,*,#5276,.T.);
#5291 = ORIENTED_EDGE('',*,*,#5292,.F.);
#5292 = EDGE_CURVE('',#5293,#5269,#5295,.T.);
#5293 = VERTEX_POINT('',#5294);
#5294 = CARTESIAN_POINT('',(49.5,161.75,0.));
#5295 = LINE('',#5296,#5297);
#5296 = CARTESIAN_POINT('',(49.5,135.25,0.));
#5297 = VECTOR('',#5298,1.);
#5298 = DIRECTION('',(0.,-1.,0.));
#5299 = ORIENTED_EDGE('',*,*,#5300,.F.);
#5300 = EDGE_CURVE('',#1216,#5293,#5301,.T.);
#5301 = LINE('',#5302,#5303);
#5302 = CARTESIAN_POINT('',(49.5,161.75,1.));
#5303 = VECTOR('',#5304,1.);
#5304 = DIRECTION('',(-0.,-0.,-1.));
#5305 = PLANE('',#5306);
#5306 = AXIS2_PLACEMENT_3D('',#5307,#5308,#5309);
#5307 = CARTESIAN_POINT('',(49.5,160.5,1.));
#5308 = DIRECTION('',(1.,0.,0.));
#5309 = DIRECTION('',(0.,1.,0.));
#5310 = ADVANCED_FACE('',(#5311),#5329,.F.);
#5311 = FACE_BOUND('',#5312,.F.);
#5312 = EDGE_LOOP('',(#5313,#5314,#5315,#5323));
#5313 = ORIENTED_EDGE('',*,*,#1215,.F.);
#5314 = ORIENTED_EDGE('',*,*,#5300,.T.);
#5315 = ORIENTED_EDGE('',*,*,#5316,.F.);
#5316 = EDGE_CURVE('',#5317,#5293,#5319,.T.);
#5317 = VERTEX_POINT('',#5318);
#5318 = CARTESIAN_POINT('',(51.,161.75,0.));
#5319 = LINE('',#5320,#5321);
#5320 = CARTESIAN_POINT('',(44.75,161.75,0.));
#5321 = VECTOR('',#5322,1.);
#5322 = DIRECTION('',(-1.,0.,0.));
#5323 = ORIENTED_EDGE('',*,*,#5324,.F.);
#5324 = EDGE_CURVE('',#1208,#5317,#5325,.T.);
#5325 = LINE('',#5326,#5327);
#5326 = CARTESIAN_POINT('',(51.,161.75,1.));
#5327 = VECTOR('',#5328,1.);
#5328 = DIRECTION('',(-0.,-0.,-1.));
#5329 = PLANE('',#5330);
#5330 = AXIS2_PLACEMENT_3D('',#5331,#5332,#5333);
#5331 = CARTESIAN_POINT('',(49.5,161.75,1.));
#5332 = DIRECTION('',(0.,-1.,0.));
#5333 = DIRECTION('',(1.,0.,0.));
#5334 = ADVANCED_FACE('',(#5335),#5353,.F.);
#5335 = FACE_BOUND('',#5336,.F.);
#5336 = EDGE_LOOP('',(#5337,#5338,#5339,#5347));
#5337 = ORIENTED_EDGE('',*,*,#1207,.F.);
#5338 = ORIENTED_EDGE('',*,*,#5324,.T.);
#5339 = ORIENTED_EDGE('',*,*,#5340,.F.);
#5340 = EDGE_CURVE('',#5341,#5317,#5343,.T.);
#5341 = VERTEX_POINT('',#5342);
#5342 = CARTESIAN_POINT('',(51.,160.5,0.));
#5343 = LINE('',#5344,#5345);
#5344 = CARTESIAN_POINT('',(51.,135.875,0.));
#5345 = VECTOR('',#5346,1.);
#5346 = DIRECTION('',(0.,1.,0.));
#5347 = ORIENTED_EDGE('',*,*,#5348,.F.);
#5348 = EDGE_CURVE('',#1200,#5341,#5349,.T.);
#5349 = LINE('',#5350,#5351);
#5350 = CARTESIAN_POINT('',(51.,160.5,1.));
#5351 = VECTOR('',#5352,1.);
#5352 = DIRECTION('',(-0.,-0.,-1.));
#5353 = PLANE('',#5354);
#5354 = AXIS2_PLACEMENT_3D('',#5355,#5356,#5357);
#5355 = CARTESIAN_POINT('',(51.,161.75,1.));
#5356 = DIRECTION('',(-1.,0.,0.));
#5357 = DIRECTION('',(0.,-1.,0.));
#5358 = ADVANCED_FACE('',(#5359),#5377,.F.);
#5359 = FACE_BOUND('',#5360,.F.);
#5360 = EDGE_LOOP('',(#5361,#5362,#5363,#5371));
#5361 = ORIENTED_EDGE('',*,*,#1199,.F.);
#5362 = ORIENTED_EDGE('',*,*,#5348,.T.);
#5363 = ORIENTED_EDGE('',*,*,#5364,.F.);
#5364 = EDGE_CURVE('',#5365,#5341,#5367,.T.);
#5365 = VERTEX_POINT('',#5366);
#5366 = CARTESIAN_POINT('',(50.5,160.5,0.));
#5367 = LINE('',#5368,#5369);
#5368 = CARTESIAN_POINT('',(45.5,160.5,0.));
#5369 = VECTOR('',#5370,1.);
#5370 = DIRECTION('',(1.,0.,0.));
#5371 = ORIENTED_EDGE('',*,*,#5372,.F.);
#5372 = EDGE_CURVE('',#1192,#5365,#5373,.T.);
#5373 = LINE('',#5374,#5375);
#5374 = CARTESIAN_POINT('',(50.5,160.5,1.));
#5375 = VECTOR('',#5376,1.);
#5376 = DIRECTION('',(-0.,-0.,-1.));
#5377 = PLANE('',#5378);
#5378 = AXIS2_PLACEMENT_3D('',#5379,#5380,#5381);
#5379 = CARTESIAN_POINT('',(51.,160.5,1.));
#5380 = DIRECTION('',(0.,1.,0.));
#5381 = DIRECTION('',(-1.,0.,0.));
#5382 = ADVANCED_FACE('',(#5383),#5401,.F.);
#5383 = FACE_BOUND('',#5384,.F.);
#5384 = EDGE_LOOP('',(#5385,#5386,#5387,#5395));
#5385 = ORIENTED_EDGE('',*,*,#1191,.F.);
#5386 = ORIENTED_EDGE('',*,*,#5372,.T.);
#5387 = ORIENTED_EDGE('',*,*,#5388,.F.);
#5388 = EDGE_CURVE('',#5389,#5365,#5391,.T.);
#5389 = VERTEX_POINT('',#5390);
#5390 = CARTESIAN_POINT('',(50.5,159.5,0.));
#5391 = LINE('',#5392,#5393);
#5392 = CARTESIAN_POINT('',(50.5,135.25,0.));
#5393 = VECTOR('',#5394,1.);
#5394 = DIRECTION('',(0.,1.,0.));
#5395 = ORIENTED_EDGE('',*,*,#5396,.F.);
#5396 = EDGE_CURVE('',#1184,#5389,#5397,.T.);
#5397 = LINE('',#5398,#5399);
#5398 = CARTESIAN_POINT('',(50.5,159.5,1.));
#5399 = VECTOR('',#5400,1.);
#5400 = DIRECTION('',(-0.,-0.,-1.));
#5401 = PLANE('',#5402);
#5402 = AXIS2_PLACEMENT_3D('',#5403,#5404,#5405);
#5403 = CARTESIAN_POINT('',(50.5,160.5,1.));
#5404 = DIRECTION('',(-1.,0.,0.));
#5405 = DIRECTION('',(0.,-1.,0.));
#5406 = ADVANCED_FACE('',(#5407),#5425,.F.);
#5407 = FACE_BOUND('',#5408,.F.);
#5408 = EDGE_LOOP('',(#5409,#5410,#5411,#5419));
#5409 = ORIENTED_EDGE('',*,*,#1183,.F.);
#5410 = ORIENTED_EDGE('',*,*,#5396,.T.);
#5411 = ORIENTED_EDGE('',*,*,#5412,.F.);
#5412 = EDGE_CURVE('',#5413,#5389,#5415,.T.);
#5413 = VERTEX_POINT('',#5414);
#5414 = CARTESIAN_POINT('',(52.,159.5,0.));
#5415 = LINE('',#5416,#5417);
#5416 = CARTESIAN_POINT('',(45.25,159.5,0.));
#5417 = VECTOR('',#5418,1.);
#5418 = DIRECTION('',(-1.,0.,0.));
#5419 = ORIENTED_EDGE('',*,*,#5420,.F.);
#5420 = EDGE_CURVE('',#1176,#5413,#5421,.T.);
#5421 = LINE('',#5422,#5423);
#5422 = CARTESIAN_POINT('',(52.,159.5,1.));
#5423 = VECTOR('',#5424,1.);
#5424 = DIRECTION('',(-0.,-0.,-1.));
#5425 = PLANE('',#5426);
#5426 = AXIS2_PLACEMENT_3D('',#5427,#5428,#5429);
#5427 = CARTESIAN_POINT('',(50.5,159.5,1.));
#5428 = DIRECTION('',(0.,-1.,0.));
#5429 = DIRECTION('',(1.,0.,0.));
#5430 = ADVANCED_FACE('',(#5431),#5449,.F.);
#5431 = FACE_BOUND('',#5432,.F.);
#5432 = EDGE_LOOP('',(#5433,#5434,#5435,#5443));
#5433 = ORIENTED_EDGE('',*,*,#1175,.F.);
#5434 = ORIENTED_EDGE('',*,*,#5420,.T.);
#5435 = ORIENTED_EDGE('',*,*,#5436,.F.);
#5436 = EDGE_CURVE('',#5437,#5413,#5439,.T.);
#5437 = VERTEX_POINT('',#5438);
#5438 = CARTESIAN_POINT('',(52.,165.,0.));
#5439 = LINE('',#5440,#5441);
#5440 = CARTESIAN_POINT('',(52.,134.75,0.));
#5441 = VECTOR('',#5442,1.);
#5442 = DIRECTION('',(0.,-1.,0.));
#5443 = ORIENTED_EDGE('',*,*,#5444,.F.);
#5444 = EDGE_CURVE('',#1168,#5437,#5445,.T.);
#5445 = LINE('',#5446,#5447);
#5446 = CARTESIAN_POINT('',(52.,165.,1.));
#5447 = VECTOR('',#5448,1.);
#5448 = DIRECTION('',(-0.,-0.,-1.));
#5449 = PLANE('',#5450);
#5450 = AXIS2_PLACEMENT_3D('',#5451,#5452,#5453);
#5451 = CARTESIAN_POINT('',(52.,159.5,1.));
#5452 = DIRECTION('',(1.,0.,0.));
#5453 = DIRECTION('',(0.,1.,0.));
#5454 = ADVANCED_FACE('',(#5455),#5473,.F.);
#5455 = FACE_BOUND('',#5456,.F.);
#5456 = EDGE_LOOP('',(#5457,#5458,#5459,#5467));
#5457 = ORIENTED_EDGE('',*,*,#1167,.F.);
#5458 = ORIENTED_EDGE('',*,*,#5444,.T.);
#5459 = ORIENTED_EDGE('',*,*,#5460,.F.);
#5460 = EDGE_CURVE('',#5461,#5437,#5463,.T.);
#5461 = VERTEX_POINT('',#5462);
#5462 = CARTESIAN_POINT('',(50.5,165.,0.));
#5463 = LINE('',#5464,#5465);
#5464 = CARTESIAN_POINT('',(46.,165.,0.));
#5465 = VECTOR('',#5466,1.);
#5466 = DIRECTION('',(1.,0.,0.));
#5467 = ORIENTED_EDGE('',*,*,#5468,.F.);
#5468 = EDGE_CURVE('',#1160,#5461,#5469,.T.);
#5469 = LINE('',#5470,#5471);
#5470 = CARTESIAN_POINT('',(50.5,165.,1.));
#5471 = VECTOR('',#5472,1.);
#5472 = DIRECTION('',(-0.,-0.,-1.));
#5473 = PLANE('',#5474);
#5474 = AXIS2_PLACEMENT_3D('',#5475,#5476,#5477);
#5475 = CARTESIAN_POINT('',(52.,165.,1.));
#5476 = DIRECTION('',(0.,1.,0.));
#5477 = DIRECTION('',(-1.,0.,0.));
#5478 = ADVANCED_FACE('',(#5479),#5497,.F.);
#5479 = FACE_BOUND('',#5480,.F.);
#5480 = EDGE_LOOP('',(#5481,#5482,#5483,#5491));
#5481 = ORIENTED_EDGE('',*,*,#1159,.F.);
#5482 = ORIENTED_EDGE('',*,*,#5468,.T.);
#5483 = ORIENTED_EDGE('',*,*,#5484,.F.);
#5484 = EDGE_CURVE('',#5485,#5461,#5487,.T.);
#5485 = VERTEX_POINT('',#5486);
#5486 = CARTESIAN_POINT('',(50.5,164.,0.));
#5487 = LINE('',#5488,#5489);
#5488 = CARTESIAN_POINT('',(50.5,137.5,0.));
#5489 = VECTOR('',#5490,1.);
#5490 = DIRECTION('',(0.,1.,0.));
#5491 = ORIENTED_EDGE('',*,*,#5492,.F.);
#5492 = EDGE_CURVE('',#1152,#5485,#5493,.T.);
#5493 = LINE('',#5494,#5495);
#5494 = CARTESIAN_POINT('',(50.5,164.,1.));
#5495 = VECTOR('',#5496,1.);
#5496 = DIRECTION('',(-0.,-0.,-1.));
#5497 = PLANE('',#5498);
#5498 = AXIS2_PLACEMENT_3D('',#5499,#5500,#5501);
#5499 = CARTESIAN_POINT('',(50.5,165.,1.));
#5500 = DIRECTION('',(-1.,0.,0.));
#5501 = DIRECTION('',(0.,-1.,0.));
#5502 = ADVANCED_FACE('',(#5503),#5521,.F.);
#5503 = FACE_BOUND('',#5504,.F.);
#5504 = EDGE_LOOP('',(#5505,#5506,#5507,#5515));
#5505 = ORIENTED_EDGE('',*,*,#1151,.F.);
#5506 = ORIENTED_EDGE('',*,*,#5492,.T.);
#5507 = ORIENTED_EDGE('',*,*,#5508,.F.);
#5508 = EDGE_CURVE('',#5509,#5485,#5511,.T.);
#5509 = VERTEX_POINT('',#5510);
#5510 = CARTESIAN_POINT('',(51.,164.,0.));
#5511 = LINE('',#5512,#5513);
#5512 = CARTESIAN_POINT('',(45.25,164.,0.));
#5513 = VECTOR('',#5514,1.);
#5514 = DIRECTION('',(-1.,0.,0.));
#5515 = ORIENTED_EDGE('',*,*,#5516,.F.);
#5516 = EDGE_CURVE('',#1144,#5509,#5517,.T.);
#5517 = LINE('',#5518,#5519);
#5518 = CARTESIAN_POINT('',(51.,164.,1.));
#5519 = VECTOR('',#5520,1.);
#5520 = DIRECTION('',(-0.,-0.,-1.));
#5521 = PLANE('',#5522);
#5522 = AXIS2_PLACEMENT_3D('',#5523,#5524,#5525);
#5523 = CARTESIAN_POINT('',(50.5,164.,1.));
#5524 = DIRECTION('',(0.,-1.,0.));
#5525 = DIRECTION('',(1.,0.,0.));
#5526 = ADVANCED_FACE('',(#5527),#5545,.F.);
#5527 = FACE_BOUND('',#5528,.F.);
#5528 = EDGE_LOOP('',(#5529,#5530,#5531,#5539));
#5529 = ORIENTED_EDGE('',*,*,#1143,.F.);
#5530 = ORIENTED_EDGE('',*,*,#5516,.T.);
#5531 = ORIENTED_EDGE('',*,*,#5532,.F.);
#5532 = EDGE_CURVE('',#5533,#5509,#5535,.T.);
#5533 = VERTEX_POINT('',#5534);
#5534 = CARTESIAN_POINT('',(51.,162.75,0.));
#5535 = LINE('',#5536,#5537);
#5536 = CARTESIAN_POINT('',(51.,137.,0.));
#5537 = VECTOR('',#5538,1.);
#5538 = DIRECTION('',(0.,1.,0.));
#5539 = ORIENTED_EDGE('',*,*,#5540,.F.);
#5540 = EDGE_CURVE('',#1136,#5533,#5541,.T.);
#5541 = LINE('',#5542,#5543);
#5542 = CARTESIAN_POINT('',(51.,162.75,1.));
#5543 = VECTOR('',#5544,1.);
#5544 = DIRECTION('',(-0.,-0.,-1.));
#5545 = PLANE('',#5546);
#5546 = AXIS2_PLACEMENT_3D('',#5547,#5548,#5549);
#5547 = CARTESIAN_POINT('',(51.,164.,1.));
#5548 = DIRECTION('',(-1.,0.,0.));
#5549 = DIRECTION('',(0.,-1.,0.));
#5550 = ADVANCED_FACE('',(#5551),#5569,.F.);
#5551 = FACE_BOUND('',#5552,.F.);
#5552 = EDGE_LOOP('',(#5553,#5554,#5555,#5563));
#5553 = ORIENTED_EDGE('',*,*,#1135,.F.);
#5554 = ORIENTED_EDGE('',*,*,#5540,.T.);
#5555 = ORIENTED_EDGE('',*,*,#5556,.F.);
#5556 = EDGE_CURVE('',#5557,#5533,#5559,.T.);
#5557 = VERTEX_POINT('',#5558);
#5558 = CARTESIAN_POINT('',(49.5,162.75,0.));
#5559 = LINE('',#5560,#5561);
#5560 = CARTESIAN_POINT('',(45.5,162.75,0.));
#5561 = VECTOR('',#5562,1.);
#5562 = DIRECTION('',(1.,0.,0.));
#5563 = ORIENTED_EDGE('',*,*,#5564,.F.);
#5564 = EDGE_CURVE('',#1128,#5557,#5565,.T.);
#5565 = LINE('',#5566,#5567);
#5566 = CARTESIAN_POINT('',(49.5,162.75,1.));
#5567 = VECTOR('',#5568,1.);
#5568 = DIRECTION('',(-0.,-0.,-1.));
#5569 = PLANE('',#5570);
#5570 = AXIS2_PLACEMENT_3D('',#5571,#5572,#5573);
#5571 = CARTESIAN_POINT('',(51.,162.75,1.));
#5572 = DIRECTION('',(0.,1.,0.));
#5573 = DIRECTION('',(-1.,0.,0.));
#5574 = ADVANCED_FACE('',(#5575),#5593,.F.);
#5575 = FACE_BOUND('',#5576,.F.);
#5576 = EDGE_LOOP('',(#5577,#5578,#5579,#5587));
#5577 = ORIENTED_EDGE('',*,*,#1127,.F.);
#5578 = ORIENTED_EDGE('',*,*,#5564,.T.);
#5579 = ORIENTED_EDGE('',*,*,#5580,.F.);
#5580 = EDGE_CURVE('',#5581,#5557,#5583,.T.);
#5581 = VERTEX_POINT('',#5582);
#5582 = CARTESIAN_POINT('',(49.5,164.,0.));
#5583 = LINE('',#5584,#5585);
#5584 = CARTESIAN_POINT('',(49.5,136.375,0.));
#5585 = VECTOR('',#5586,1.);
#5586 = DIRECTION('',(0.,-1.,0.));
#5587 = ORIENTED_EDGE('',*,*,#5588,.F.);
#5588 = EDGE_CURVE('',#1120,#5581,#5589,.T.);
#5589 = LINE('',#5590,#5591);
#5590 = CARTESIAN_POINT('',(49.5,164.,1.));
#5591 = VECTOR('',#5592,1.);
#5592 = DIRECTION('',(-0.,-0.,-1.));
#5593 = PLANE('',#5594);
#5594 = AXIS2_PLACEMENT_3D('',#5595,#5596,#5597);
#5595 = CARTESIAN_POINT('',(49.5,162.75,1.));
#5596 = DIRECTION('',(1.,0.,0.));
#5597 = DIRECTION('',(0.,1.,0.));
#5598 = ADVANCED_FACE('',(#5599),#5617,.F.);
#5599 = FACE_BOUND('',#5600,.F.);
#5600 = EDGE_LOOP('',(#5601,#5602,#5603,#5611));
#5601 = ORIENTED_EDGE('',*,*,#1119,.F.);
#5602 = ORIENTED_EDGE('',*,*,#5588,.T.);
#5603 = ORIENTED_EDGE('',*,*,#5604,.F.);
#5604 = EDGE_CURVE('',#5605,#5581,#5607,.T.);
#5605 = VERTEX_POINT('',#5606);
#5606 = CARTESIAN_POINT('',(50.,164.,0.));
#5607 = LINE('',#5608,#5609);
#5608 = CARTESIAN_POINT('',(44.75,164.,0.));
#5609 = VECTOR('',#5610,1.);
#5610 = DIRECTION('',(-1.,0.,0.));
#5611 = ORIENTED_EDGE('',*,*,#5612,.F.);
#5612 = EDGE_CURVE('',#1112,#5605,#5613,.T.);
#5613 = LINE('',#5614,#5615);
#5614 = CARTESIAN_POINT('',(50.,164.,1.));
#5615 = VECTOR('',#5616,1.);
#5616 = DIRECTION('',(-0.,-0.,-1.));
#5617 = PLANE('',#5618);
#5618 = AXIS2_PLACEMENT_3D('',#5619,#5620,#5621);
#5619 = CARTESIAN_POINT('',(49.5,164.,1.));
#5620 = DIRECTION('',(0.,-1.,0.));
#5621 = DIRECTION('',(1.,0.,0.));
#5622 = ADVANCED_FACE('',(#5623),#5641,.F.);
#5623 = FACE_BOUND('',#5624,.F.);
#5624 = EDGE_LOOP('',(#5625,#5626,#5627,#5635));
#5625 = ORIENTED_EDGE('',*,*,#1111,.F.);
#5626 = ORIENTED_EDGE('',*,*,#5612,.T.);
#5627 = ORIENTED_EDGE('',*,*,#5628,.F.);
#5628 = EDGE_CURVE('',#5629,#5605,#5631,.T.);
#5629 = VERTEX_POINT('',#5630);
#5630 = CARTESIAN_POINT('',(50.,165.,0.));
#5631 = LINE('',#5632,#5633);
#5632 = CARTESIAN_POINT('',(50.,137.,0.));
#5633 = VECTOR('',#5634,1.);
#5634 = DIRECTION('',(0.,-1.,0.));
#5635 = ORIENTED_EDGE('',*,*,#5636,.F.);
#5636 = EDGE_CURVE('',#1104,#5629,#5637,.T.);
#5637 = LINE('',#5638,#5639);
#5638 = CARTESIAN_POINT('',(50.,165.,1.));
#5639 = VECTOR('',#5640,1.);
#5640 = DIRECTION('',(-0.,-0.,-1.));
#5641 = PLANE('',#5642);
#5642 = AXIS2_PLACEMENT_3D('',#5643,#5644,#5645);
#5643 = CARTESIAN_POINT('',(50.,164.,1.));
#5644 = DIRECTION('',(1.,0.,0.));
#5645 = DIRECTION('',(0.,1.,0.));
#5646 = ADVANCED_FACE('',(#5647),#5665,.F.);
#5647 = FACE_BOUND('',#5648,.F.);
#5648 = EDGE_LOOP('',(#5649,#5650,#5651,#5659));
#5649 = ORIENTED_EDGE('',*,*,#1103,.F.);
#5650 = ORIENTED_EDGE('',*,*,#5636,.T.);
#5651 = ORIENTED_EDGE('',*,*,#5652,.F.);
#5652 = EDGE_CURVE('',#5653,#5629,#5655,.T.);
#5653 = VERTEX_POINT('',#5654);
#5654 = CARTESIAN_POINT('',(48.5,165.,0.));
#5655 = LINE('',#5656,#5657);
#5656 = CARTESIAN_POINT('',(45.,165.,0.));
#5657 = VECTOR('',#5658,1.);
#5658 = DIRECTION('',(1.,0.,0.));
#5659 = ORIENTED_EDGE('',*,*,#5660,.F.);
#5660 = EDGE_CURVE('',#1096,#5653,#5661,.T.);
#5661 = LINE('',#5662,#5663);
#5662 = CARTESIAN_POINT('',(48.5,165.,1.));
#5663 = VECTOR('',#5664,1.);
#5664 = DIRECTION('',(-0.,-0.,-1.));
#5665 = PLANE('',#5666);
#5666 = AXIS2_PLACEMENT_3D('',#5667,#5668,#5669);
#5667 = CARTESIAN_POINT('',(50.,165.,1.));
#5668 = DIRECTION('',(0.,1.,0.));
#5669 = DIRECTION('',(-1.,0.,0.));
#5670 = ADVANCED_FACE('',(#5671),#5682,.F.);
#5671 = FACE_BOUND('',#5672,.F.);
#5672 = EDGE_LOOP('',(#5673,#5674,#5675,#5681));
#5673 = ORIENTED_EDGE('',*,*,#1095,.F.);
#5674 = ORIENTED_EDGE('',*,*,#5660,.T.);
#5675 = ORIENTED_EDGE('',*,*,#5676,.F.);
#5676 = EDGE_CURVE('',#5213,#5653,#5677,.T.);
#5677 = LINE('',#5678,#5679);
#5678 = CARTESIAN_POINT('',(48.5,137.5,0.));
#5679 = VECTOR('',#5680,1.);
#5680 = DIRECTION('',(0.,1.,0.));
#5681 = ORIENTED_EDGE('',*,*,#5212,.F.);
#5682 = PLANE('',#5683);
#5683 = AXIS2_PLACEMENT_3D('',#5684,#5685,#5686);
#5684 = CARTESIAN_POINT('',(48.5,165.,1.));
#5685 = DIRECTION('',(-1.,0.,0.));
#5686 = DIRECTION('',(0.,-1.,0.));
#5687 = ADVANCED_FACE('',(#5688),#5713,.F.);
#5688 = FACE_BOUND('',#5689,.F.);
#5689 = EDGE_LOOP('',(#5690,#5691,#5699,#5707));
#5690 = ORIENTED_EDGE('',*,*,#1247,.F.);
#5691 = ORIENTED_EDGE('',*,*,#5692,.T.);
#5692 = EDGE_CURVE('',#1248,#5693,#5695,.T.);
#5693 = VERTEX_POINT('',#5694);
#5694 = CARTESIAN_POINT('',(53.2,165.,0.));
#5695 = LINE('',#5696,#5697);
#5696 = CARTESIAN_POINT('',(53.2,165.,1.));
#5697 = VECTOR('',#5698,1.);
#5698 = DIRECTION('',(-0.,-0.,-1.));
#5699 = ORIENTED_EDGE('',*,*,#5700,.F.);
#5700 = EDGE_CURVE('',#5701,#5693,#5703,.T.);
#5701 = VERTEX_POINT('',#5702);
#5702 = CARTESIAN_POINT('',(53.2,164.,0.));
#5703 = LINE('',#5704,#5705);
#5704 = CARTESIAN_POINT('',(53.2,137.5,0.));
#5705 = VECTOR('',#5706,1.);
#5706 = DIRECTION('',(0.,1.,0.));
#5707 = ORIENTED_EDGE('',*,*,#5708,.F.);
#5708 = EDGE_CURVE('',#1250,#5701,#5709,.T.);
#5709 = LINE('',#5710,#5711);
#5710 = CARTESIAN_POINT('',(53.2,164.,1.));
#5711 = VECTOR('',#5712,1.);
#5712 = DIRECTION('',(-0.,-0.,-1.));
#5713 = PLANE('',#5714);
#5714 = AXIS2_PLACEMENT_3D('',#5715,#5716,#5717);
#5715 = CARTESIAN_POINT('',(53.2,165.,1.));
#5716 = DIRECTION('',(-1.,0.,0.));
#5717 = DIRECTION('',(0.,-1.,0.));
#5718 = ADVANCED_FACE('',(#5719),#5737,.F.);
#5719 = FACE_BOUND('',#5720,.F.);
#5720 = EDGE_LOOP('',(#5721,#5722,#5723,#5731));
#5721 = ORIENTED_EDGE('',*,*,#1289,.F.);
#5722 = ORIENTED_EDGE('',*,*,#5708,.T.);
#5723 = ORIENTED_EDGE('',*,*,#5724,.F.);
#5724 = EDGE_CURVE('',#5725,#5701,#5727,.T.);
#5725 = VERTEX_POINT('',#5726);
#5726 = CARTESIAN_POINT('',(55.7,164.,0.));
#5727 = LINE('',#5728,#5729);
#5728 = CARTESIAN_POINT('',(46.6,164.,0.));
#5729 = VECTOR('',#5730,1.);
#5730 = DIRECTION('',(-1.,0.,0.));
#5731 = ORIENTED_EDGE('',*,*,#5732,.F.);
#5732 = EDGE_CURVE('',#1282,#5725,#5733,.T.);
#5733 = LINE('',#5734,#5735);
#5734 = CARTESIAN_POINT('',(55.7,164.,1.));
#5735 = VECTOR('',#5736,1.);
#5736 = DIRECTION('',(-0.,-0.,-1.));
#5737 = PLANE('',#5738);
#5738 = AXIS2_PLACEMENT_3D('',#5739,#5740,#5741);
#5739 = CARTESIAN_POINT('',(53.2,164.,1.));
#5740 = DIRECTION('',(0.,-1.,0.));
#5741 = DIRECTION('',(1.,0.,0.));
#5742 = ADVANCED_FACE('',(#5743),#5761,.F.);
#5743 = FACE_BOUND('',#5744,.F.);
#5744 = EDGE_LOOP('',(#5745,#5746,#5747,#5755));
#5745 = ORIENTED_EDGE('',*,*,#1281,.F.);
#5746 = ORIENTED_EDGE('',*,*,#5732,.T.);
#5747 = ORIENTED_EDGE('',*,*,#5748,.F.);
#5748 = EDGE_CURVE('',#5749,#5725,#5751,.T.);
#5749 = VERTEX_POINT('',#5750);
#5750 = CARTESIAN_POINT('',(55.7,159.5,0.));
#5751 = LINE('',#5752,#5753);
#5752 = CARTESIAN_POINT('',(55.7,137.,0.));
#5753 = VECTOR('',#5754,1.);
#5754 = DIRECTION('',(0.,1.,0.));
#5755 = ORIENTED_EDGE('',*,*,#5756,.F.);
#5756 = EDGE_CURVE('',#1274,#5749,#5757,.T.);
#5757 = LINE('',#5758,#5759);
#5758 = CARTESIAN_POINT('',(55.7,159.5,1.));
#5759 = VECTOR('',#5760,1.);
#5760 = DIRECTION('',(-0.,-0.,-1.));
#5761 = PLANE('',#5762);
#5762 = AXIS2_PLACEMENT_3D('',#5763,#5764,#5765);
#5763 = CARTESIAN_POINT('',(55.7,164.,1.));
#5764 = DIRECTION('',(-1.,0.,0.));
#5765 = DIRECTION('',(0.,-1.,0.));
#5766 = ADVANCED_FACE('',(#5767),#5785,.F.);
#5767 = FACE_BOUND('',#5768,.F.);
#5768 = EDGE_LOOP('',(#5769,#5770,#5771,#5779));
#5769 = ORIENTED_EDGE('',*,*,#1273,.F.);
#5770 = ORIENTED_EDGE('',*,*,#5756,.T.);
#5771 = ORIENTED_EDGE('',*,*,#5772,.F.);
#5772 = EDGE_CURVE('',#5773,#5749,#5775,.T.);
#5773 = VERTEX_POINT('',#5774);
#5774 = CARTESIAN_POINT('',(56.7,159.5,0.));
#5775 = LINE('',#5776,#5777);
#5776 = CARTESIAN_POINT('',(47.85,159.5,0.));
#5777 = VECTOR('',#5778,1.);
#5778 = DIRECTION('',(-1.,0.,0.));
#5779 = ORIENTED_EDGE('',*,*,#5780,.F.);
#5780 = EDGE_CURVE('',#1266,#5773,#5781,.T.);
#5781 = LINE('',#5782,#5783);
#5782 = CARTESIAN_POINT('',(56.7,159.5,1.));
#5783 = VECTOR('',#5784,1.);
#5784 = DIRECTION('',(-0.,-0.,-1.));
#5785 = PLANE('',#5786);
#5786 = AXIS2_PLACEMENT_3D('',#5787,#5788,#5789);
#5787 = CARTESIAN_POINT('',(55.7,159.5,1.));
#5788 = DIRECTION('',(0.,-1.,0.));
#5789 = DIRECTION('',(1.,0.,0.));
#5790 = ADVANCED_FACE('',(#5791),#5809,.F.);
#5791 = FACE_BOUND('',#5792,.F.);
#5792 = EDGE_LOOP('',(#5793,#5794,#5795,#5803));
#5793 = ORIENTED_EDGE('',*,*,#1265,.F.);
#5794 = ORIENTED_EDGE('',*,*,#5780,.T.);
#5795 = ORIENTED_EDGE('',*,*,#5796,.F.);
#5796 = EDGE_CURVE('',#5797,#5773,#5799,.T.);
#5797 = VERTEX_POINT('',#5798);
#5798 = CARTESIAN_POINT('',(56.7,165.,0.));
#5799 = LINE('',#5800,#5801);
#5800 = CARTESIAN_POINT('',(56.7,134.75,0.));
#5801 = VECTOR('',#5802,1.);
#5802 = DIRECTION('',(0.,-1.,0.));
#5803 = ORIENTED_EDGE('',*,*,#5804,.F.);
#5804 = EDGE_CURVE('',#1258,#5797,#5805,.T.);
#5805 = LINE('',#5806,#5807);
#5806 = CARTESIAN_POINT('',(56.7,165.,1.));
#5807 = VECTOR('',#5808,1.);
#5808 = DIRECTION('',(-0.,-0.,-1.));
#5809 = PLANE('',#5810);
#5810 = AXIS2_PLACEMENT_3D('',#5811,#5812,#5813);
#5811 = CARTESIAN_POINT('',(56.7,159.5,1.));
#5812 = DIRECTION('',(1.,0.,0.));
#5813 = DIRECTION('',(0.,1.,0.));
#5814 = ADVANCED_FACE('',(#5815),#5826,.F.);
#5815 = FACE_BOUND('',#5816,.F.);
#5816 = EDGE_LOOP('',(#5817,#5818,#5819,#5825));
#5817 = ORIENTED_EDGE('',*,*,#1257,.F.);
#5818 = ORIENTED_EDGE('',*,*,#5804,.T.);
#5819 = ORIENTED_EDGE('',*,*,#5820,.F.);
#5820 = EDGE_CURVE('',#5693,#5797,#5821,.T.);
#5821 = LINE('',#5822,#5823);
#5822 = CARTESIAN_POINT('',(48.35,165.,0.));
#5823 = VECTOR('',#5824,1.);
#5824 = DIRECTION('',(1.,0.,0.));
#5825 = ORIENTED_EDGE('',*,*,#5692,.F.);
#5826 = PLANE('',#5827);
#5827 = AXIS2_PLACEMENT_3D('',#5828,#5829,#5830);
#5828 = CARTESIAN_POINT('',(56.7,165.,1.));
#5829 = DIRECTION('',(0.,1.,0.));
#5830 = DIRECTION('',(-1.,0.,0.));
#5831 = ADVANCED_FACE('',(#5832),#5851,.F.);
#5832 = FACE_BOUND('',#5833,.T.);
#5833 = EDGE_LOOP('',(#5834,#5842,#5843,#5844));
#5834 = ORIENTED_EDGE('',*,*,#5835,.F.);
#5835 = EDGE_CURVE('',#1298,#5836,#5838,.T.);
#5836 = VERTEX_POINT('',#5837);
#5837 = CARTESIAN_POINT('',(14.,211.,0.5));
#5838 = LINE('',#5839,#5840);
#5839 = CARTESIAN_POINT('',(14.,211.,0.5));
#5840 = VECTOR('',#5841,1.);
#5841 = DIRECTION('',(-0.707106781187,-0.,-0.707106781187));
#5842 = ORIENTED_EDGE('',*,*,#1297,.T.);
#5843 = ORIENTED_EDGE('',*,*,#5835,.T.);
#5844 = ORIENTED_EDGE('',*,*,#5845,.F.);
#5845 = EDGE_CURVE('',#5836,#5836,#5846,.T.);
#5846 = CIRCLE('',#5847,1.);
#5847 = AXIS2_PLACEMENT_3D('',#5848,#5849,#5850);
#5848 = CARTESIAN_POINT('',(13.,211.,0.5));
#5849 = DIRECTION('',(0.,0.,1.));
#5850 = DIRECTION('',(1.,0.,0.));
#5851 = CONICAL_SURFACE('',#5852,1.,0.785398163397);
#5852 = AXIS2_PLACEMENT_3D('',#5853,#5854,#5855);
#5853 = CARTESIAN_POINT('',(13.,211.,0.5));
#5854 = DIRECTION('',(0.,0.,1.));
#5855 = DIRECTION('',(1.,0.,0.));
#5856 = ADVANCED_FACE('',(#5857),#5881,.T.);
#5857 = FACE_BOUND('',#5858,.F.);
#5858 = EDGE_LOOP('',(#5859,#5867,#5868,#5875));
#5859 = ORIENTED_EDGE('',*,*,#5860,.F.);
#5860 = EDGE_CURVE('',#1309,#5861,#5863,.T.);
#5861 = VERTEX_POINT('',#5862);
#5862 = CARTESIAN_POINT('',(12.5,207.5,0.5));
#5863 = LINE('',#5864,#5865);
#5864 = CARTESIAN_POINT('',(12.5,207.5,0.5));
#5865 = VECTOR('',#5866,1.);
#5866 = DIRECTION('',(0.57735026919,-0.57735026919,-0.57735026919));
#5867 = ORIENTED_EDGE('',*,*,#1308,.T.);
#5868 = ORIENTED_EDGE('',*,*,#5869,.T.);
#5869 = EDGE_CURVE('',#1311,#5870,#5872,.T.);
#5870 = VERTEX_POINT('',#5871);
#5871 = CARTESIAN_POINT('',(67.5,207.5,0.5));
#5872 = B_SPLINE_CURVE_WITH_KNOTS('',1,(#5873,#5874),.UNSPECIFIED.,.F.,
  .F.,(2,2),(0.,1.),.PIECEWISE_BEZIER_KNOTS.);
#5873 = CARTESIAN_POINT('',(68.,208.,1.));
#5874 = CARTESIAN_POINT('',(67.5,207.5,0.5));
#5875 = ORIENTED_EDGE('',*,*,#5876,.F.);
#5876 = EDGE_CURVE('',#5861,#5870,#5877,.T.);
#5877 = LINE('',#5878,#5879);
#5878 = CARTESIAN_POINT('',(12.5,207.5,0.5));
#5879 = VECTOR('',#5880,1.);
#5880 = DIRECTION('',(1.,0.,0.));
#5881 = PLANE('',#5882);
#5882 = AXIS2_PLACEMENT_3D('',#5883,#5884,#5885);
#5883 = CARTESIAN_POINT('',(12.5,207.75,0.75));
#5884 = DIRECTION('',(0.,-0.707106781187,0.707106781187));
#5885 = DIRECTION('',(-1.,-0.,-0.));
#5886 = ADVANCED_FACE('',(#5887),#5905,.T.);
#5887 = FACE_BOUND('',#5888,.F.);
#5888 = EDGE_LOOP('',(#5889,#5897,#5898,#5899));
#5889 = ORIENTED_EDGE('',*,*,#5890,.F.);
#5890 = EDGE_CURVE('',#1326,#5891,#5893,.T.);
#5891 = VERTEX_POINT('',#5892);
#5892 = CARTESIAN_POINT('',(12.5,206.5,0.5));
#5893 = LINE('',#5894,#5895);
#5894 = CARTESIAN_POINT('',(21.5,215.5,-8.5));
#5895 = VECTOR('',#5896,1.);
#5896 = DIRECTION('',(0.57735026919,0.57735026919,-0.57735026919));
#5897 = ORIENTED_EDGE('',*,*,#1333,.T.);
#5898 = ORIENTED_EDGE('',*,*,#5860,.T.);
#5899 = ORIENTED_EDGE('',*,*,#5900,.F.);
#5900 = EDGE_CURVE('',#5891,#5861,#5901,.T.);
#5901 = LINE('',#5902,#5903);
#5902 = CARTESIAN_POINT('',(12.5,206.5,0.5));
#5903 = VECTOR('',#5904,1.);
#5904 = DIRECTION('',(0.,1.,0.));
#5905 = PLANE('',#5906);
#5906 = AXIS2_PLACEMENT_3D('',#5907,#5908,#5909);
#5907 = CARTESIAN_POINT('',(12.25,206.5,0.75));
#5908 = DIRECTION('',(0.707106781187,0.,0.707106781187));
#5909 = DIRECTION('',(-0.,-1.,-0.));
#5910 = ADVANCED_FACE('',(#5911),#5927,.T.);
#5911 = FACE_BOUND('',#5912,.T.);
#5912 = EDGE_LOOP('',(#5913,#5914,#5921,#5926));
#5913 = ORIENTED_EDGE('',*,*,#5869,.T.);
#5914 = ORIENTED_EDGE('',*,*,#5915,.T.);
#5915 = EDGE_CURVE('',#5870,#5916,#5918,.T.);
#5916 = VERTEX_POINT('',#5917);
#5917 = CARTESIAN_POINT('',(67.5,206.5,0.5));
#5918 = B_SPLINE_CURVE_WITH_KNOTS('',1,(#5919,#5920),.UNSPECIFIED.,.F.,
  .F.,(2,2),(-0.775,1.775),.PIECEWISE_BEZIER_KNOTS.);
#5919 = CARTESIAN_POINT('',(67.5,208.27499999999,0.5));
#5920 = CARTESIAN_POINT('',(67.5,205.72499999999,0.5));
#5921 = ORIENTED_EDGE('',*,*,#5922,.F.);
#5922 = EDGE_CURVE('',#1319,#5916,#5923,.T.);
#5923 = B_SPLINE_CURVE_WITH_KNOTS('',1,(#5924,#5925),.UNSPECIFIED.,.F.,
  .F.,(2,2),(0.,1.),.PIECEWISE_BEZIER_KNOTS.);
#5924 = CARTESIAN_POINT('',(68.,206.,1.));
#5925 = CARTESIAN_POINT('',(67.5,206.5,0.5));
#5926 = ORIENTED_EDGE('',*,*,#1318,.F.);
#5927 = B_SPLINE_SURFACE_WITH_KNOTS('',1,1,(
    (#5928,#5929)
    ,(#5930,#5931
    )),.UNSPECIFIED.,.F.,.F.,.F.,(2,2),(2,2),(0.,2.55),(-0.775,1.775),
  .PIECEWISE_BEZIER_KNOTS.);
#5928 = CARTESIAN_POINT('',(68.,208.27499999999,1.));
#5929 = CARTESIAN_POINT('',(68.,205.72499999999,1.));
#5930 = CARTESIAN_POINT('',(67.5,208.27499999999,0.5));
#5931 = CARTESIAN_POINT('',(67.5,205.72499999999,0.5));
#5932 = ADVANCED_FACE('',(#5933),#5944,.T.);
#5933 = FACE_BOUND('',#5934,.F.);
#5934 = EDGE_LOOP('',(#5935,#5936,#5937,#5938));
#5935 = ORIENTED_EDGE('',*,*,#5922,.F.);
#5936 = ORIENTED_EDGE('',*,*,#1325,.T.);
#5937 = ORIENTED_EDGE('',*,*,#5890,.T.);
#5938 = ORIENTED_EDGE('',*,*,#5939,.F.);
#5939 = EDGE_CURVE('',#5916,#5891,#5940,.T.);
#5940 = LINE('',#5941,#5942);
#5941 = CARTESIAN_POINT('',(67.5,206.5,0.5));
#5942 = VECTOR('',#5943,1.);
#5943 = DIRECTION('',(-1.,0.,0.));
#5944 = PLANE('',#5945);
#5945 = AXIS2_PLACEMENT_3D('',#5946,#5947,#5948);
#5946 = CARTESIAN_POINT('',(67.5,206.25,0.75));
#5947 = DIRECTION('',(0.,0.707106781187,0.707106781187));
#5948 = DIRECTION('',(1.,0.,0.));
#5949 = ADVANCED_FACE('',(#5950),#5974,.F.);
#5950 = FACE_BOUND('',#5951,.T.);
#5951 = EDGE_LOOP('',(#5952,#5959,#5960,#5968));
#5952 = ORIENTED_EDGE('',*,*,#5953,.F.);
#5953 = EDGE_CURVE('',#1342,#5954,#5956,.T.);
#5954 = VERTEX_POINT('',#5955);
#5955 = CARTESIAN_POINT('',(67.5,204.5,0.5));
#5956 = B_SPLINE_CURVE_WITH_KNOTS('',1,(#5957,#5958),.UNSPECIFIED.,.F.,
  .F.,(2,2),(0.,1.),.PIECEWISE_BEZIER_KNOTS.);
#5957 = CARTESIAN_POINT('',(68.,205.,1.));
#5958 = CARTESIAN_POINT('',(67.5,204.5,0.5));
#5959 = ORIENTED_EDGE('',*,*,#1341,.T.);
#5960 = ORIENTED_EDGE('',*,*,#5961,.T.);
#5961 = EDGE_CURVE('',#1344,#5962,#5964,.T.);
#5962 = VERTEX_POINT('',#5963);
#5963 = CARTESIAN_POINT('',(12.5,204.5,0.5));
#5964 = LINE('',#5965,#5966);
#5965 = CARTESIAN_POINT('',(21.5,195.5,-8.5));
#5966 = VECTOR('',#5967,1.);
#5967 = DIRECTION('',(0.57735026919,-0.57735026919,-0.57735026919));
#5968 = ORIENTED_EDGE('',*,*,#5969,.F.);
#5969 = EDGE_CURVE('',#5954,#5962,#5970,.T.);
#5970 = LINE('',#5971,#5972);
#5971 = CARTESIAN_POINT('',(67.5,204.5,0.5));
#5972 = VECTOR('',#5973,1.);
#5973 = DIRECTION('',(-1.,0.,0.));
#5974 = PLANE('',#5975);
#5975 = AXIS2_PLACEMENT_3D('',#5976,#5977,#5978);
#5976 = CARTESIAN_POINT('',(67.5,204.75,0.75));
#5977 = DIRECTION('',(0.,0.707106781187,-0.707106781187));
#5978 = DIRECTION('',(1.,0.,0.));
#5979 = ADVANCED_FACE('',(#5980),#5996,.F.);
#5980 = FACE_BOUND('',#5981,.F.);
#5981 = EDGE_LOOP('',(#5982,#5989,#5994,#5995));
#5982 = ORIENTED_EDGE('',*,*,#5983,.T.);
#5983 = EDGE_CURVE('',#1352,#5984,#5986,.T.);
#5984 = VERTEX_POINT('',#5985);
#5985 = CARTESIAN_POINT('',(67.5,203.5,0.5));
#5986 = B_SPLINE_CURVE_WITH_KNOTS('',1,(#5987,#5988),.UNSPECIFIED.,.F.,
  .F.,(2,2),(0.,1.),.PIECEWISE_BEZIER_KNOTS.);
#5987 = CARTESIAN_POINT('',(68.,203.,1.));
#5988 = CARTESIAN_POINT('',(67.5,203.5,0.5));
#5989 = ORIENTED_EDGE('',*,*,#5990,.T.);
#5990 = EDGE_CURVE('',#5984,#5954,#5991,.T.);
#5991 = B_SPLINE_CURVE_WITH_KNOTS('',1,(#5992,#5993),.UNSPECIFIED.,.F.,
  .F.,(2,2),(-0.775,1.775),.PIECEWISE_BEZIER_KNOTS.);
#5992 = CARTESIAN_POINT('',(67.5,202.725,0.5));
#5993 = CARTESIAN_POINT('',(67.5,205.275,0.5));
#5994 = ORIENTED_EDGE('',*,*,#5953,.F.);
#5995 = ORIENTED_EDGE('',*,*,#1351,.F.);
#5996 = B_SPLINE_SURFACE_WITH_KNOTS('',1,1,(
    (#5997,#5998)
    ,(#5999,#6000
    )),.UNSPECIFIED.,.F.,.F.,.F.,(2,2),(2,2),(0.,2.55),(-0.775,1.775),
  .PIECEWISE_BEZIER_KNOTS.);
#5997 = CARTESIAN_POINT('',(68.,202.725,1.));
#5998 = CARTESIAN_POINT('',(68.,205.275,1.));
#5999 = CARTESIAN_POINT('',(67.5,202.725,0.5));
#6000 = CARTESIAN_POINT('',(67.5,205.275,0.5));
#6001 = ADVANCED_FACE('',(#6002),#6020,.F.);
#6002 = FACE_BOUND('',#6003,.T.);
#6003 = EDGE_LOOP('',(#6004,#6005,#6006,#6014));
#6004 = ORIENTED_EDGE('',*,*,#5961,.F.);
#6005 = ORIENTED_EDGE('',*,*,#1366,.T.);
#6006 = ORIENTED_EDGE('',*,*,#6007,.T.);
#6007 = EDGE_CURVE('',#1359,#6008,#6010,.T.);
#6008 = VERTEX_POINT('',#6009);
#6009 = CARTESIAN_POINT('',(12.5,203.5,0.5));
#6010 = LINE('',#6011,#6012);
#6011 = CARTESIAN_POINT('',(12.5,203.5,0.5));
#6012 = VECTOR('',#6013,1.);
#6013 = DIRECTION('',(0.57735026919,0.57735026919,-0.57735026919));
#6014 = ORIENTED_EDGE('',*,*,#6015,.F.);
#6015 = EDGE_CURVE('',#5962,#6008,#6016,.T.);
#6016 = LINE('',#6017,#6018);
#6017 = CARTESIAN_POINT('',(12.5,204.5,0.5));
#6018 = VECTOR('',#6019,1.);
#6019 = DIRECTION('',(0.,-1.,0.));
#6020 = PLANE('',#6021);
#6021 = AXIS2_PLACEMENT_3D('',#6022,#6023,#6024);
#6022 = CARTESIAN_POINT('',(12.25,204.5,0.75));
#6023 = DIRECTION('',(-0.707106781187,0.,-0.707106781187));
#6024 = DIRECTION('',(0.,1.,0.));
#6025 = ADVANCED_FACE('',(#6026),#6037,.F.);
#6026 = FACE_BOUND('',#6027,.T.);
#6027 = EDGE_LOOP('',(#6028,#6029,#6030,#6031));
#6028 = ORIENTED_EDGE('',*,*,#6007,.F.);
#6029 = ORIENTED_EDGE('',*,*,#1358,.T.);
#6030 = ORIENTED_EDGE('',*,*,#5983,.T.);
#6031 = ORIENTED_EDGE('',*,*,#6032,.F.);
#6032 = EDGE_CURVE('',#6008,#5984,#6033,.T.);
#6033 = LINE('',#6034,#6035);
#6034 = CARTESIAN_POINT('',(12.5,203.5,0.5));
#6035 = VECTOR('',#6036,1.);
#6036 = DIRECTION('',(1.,0.,0.));
#6037 = PLANE('',#6038);
#6038 = AXIS2_PLACEMENT_3D('',#6039,#6040,#6041);
#6039 = CARTESIAN_POINT('',(12.5,203.25,0.75));
#6040 = DIRECTION('',(0.,-0.707106781187,-0.707106781187));
#6041 = DIRECTION('',(-1.,-0.,-0.));
#6042 = ADVANCED_FACE('',(#6043),#6062,.F.);
#6043 = FACE_BOUND('',#6044,.T.);
#6044 = EDGE_LOOP('',(#6045,#6053,#6054,#6055));
#6045 = ORIENTED_EDGE('',*,*,#6046,.F.);
#6046 = EDGE_CURVE('',#1375,#6047,#6049,.T.);
#6047 = VERTEX_POINT('',#6048);
#6048 = CARTESIAN_POINT('',(68.,211.,0.5));
#6049 = LINE('',#6050,#6051);
#6050 = CARTESIAN_POINT('',(68.,211.,0.5));
#6051 = VECTOR('',#6052,1.);
#6052 = DIRECTION('',(-0.707106781187,-0.,-0.707106781187));
#6053 = ORIENTED_EDGE('',*,*,#1374,.T.);
#6054 = ORIENTED_EDGE('',*,*,#6046,.T.);
#6055 = ORIENTED_EDGE('',*,*,#6056,.F.);
#6056 = EDGE_CURVE('',#6047,#6047,#6057,.T.);
#6057 = CIRCLE('',#6058,1.);
#6058 = AXIS2_PLACEMENT_3D('',#6059,#6060,#6061);
#6059 = CARTESIAN_POINT('',(67.,211.,0.5));
#6060 = DIRECTION('',(0.,0.,1.));
#6061 = DIRECTION('',(1.,0.,0.));
#6062 = CONICAL_SURFACE('',#6063,1.,0.785398163397);
#6063 = AXIS2_PLACEMENT_3D('',#6064,#6065,#6066);
#6064 = CARTESIAN_POINT('',(67.,211.,0.5));
#6065 = DIRECTION('',(0.,0.,1.));
#6066 = DIRECTION('',(1.,0.,0.));
#6067 = ADVANCED_FACE('',(#6068),#6093,.T.);
#6068 = FACE_BOUND('',#6069,.F.);
#6069 = EDGE_LOOP('',(#6070,#6078,#6079,#6087));
#6070 = ORIENTED_EDGE('',*,*,#6071,.F.);
#6071 = EDGE_CURVE('',#1386,#6072,#6074,.T.);
#6072 = VERTEX_POINT('',#6073);
#6073 = CARTESIAN_POINT('',(71.5,215.,0.5));
#6074 = LINE('',#6075,#6076);
#6075 = CARTESIAN_POINT('',(73.25,213.25,-1.25));
#6076 = VECTOR('',#6077,1.);
#6077 = DIRECTION('',(0.57735026919,-0.57735026919,-0.57735026919));
#6078 = ORIENTED_EDGE('',*,*,#1385,.T.);
#6079 = ORIENTED_EDGE('',*,*,#6080,.T.);
#6080 = EDGE_CURVE('',#1388,#6081,#6083,.T.);
#6081 = VERTEX_POINT('',#6082);
#6082 = CARTESIAN_POINT('',(72.5,215.,0.5));
#6083 = LINE('',#6084,#6085);
#6084 = CARTESIAN_POINT('',(72.5,215.,0.5));
#6085 = VECTOR('',#6086,1.);
#6086 = DIRECTION('',(-0.57735026919,-0.57735026919,-0.57735026919));
#6087 = ORIENTED_EDGE('',*,*,#6088,.F.);
#6088 = EDGE_CURVE('',#6072,#6081,#6089,.T.);
#6089 = LINE('',#6090,#6091);
#6090 = CARTESIAN_POINT('',(71.5,215.,0.5));
#6091 = VECTOR('',#6092,1.);
#6092 = DIRECTION('',(1.,0.,0.));
#6093 = PLANE('',#6094);
#6094 = AXIS2_PLACEMENT_3D('',#6095,#6096,#6097);
#6095 = CARTESIAN_POINT('',(71.5,215.25,0.75));
#6096 = DIRECTION('',(0.,-0.707106781187,0.707106781187));
#6097 = DIRECTION('',(-1.,-0.,-0.));
#6098 = ADVANCED_FACE('',(#6099),#6117,.T.);
#6099 = FACE_BOUND('',#6100,.F.);
#6100 = EDGE_LOOP('',(#6101,#6109,#6110,#6111));
#6101 = ORIENTED_EDGE('',*,*,#6102,.F.);
#6102 = EDGE_CURVE('',#1420,#6103,#6105,.T.);
#6103 = VERTEX_POINT('',#6104);
#6104 = CARTESIAN_POINT('',(71.5,203.5,0.5));
#6105 = LINE('',#6106,#6107);
#6106 = CARTESIAN_POINT('',(71.333333333333,203.33333333333,
    0.666666666667));
#6107 = VECTOR('',#6108,1.);
#6108 = DIRECTION('',(0.57735026919,0.57735026919,-0.57735026919));
#6109 = ORIENTED_EDGE('',*,*,#1427,.T.);
#6110 = ORIENTED_EDGE('',*,*,#6071,.T.);
#6111 = ORIENTED_EDGE('',*,*,#6112,.F.);
#6112 = EDGE_CURVE('',#6103,#6072,#6113,.T.);
#6113 = LINE('',#6114,#6115);
#6114 = CARTESIAN_POINT('',(71.5,203.5,0.5));
#6115 = VECTOR('',#6116,1.);
#6116 = DIRECTION('',(0.,1.,0.));
#6117 = PLANE('',#6118);
#6118 = AXIS2_PLACEMENT_3D('',#6119,#6120,#6121);
#6119 = CARTESIAN_POINT('',(71.25,203.5,0.75));
#6120 = DIRECTION('',(0.707106781187,0.,0.707106781187));
#6121 = DIRECTION('',(-0.,-1.,-0.));
#6122 = ADVANCED_FACE('',(#6123),#6141,.T.);
#6123 = FACE_BOUND('',#6124,.F.);
#6124 = EDGE_LOOP('',(#6125,#6126,#6127,#6135));
#6125 = ORIENTED_EDGE('',*,*,#6080,.F.);
#6126 = ORIENTED_EDGE('',*,*,#1395,.T.);
#6127 = ORIENTED_EDGE('',*,*,#6128,.T.);
#6128 = EDGE_CURVE('',#1396,#6129,#6131,.T.);
#6129 = VERTEX_POINT('',#6130);
#6130 = CARTESIAN_POINT('',(72.5,204.5,0.5));
#6131 = LINE('',#6132,#6133);
#6132 = CARTESIAN_POINT('',(74.833333333333,206.83333333333,
    2.833333333333));
#6133 = VECTOR('',#6134,1.);
#6134 = DIRECTION('',(-0.57735026919,-0.57735026919,-0.57735026919));
#6135 = ORIENTED_EDGE('',*,*,#6136,.F.);
#6136 = EDGE_CURVE('',#6081,#6129,#6137,.T.);
#6137 = LINE('',#6138,#6139);
#6138 = CARTESIAN_POINT('',(72.5,215.,0.5));
#6139 = VECTOR('',#6140,1.);
#6140 = DIRECTION('',(0.,-1.,0.));
#6141 = PLANE('',#6142);
#6142 = AXIS2_PLACEMENT_3D('',#6143,#6144,#6145);
#6143 = CARTESIAN_POINT('',(72.75,215.,0.75));
#6144 = DIRECTION('',(-0.707106781187,0.,0.707106781187));
#6145 = DIRECTION('',(0.,1.,0.));
#6146 = ADVANCED_FACE('',(#6147),#6165,.F.);
#6147 = FACE_BOUND('',#6148,.T.);
#6148 = EDGE_LOOP('',(#6149,#6150,#6151,#6159));
#6149 = ORIENTED_EDGE('',*,*,#6102,.F.);
#6150 = ORIENTED_EDGE('',*,*,#1419,.T.);
#6151 = ORIENTED_EDGE('',*,*,#6152,.T.);
#6152 = EDGE_CURVE('',#1412,#6153,#6155,.T.);
#6153 = VERTEX_POINT('',#6154);
#6154 = CARTESIAN_POINT('',(75.,203.5,0.5));
#6155 = LINE('',#6156,#6157);
#6156 = CARTESIAN_POINT('',(74.583333333333,203.91666666666,
    8.333333333333E-02));
#6157 = VECTOR('',#6158,1.);
#6158 = DIRECTION('',(-0.57735026919,0.57735026919,-0.57735026919));
#6159 = ORIENTED_EDGE('',*,*,#6160,.F.);
#6160 = EDGE_CURVE('',#6103,#6153,#6161,.T.);
#6161 = LINE('',#6162,#6163);
#6162 = CARTESIAN_POINT('',(71.5,203.5,0.5));
#6163 = VECTOR('',#6164,1.);
#6164 = DIRECTION('',(1.,0.,0.));
#6165 = PLANE('',#6166);
#6166 = AXIS2_PLACEMENT_3D('',#6167,#6168,#6169);
#6167 = CARTESIAN_POINT('',(71.5,203.25,0.75));
#6168 = DIRECTION('',(0.,-0.707106781187,-0.707106781187));
#6169 = DIRECTION('',(-1.,-0.,-0.));
#6170 = ADVANCED_FACE('',(#6171),#6189,.F.);
#6171 = FACE_BOUND('',#6172,.T.);
#6172 = EDGE_LOOP('',(#6173,#6181,#6182,#6183));
#6173 = ORIENTED_EDGE('',*,*,#6174,.F.);
#6174 = EDGE_CURVE('',#1404,#6175,#6177,.T.);
#6175 = VERTEX_POINT('',#6176);
#6176 = CARTESIAN_POINT('',(75.,204.5,0.5));
#6177 = LINE('',#6178,#6179);
#6178 = CARTESIAN_POINT('',(75.,204.5,0.5));
#6179 = VECTOR('',#6180,1.);
#6180 = DIRECTION('',(-0.57735026919,-0.57735026919,-0.57735026919));
#6181 = ORIENTED_EDGE('',*,*,#1403,.T.);
#6182 = ORIENTED_EDGE('',*,*,#6128,.T.);
#6183 = ORIENTED_EDGE('',*,*,#6184,.F.);
#6184 = EDGE_CURVE('',#6175,#6129,#6185,.T.);
#6185 = LINE('',#6186,#6187);
#6186 = CARTESIAN_POINT('',(75.,204.5,0.5));
#6187 = VECTOR('',#6188,1.);
#6188 = DIRECTION('',(-1.,0.,0.));
#6189 = PLANE('',#6190);
#6190 = AXIS2_PLACEMENT_3D('',#6191,#6192,#6193);
#6191 = CARTESIAN_POINT('',(75.,204.75,0.75));
#6192 = DIRECTION('',(0.,0.707106781187,-0.707106781187));
#6193 = DIRECTION('',(1.,0.,0.));
#6194 = ADVANCED_FACE('',(#6195),#6206,.F.);
#6195 = FACE_BOUND('',#6196,.T.);
#6196 = EDGE_LOOP('',(#6197,#6198,#6199,#6200));
#6197 = ORIENTED_EDGE('',*,*,#6152,.F.);
#6198 = ORIENTED_EDGE('',*,*,#1411,.T.);
#6199 = ORIENTED_EDGE('',*,*,#6174,.T.);
#6200 = ORIENTED_EDGE('',*,*,#6201,.F.);
#6201 = EDGE_CURVE('',#6153,#6175,#6202,.T.);
#6202 = LINE('',#6203,#6204);
#6203 = CARTESIAN_POINT('',(75.,203.5,0.5));
#6204 = VECTOR('',#6205,1.);
#6205 = DIRECTION('',(0.,1.,0.));
#6206 = PLANE('',#6207);
#6207 = AXIS2_PLACEMENT_3D('',#6208,#6209,#6210);
#6208 = CARTESIAN_POINT('',(75.25,203.5,0.75));
#6209 = DIRECTION('',(0.707106781187,0.,-0.707106781187));
#6210 = DIRECTION('',(-0.,-1.,-0.));
#6211 = ADVANCED_FACE('',(#6212),#6231,.F.);
#6212 = FACE_BOUND('',#6213,.T.);
#6213 = EDGE_LOOP('',(#6214,#6222,#6223,#6224));
#6214 = ORIENTED_EDGE('',*,*,#6215,.F.);
#6215 = EDGE_CURVE('',#1436,#6216,#6218,.T.);
#6216 = VERTEX_POINT('',#6217);
#6217 = CARTESIAN_POINT('',(21.,189.,0.5));
#6218 = LINE('',#6219,#6220);
#6219 = CARTESIAN_POINT('',(21.,189.,0.5));
#6220 = VECTOR('',#6221,1.);
#6221 = DIRECTION('',(-0.707106781187,-0.,-0.707106781187));
#6222 = ORIENTED_EDGE('',*,*,#1435,.T.);
#6223 = ORIENTED_EDGE('',*,*,#6215,.T.);
#6224 = ORIENTED_EDGE('',*,*,#6225,.F.);
#6225 = EDGE_CURVE('',#6216,#6216,#6226,.T.);
#6226 = CIRCLE('',#6227,1.);
#6227 = AXIS2_PLACEMENT_3D('',#6228,#6229,#6230);
#6228 = CARTESIAN_POINT('',(20.,189.,0.5));
#6229 = DIRECTION('',(0.,0.,1.));
#6230 = DIRECTION('',(1.,0.,0.));
#6231 = CONICAL_SURFACE('',#6232,1.,0.785398163397);
#6232 = AXIS2_PLACEMENT_3D('',#6233,#6234,#6235);
#6233 = CARTESIAN_POINT('',(20.,189.,0.5));
#6234 = DIRECTION('',(0.,0.,1.));
#6235 = DIRECTION('',(1.,0.,0.));
#6236 = ADVANCED_FACE('',(#6237),#6256,.F.);
#6237 = FACE_BOUND('',#6238,.T.);
#6238 = EDGE_LOOP('',(#6239,#6247,#6248,#6249));
#6239 = ORIENTED_EDGE('',*,*,#6240,.F.);
#6240 = EDGE_CURVE('',#1447,#6241,#6243,.T.);
#6241 = VERTEX_POINT('',#6242);
#6242 = CARTESIAN_POINT('',(41.,185.,0.5));
#6243 = LINE('',#6244,#6245);
#6244 = CARTESIAN_POINT('',(41.,185.,0.5));
#6245 = VECTOR('',#6246,1.);
#6246 = DIRECTION('',(-0.707106781187,-0.,-0.707106781187));
#6247 = ORIENTED_EDGE('',*,*,#1446,.T.);
#6248 = ORIENTED_EDGE('',*,*,#6240,.T.);
#6249 = ORIENTED_EDGE('',*,*,#6250,.F.);
#6250 = EDGE_CURVE('',#6241,#6241,#6251,.T.);
#6251 = CIRCLE('',#6252,1.);
#6252 = AXIS2_PLACEMENT_3D('',#6253,#6254,#6255);
#6253 = CARTESIAN_POINT('',(40.,185.,0.5));
#6254 = DIRECTION('',(0.,0.,1.));
#6255 = DIRECTION('',(1.,0.,0.));
#6256 = CONICAL_SURFACE('',#6257,1.,0.785398163397);
#6257 = AXIS2_PLACEMENT_3D('',#6258,#6259,#6260);
#6258 = CARTESIAN_POINT('',(40.,185.,0.5));
#6259 = DIRECTION('',(0.,0.,1.));
#6260 = DIRECTION('',(1.,0.,0.));
#6261 = ADVANCED_FACE('',(#6262),#6281,.F.);
#6262 = FACE_BOUND('',#6263,.T.);
#6263 = EDGE_LOOP('',(#6264,#6272,#6273,#6274));
#6264 = ORIENTED_EDGE('',*,*,#6265,.F.);
#6265 = EDGE_CURVE('',#1458,#6266,#6268,.T.);
#6266 = VERTEX_POINT('',#6267);
#6267 = CARTESIAN_POINT('',(61.,189.,0.5));
#6268 = LINE('',#6269,#6270);
#6269 = CARTESIAN_POINT('',(61.,189.,0.5));
#6270 = VECTOR('',#6271,1.);
#6271 = DIRECTION('',(-0.707106781187,-0.,-0.707106781187));
#6272 = ORIENTED_EDGE('',*,*,#1457,.T.);
#6273 = ORIENTED_EDGE('',*,*,#6265,.T.);
#6274 = ORIENTED_EDGE('',*,*,#6275,.F.);
#6275 = EDGE_CURVE('',#6266,#6266,#6276,.T.);
#6276 = CIRCLE('',#6277,1.);
#6277 = AXIS2_PLACEMENT_3D('',#6278,#6279,#6280);
#6278 = CARTESIAN_POINT('',(60.,189.,0.5));
#6279 = DIRECTION('',(0.,0.,1.));
#6280 = DIRECTION('',(1.,0.,0.));
#6281 = CONICAL_SURFACE('',#6282,1.,0.785398163397);
#6282 = AXIS2_PLACEMENT_3D('',#6283,#6284,#6285);
#6283 = CARTESIAN_POINT('',(60.,189.,0.5));
#6284 = DIRECTION('',(0.,0.,1.));
#6285 = DIRECTION('',(1.,0.,0.));
#6286 = ADVANCED_FACE('',(#6287),#6312,.F.);
#6287 = FACE_BOUND('',#6288,.T.);
#6288 = EDGE_LOOP('',(#6289,#6297,#6298,#6306));
#6289 = ORIENTED_EDGE('',*,*,#6290,.F.);
#6290 = EDGE_CURVE('',#1469,#6291,#6293,.T.);
#6291 = VERTEX_POINT('',#6292);
#6292 = CARTESIAN_POINT('',(72.5,170.5,0.5));
#6293 = LINE('',#6294,#6295);
#6294 = CARTESIAN_POINT('',(72.5,170.5,0.5));
#6295 = VECTOR('',#6296,1.);
#6296 = DIRECTION('',(-0.57735026919,-0.57735026919,-0.57735026919));
#6297 = ORIENTED_EDGE('',*,*,#1468,.T.);
#6298 = ORIENTED_EDGE('',*,*,#6299,.T.);
#6299 = EDGE_CURVE('',#1471,#6300,#6302,.T.);
#6300 = VERTEX_POINT('',#6301);
#6301 = CARTESIAN_POINT('',(7.5,170.5,0.5));
#6302 = LINE('',#6303,#6304);
#6303 = CARTESIAN_POINT('',(18.166666666667,159.83333333333,
    -10.16666666666));
#6304 = VECTOR('',#6305,1.);
#6305 = DIRECTION('',(0.57735026919,-0.57735026919,-0.57735026919));
#6306 = ORIENTED_EDGE('',*,*,#6307,.F.);
#6307 = EDGE_CURVE('',#6291,#6300,#6308,.T.);
#6308 = LINE('',#6309,#6310);
#6309 = CARTESIAN_POINT('',(72.5,170.5,0.5));
#6310 = VECTOR('',#6311,1.);
#6311 = DIRECTION('',(-1.,0.,0.));
#6312 = PLANE('',#6313);
#6313 = AXIS2_PLACEMENT_3D('',#6314,#6315,#6316);
#6314 = CARTESIAN_POINT('',(72.5,170.75,0.75));
#6315 = DIRECTION('',(0.,0.707106781187,-0.707106781187));
#6316 = DIRECTION('',(1.,0.,0.));
#6317 = ADVANCED_FACE('',(#6318),#6336,.F.);
#6318 = FACE_BOUND('',#6319,.T.);
#6319 = EDGE_LOOP('',(#6320,#6328,#6329,#6330));
#6320 = ORIENTED_EDGE('',*,*,#6321,.F.);
#6321 = EDGE_CURVE('',#1479,#6322,#6324,.T.);
#6322 = VERTEX_POINT('',#6323);
#6323 = CARTESIAN_POINT('',(72.5,169.5,0.5));
#6324 = LINE('',#6325,#6326);
#6325 = CARTESIAN_POINT('',(61.833333333333,180.16666666666,
    -10.16666666666));
#6326 = VECTOR('',#6327,1.);
#6327 = DIRECTION('',(-0.57735026919,0.57735026919,-0.57735026919));
#6328 = ORIENTED_EDGE('',*,*,#1478,.T.);
#6329 = ORIENTED_EDGE('',*,*,#6290,.T.);
#6330 = ORIENTED_EDGE('',*,*,#6331,.F.);
#6331 = EDGE_CURVE('',#6322,#6291,#6332,.T.);
#6332 = LINE('',#6333,#6334);
#6333 = CARTESIAN_POINT('',(72.5,169.5,0.5));
#6334 = VECTOR('',#6335,1.);
#6335 = DIRECTION('',(0.,1.,0.));
#6336 = PLANE('',#6337);
#6337 = AXIS2_PLACEMENT_3D('',#6338,#6339,#6340);
#6338 = CARTESIAN_POINT('',(72.75,169.5,0.75));
#6339 = DIRECTION('',(0.707106781187,0.,-0.707106781187));
#6340 = DIRECTION('',(-0.,-1.,-0.));
#6341 = ADVANCED_FACE('',(#6342),#6360,.F.);
#6342 = FACE_BOUND('',#6343,.T.);
#6343 = EDGE_LOOP('',(#6344,#6345,#6346,#6354));
#6344 = ORIENTED_EDGE('',*,*,#6299,.F.);
#6345 = ORIENTED_EDGE('',*,*,#1494,.T.);
#6346 = ORIENTED_EDGE('',*,*,#6347,.T.);
#6347 = EDGE_CURVE('',#1487,#6348,#6350,.T.);
#6348 = VERTEX_POINT('',#6349);
#6349 = CARTESIAN_POINT('',(7.5,169.5,0.5));
#6350 = LINE('',#6351,#6352);
#6351 = CARTESIAN_POINT('',(7.5,169.5,0.5));
#6352 = VECTOR('',#6353,1.);
#6353 = DIRECTION('',(0.57735026919,0.57735026919,-0.57735026919));
#6354 = ORIENTED_EDGE('',*,*,#6355,.F.);
#6355 = EDGE_CURVE('',#6300,#6348,#6356,.T.);
#6356 = LINE('',#6357,#6358);
#6357 = CARTESIAN_POINT('',(7.5,170.5,0.5));
#6358 = VECTOR('',#6359,1.);
#6359 = DIRECTION('',(0.,-1.,0.));
#6360 = PLANE('',#6361);
#6361 = AXIS2_PLACEMENT_3D('',#6362,#6363,#6364);
#6362 = CARTESIAN_POINT('',(7.25,170.5,0.75));
#6363 = DIRECTION('',(-0.707106781187,0.,-0.707106781187));
#6364 = DIRECTION('',(0.,1.,0.));
#6365 = ADVANCED_FACE('',(#6366),#6377,.F.);
#6366 = FACE_BOUND('',#6367,.T.);
#6367 = EDGE_LOOP('',(#6368,#6369,#6370,#6371));
#6368 = ORIENTED_EDGE('',*,*,#6347,.F.);
#6369 = ORIENTED_EDGE('',*,*,#1486,.T.);
#6370 = ORIENTED_EDGE('',*,*,#6321,.T.);
#6371 = ORIENTED_EDGE('',*,*,#6372,.F.);
#6372 = EDGE_CURVE('',#6348,#6322,#6373,.T.);
#6373 = LINE('',#6374,#6375);
#6374 = CARTESIAN_POINT('',(7.5,169.5,0.5));
#6375 = VECTOR('',#6376,1.);
#6376 = DIRECTION('',(1.,0.,0.));
#6377 = PLANE('',#6378);
#6378 = AXIS2_PLACEMENT_3D('',#6379,#6380,#6381);
#6379 = CARTESIAN_POINT('',(7.5,169.25,0.75));
#6380 = DIRECTION('',(0.,-0.707106781187,-0.707106781187));
#6381 = DIRECTION('',(-1.,-0.,-0.));
#6382 = ADVANCED_FACE('',(#6383),#6408,.F.);
#6383 = FACE_BOUND('',#6384,.T.);
#6384 = EDGE_LOOP('',(#6385,#6393,#6394,#6402));
#6385 = ORIENTED_EDGE('',*,*,#6386,.F.);
#6386 = EDGE_CURVE('',#1503,#6387,#6389,.T.);
#6387 = VERTEX_POINT('',#6388);
#6388 = CARTESIAN_POINT('',(72.5,167.5,0.5));
#6389 = LINE('',#6390,#6391);
#6390 = CARTESIAN_POINT('',(72.5,167.5,0.5));
#6391 = VECTOR('',#6392,1.);
#6392 = DIRECTION('',(-0.57735026919,-0.57735026919,-0.57735026919));
#6393 = ORIENTED_EDGE('',*,*,#1502,.T.);
#6394 = ORIENTED_EDGE('',*,*,#6395,.T.);
#6395 = EDGE_CURVE('',#1505,#6396,#6398,.T.);
#6396 = VERTEX_POINT('',#6397);
#6397 = CARTESIAN_POINT('',(7.5,167.5,0.5));
#6398 = LINE('',#6399,#6400);
#6399 = CARTESIAN_POINT('',(18.166666666667,156.83333333333,
    -10.16666666666));
#6400 = VECTOR('',#6401,1.);
#6401 = DIRECTION('',(0.57735026919,-0.57735026919,-0.57735026919));
#6402 = ORIENTED_EDGE('',*,*,#6403,.F.);
#6403 = EDGE_CURVE('',#6387,#6396,#6404,.T.);
#6404 = LINE('',#6405,#6406);
#6405 = CARTESIAN_POINT('',(72.5,167.5,0.5));
#6406 = VECTOR('',#6407,1.);
#6407 = DIRECTION('',(-1.,0.,0.));
#6408 = PLANE('',#6409);
#6409 = AXIS2_PLACEMENT_3D('',#6410,#6411,#6412);
#6410 = CARTESIAN_POINT('',(72.5,167.75,0.75));
#6411 = DIRECTION('',(0.,0.707106781187,-0.707106781187));
#6412 = DIRECTION('',(1.,0.,0.));
#6413 = ADVANCED_FACE('',(#6414),#6432,.F.);
#6414 = FACE_BOUND('',#6415,.T.);
#6415 = EDGE_LOOP('',(#6416,#6424,#6425,#6426));
#6416 = ORIENTED_EDGE('',*,*,#6417,.F.);
#6417 = EDGE_CURVE('',#1513,#6418,#6420,.T.);
#6418 = VERTEX_POINT('',#6419);
#6419 = CARTESIAN_POINT('',(72.5,166.5,0.5));
#6420 = LINE('',#6421,#6422);
#6421 = CARTESIAN_POINT('',(61.833333333333,177.16666666666,
    -10.16666666666));
#6422 = VECTOR('',#6423,1.);
#6423 = DIRECTION('',(-0.57735026919,0.57735026919,-0.57735026919));
#6424 = ORIENTED_EDGE('',*,*,#1512,.T.);
#6425 = ORIENTED_EDGE('',*,*,#6386,.T.);
#6426 = ORIENTED_EDGE('',*,*,#6427,.F.);
#6427 = EDGE_CURVE('',#6418,#6387,#6428,.T.);
#6428 = LINE('',#6429,#6430);
#6429 = CARTESIAN_POINT('',(72.5,166.5,0.5));
#6430 = VECTOR('',#6431,1.);
#6431 = DIRECTION('',(0.,1.,0.));
#6432 = PLANE('',#6433);
#6433 = AXIS2_PLACEMENT_3D('',#6434,#6435,#6436);
#6434 = CARTESIAN_POINT('',(72.75,166.5,0.75));
#6435 = DIRECTION('',(0.707106781187,0.,-0.707106781187));
#6436 = DIRECTION('',(-0.,-1.,-0.));
#6437 = ADVANCED_FACE('',(#6438),#6456,.F.);
#6438 = FACE_BOUND('',#6439,.T.);
#6439 = EDGE_LOOP('',(#6440,#6441,#6442,#6450));
#6440 = ORIENTED_EDGE('',*,*,#6395,.F.);
#6441 = ORIENTED_EDGE('',*,*,#1528,.T.);
#6442 = ORIENTED_EDGE('',*,*,#6443,.T.);
#6443 = EDGE_CURVE('',#1521,#6444,#6446,.T.);
#6444 = VERTEX_POINT('',#6445);
#6445 = CARTESIAN_POINT('',(7.5,166.5,0.5));
#6446 = LINE('',#6447,#6448);
#6447 = CARTESIAN_POINT('',(7.5,166.5,0.5));
#6448 = VECTOR('',#6449,1.);
#6449 = DIRECTION('',(0.57735026919,0.57735026919,-0.57735026919));
#6450 = ORIENTED_EDGE('',*,*,#6451,.F.);
#6451 = EDGE_CURVE('',#6396,#6444,#6452,.T.);
#6452 = LINE('',#6453,#6454);
#6453 = CARTESIAN_POINT('',(7.5,167.5,0.5));
#6454 = VECTOR('',#6455,1.);
#6455 = DIRECTION('',(0.,-1.,0.));
#6456 = PLANE('',#6457);
#6457 = AXIS2_PLACEMENT_3D('',#6458,#6459,#6460);
#6458 = CARTESIAN_POINT('',(7.25,167.5,0.75));
#6459 = DIRECTION('',(-0.707106781187,0.,-0.707106781187));
#6460 = DIRECTION('',(0.,1.,0.));
#6461 = ADVANCED_FACE('',(#6462),#6473,.F.);
#6462 = FACE_BOUND('',#6463,.T.);
#6463 = EDGE_LOOP('',(#6464,#6465,#6466,#6467));
#6464 = ORIENTED_EDGE('',*,*,#6443,.F.);
#6465 = ORIENTED_EDGE('',*,*,#1520,.T.);
#6466 = ORIENTED_EDGE('',*,*,#6417,.T.);
#6467 = ORIENTED_EDGE('',*,*,#6468,.F.);
#6468 = EDGE_CURVE('',#6444,#6418,#6469,.T.);
#6469 = LINE('',#6470,#6471);
#6470 = CARTESIAN_POINT('',(7.5,166.5,0.5));
#6471 = VECTOR('',#6472,1.);
#6472 = DIRECTION('',(1.,0.,0.));
#6473 = PLANE('',#6474);
#6474 = AXIS2_PLACEMENT_3D('',#6475,#6476,#6477);
#6475 = CARTESIAN_POINT('',(7.5,166.25,0.75));
#6476 = DIRECTION('',(0.,-0.707106781187,-0.707106781187));
#6477 = DIRECTION('',(-1.,-0.,-0.));
#6478 = ADVANCED_FACE('',(#6479),#6498,.F.);
#6479 = FACE_BOUND('',#6480,.T.);
#6480 = EDGE_LOOP('',(#6481,#6489,#6490,#6491));
#6481 = ORIENTED_EDGE('',*,*,#6482,.F.);
#6482 = EDGE_CURVE('',#1537,#6483,#6485,.T.);
#6483 = VERTEX_POINT('',#6484);
#6484 = CARTESIAN_POINT('',(19.,156.,0.5));
#6485 = LINE('',#6486,#6487);
#6486 = CARTESIAN_POINT('',(19.,156.,0.5));
#6487 = VECTOR('',#6488,1.);
#6488 = DIRECTION('',(-0.707106781187,-0.,-0.707106781187));
#6489 = ORIENTED_EDGE('',*,*,#1536,.T.);
#6490 = ORIENTED_EDGE('',*,*,#6482,.T.);
#6491 = ORIENTED_EDGE('',*,*,#6492,.F.);
#6492 = EDGE_CURVE('',#6483,#6483,#6493,.T.);
#6493 = CIRCLE('',#6494,1.);
#6494 = AXIS2_PLACEMENT_3D('',#6495,#6496,#6497);
#6495 = CARTESIAN_POINT('',(18.,156.,0.5));
#6496 = DIRECTION('',(0.,0.,1.));
#6497 = DIRECTION('',(1.,0.,0.));
#6498 = CONICAL_SURFACE('',#6499,1.,0.785398163397);
#6499 = AXIS2_PLACEMENT_3D('',#6500,#6501,#6502);
#6500 = CARTESIAN_POINT('',(18.,156.,0.5));
#6501 = DIRECTION('',(0.,0.,1.));
#6502 = DIRECTION('',(1.,0.,0.));
#6503 = ADVANCED_FACE('',(#6504),#6523,.F.);
#6504 = FACE_BOUND('',#6505,.T.);
#6505 = EDGE_LOOP('',(#6506,#6514,#6515,#6516));
#6506 = ORIENTED_EDGE('',*,*,#6507,.F.);
#6507 = EDGE_CURVE('',#1548,#6508,#6510,.T.);
#6508 = VERTEX_POINT('',#6509);
#6509 = CARTESIAN_POINT('',(41.,156.,0.5));
#6510 = LINE('',#6511,#6512);
#6511 = CARTESIAN_POINT('',(41.,156.,0.5));
#6512 = VECTOR('',#6513,1.);
#6513 = DIRECTION('',(-0.707106781187,-0.,-0.707106781187));
#6514 = ORIENTED_EDGE('',*,*,#1547,.T.);
#6515 = ORIENTED_EDGE('',*,*,#6507,.T.);
#6516 = ORIENTED_EDGE('',*,*,#6517,.F.);
#6517 = EDGE_CURVE('',#6508,#6508,#6518,.T.);
#6518 = CIRCLE('',#6519,1.);
#6519 = AXIS2_PLACEMENT_3D('',#6520,#6521,#6522);
#6520 = CARTESIAN_POINT('',(40.,156.,0.5));
#6521 = DIRECTION('',(0.,0.,1.));
#6522 = DIRECTION('',(1.,0.,0.));
#6523 = CONICAL_SURFACE('',#6524,1.,0.785398163397);
#6524 = AXIS2_PLACEMENT_3D('',#6525,#6526,#6527);
#6525 = CARTESIAN_POINT('',(40.,156.,0.5));
#6526 = DIRECTION('',(0.,0.,1.));
#6527 = DIRECTION('',(1.,0.,0.));
#6528 = ADVANCED_FACE('',(#6529),#6548,.F.);
#6529 = FACE_BOUND('',#6530,.T.);
#6530 = EDGE_LOOP('',(#6531,#6539,#6540,#6541));
#6531 = ORIENTED_EDGE('',*,*,#6532,.F.);
#6532 = EDGE_CURVE('',#1559,#6533,#6535,.T.);
#6533 = VERTEX_POINT('',#6534);
#6534 = CARTESIAN_POINT('',(63.,156.,0.5));
#6535 = LINE('',#6536,#6537);
#6536 = CARTESIAN_POINT('',(63.,156.,0.5));
#6537 = VECTOR('',#6538,1.);
#6538 = DIRECTION('',(-0.707106781187,-0.,-0.707106781187));
#6539 = ORIENTED_EDGE('',*,*,#1558,.T.);
#6540 = ORIENTED_EDGE('',*,*,#6532,.T.);
#6541 = ORIENTED_EDGE('',*,*,#6542,.F.);
#6542 = EDGE_CURVE('',#6533,#6533,#6543,.T.);
#6543 = CIRCLE('',#6544,1.);
#6544 = AXIS2_PLACEMENT_3D('',#6545,#6546,#6547);
#6545 = CARTESIAN_POINT('',(62.,156.,0.5));
#6546 = DIRECTION('',(0.,0.,1.));
#6547 = DIRECTION('',(1.,0.,0.));
#6548 = CONICAL_SURFACE('',#6549,1.,0.785398163397);
#6549 = AXIS2_PLACEMENT_3D('',#6550,#6551,#6552);
#6550 = CARTESIAN_POINT('',(62.,156.,0.5));
#6551 = DIRECTION('',(0.,0.,1.));
#6552 = DIRECTION('',(1.,0.,0.));
#6553 = ADVANCED_FACE('',(#6554),#6573,.F.);
#6554 = FACE_BOUND('',#6555,.T.);
#6555 = EDGE_LOOP('',(#6556,#6564,#6565,#6566));
#6556 = ORIENTED_EDGE('',*,*,#6557,.F.);
#6557 = EDGE_CURVE('',#1570,#6558,#6560,.T.);
#6558 = VERTEX_POINT('',#6559);
#6559 = CARTESIAN_POINT('',(19.,130.,0.5));
#6560 = LINE('',#6561,#6562);
#6561 = CARTESIAN_POINT('',(19.,130.,0.5));
#6562 = VECTOR('',#6563,1.);
#6563 = DIRECTION('',(-0.707106781187,-0.,-0.707106781187));
#6564 = ORIENTED_EDGE('',*,*,#1569,.T.);
#6565 = ORIENTED_EDGE('',*,*,#6557,.T.);
#6566 = ORIENTED_EDGE('',*,*,#6567,.F.);
#6567 = EDGE_CURVE('',#6558,#6558,#6568,.T.);
#6568 = CIRCLE('',#6569,1.);
#6569 = AXIS2_PLACEMENT_3D('',#6570,#6571,#6572);
#6570 = CARTESIAN_POINT('',(18.,130.,0.5));
#6571 = DIRECTION('',(0.,0.,1.));
#6572 = DIRECTION('',(1.,0.,0.));
#6573 = CONICAL_SURFACE('',#6574,1.,0.785398163397);
#6574 = AXIS2_PLACEMENT_3D('',#6575,#6576,#6577);
#6575 = CARTESIAN_POINT('',(18.,130.,0.5));
#6576 = DIRECTION('',(0.,0.,1.));
#6577 = DIRECTION('',(1.,0.,0.));
#6578 = ADVANCED_FACE('',(#6579),#6598,.F.);
#6579 = FACE_BOUND('',#6580,.T.);
#6580 = EDGE_LOOP('',(#6581,#6589,#6590,#6591));
#6581 = ORIENTED_EDGE('',*,*,#6582,.F.);
#6582 = EDGE_CURVE('',#1581,#6583,#6585,.T.);
#6583 = VERTEX_POINT('',#6584);
#6584 = CARTESIAN_POINT('',(41.,130.,0.5));
#6585 = LINE('',#6586,#6587);
#6586 = CARTESIAN_POINT('',(41.,130.,0.5));
#6587 = VECTOR('',#6588,1.);
#6588 = DIRECTION('',(-0.707106781187,-0.,-0.707106781187));
#6589 = ORIENTED_EDGE('',*,*,#1580,.T.);
#6590 = ORIENTED_EDGE('',*,*,#6582,.T.);
#6591 = ORIENTED_EDGE('',*,*,#6592,.F.);
#6592 = EDGE_CURVE('',#6583,#6583,#6593,.T.);
#6593 = CIRCLE('',#6594,1.);
#6594 = AXIS2_PLACEMENT_3D('',#6595,#6596,#6597);
#6595 = CARTESIAN_POINT('',(40.,130.,0.5));
#6596 = DIRECTION('',(0.,0.,1.));
#6597 = DIRECTION('',(1.,0.,0.));
#6598 = CONICAL_SURFACE('',#6599,1.,0.785398163397);
#6599 = AXIS2_PLACEMENT_3D('',#6600,#6601,#6602);
#6600 = CARTESIAN_POINT('',(40.,130.,0.5));
#6601 = DIRECTION('',(0.,0.,1.));
#6602 = DIRECTION('',(1.,0.,0.));
#6603 = ADVANCED_FACE('',(#6604),#6623,.F.);
#6604 = FACE_BOUND('',#6605,.T.);
#6605 = EDGE_LOOP('',(#6606,#6614,#6615,#6616));
#6606 = ORIENTED_EDGE('',*,*,#6607,.F.);
#6607 = EDGE_CURVE('',#1592,#6608,#6610,.T.);
#6608 = VERTEX_POINT('',#6609);
#6609 = CARTESIAN_POINT('',(63.,130.,0.5));
#6610 = LINE('',#6611,#6612);
#6611 = CARTESIAN_POINT('',(63.,130.,0.5));
#6612 = VECTOR('',#6613,1.);
#6613 = DIRECTION('',(-0.707106781187,-0.,-0.707106781187));
#6614 = ORIENTED_EDGE('',*,*,#1591,.T.);
#6615 = ORIENTED_EDGE('',*,*,#6607,.T.);
#6616 = ORIENTED_EDGE('',*,*,#6617,.F.);
#6617 = EDGE_CURVE('',#6608,#6608,#6618,.T.);
#6618 = CIRCLE('',#6619,1.);
#6619 = AXIS2_PLACEMENT_3D('',#6620,#6621,#6622);
#6620 = CARTESIAN_POINT('',(62.,130.,0.5));
#6621 = DIRECTION('',(0.,0.,1.));
#6622 = DIRECTION('',(1.,0.,0.));
#6623 = CONICAL_SURFACE('',#6624,1.,0.785398163397);
#6624 = AXIS2_PLACEMENT_3D('',#6625,#6626,#6627);
#6625 = CARTESIAN_POINT('',(62.,130.,0.5));
#6626 = DIRECTION('',(0.,0.,1.));
#6627 = DIRECTION('',(1.,0.,0.));
#6628 = ADVANCED_FACE('',(#6629),#6648,.F.);
#6629 = FACE_BOUND('',#6630,.T.);
#6630 = EDGE_LOOP('',(#6631,#6639,#6640,#6641));
#6631 = ORIENTED_EDGE('',*,*,#6632,.F.);
#6632 = EDGE_CURVE('',#1603,#6633,#6635,.T.);
#6633 = VERTEX_POINT('',#6634);
#6634 = CARTESIAN_POINT('',(41.,58.,0.5));
#6635 = LINE('',#6636,#6637);
#6636 = CARTESIAN_POINT('',(41.,58.,0.5));
#6637 = VECTOR('',#6638,1.);
#6638 = DIRECTION('',(-0.707106781187,-0.,-0.707106781187));
#6639 = ORIENTED_EDGE('',*,*,#1602,.T.);
#6640 = ORIENTED_EDGE('',*,*,#6632,.T.);
#6641 = ORIENTED_EDGE('',*,*,#6642,.F.);
#6642 = EDGE_CURVE('',#6633,#6633,#6643,.T.);
#6643 = CIRCLE('',#6644,1.);
#6644 = AXIS2_PLACEMENT_3D('',#6645,#6646,#6647);
#6645 = CARTESIAN_POINT('',(40.,58.,0.5));
#6646 = DIRECTION('',(0.,0.,1.));
#6647 = DIRECTION('',(1.,0.,0.));
#6648 = CONICAL_SURFACE('',#6649,1.,0.785398163397);
#6649 = AXIS2_PLACEMENT_3D('',#6650,#6651,#6652);
#6650 = CARTESIAN_POINT('',(40.,58.,0.5));
#6651 = DIRECTION('',(0.,0.,1.));
#6652 = DIRECTION('',(1.,0.,0.));
#6653 = ADVANCED_FACE('',(#6654),#6673,.F.);
#6654 = FACE_BOUND('',#6655,.T.);
#6655 = EDGE_LOOP('',(#6656,#6664,#6665,#6666));
#6656 = ORIENTED_EDGE('',*,*,#6657,.F.);
#6657 = EDGE_CURVE('',#1614,#6658,#6660,.T.);
#6658 = VERTEX_POINT('',#6659);
#6659 = CARTESIAN_POINT('',(19.,58.,0.5));
#6660 = LINE('',#6661,#6662);
#6661 = CARTESIAN_POINT('',(19.,58.,0.5));
#6662 = VECTOR('',#6663,1.);
#6663 = DIRECTION('',(-0.707106781187,-0.,-0.707106781187));
#6664 = ORIENTED_EDGE('',*,*,#1613,.T.);
#6665 = ORIENTED_EDGE('',*,*,#6657,.T.);
#6666 = ORIENTED_EDGE('',*,*,#6667,.F.);
#6667 = EDGE_CURVE('',#6658,#6658,#6668,.T.);
#6668 = CIRCLE('',#6669,1.);
#6669 = AXIS2_PLACEMENT_3D('',#6670,#6671,#6672);
#6670 = CARTESIAN_POINT('',(18.,58.,0.5));
#6671 = DIRECTION('',(0.,0.,1.));
#6672 = DIRECTION('',(1.,0.,0.));
#6673 = CONICAL_SURFACE('',#6674,1.,0.785398163397);
#6674 = AXIS2_PLACEMENT_3D('',#6675,#6676,#6677);
#6675 = CARTESIAN_POINT('',(18.,58.,0.5));
#6676 = DIRECTION('',(0.,0.,1.));
#6677 = DIRECTION('',(1.,0.,0.));
#6678 = ADVANCED_FACE('',(#6679),#6698,.F.);
#6679 = FACE_BOUND('',#6680,.T.);
#6680 = EDGE_LOOP('',(#6681,#6689,#6690,#6691));
#6681 = ORIENTED_EDGE('',*,*,#6682,.F.);
#6682 = EDGE_CURVE('',#1625,#6683,#6685,.T.);
#6683 = VERTEX_POINT('',#6684);
#6684 = CARTESIAN_POINT('',(63.,58.,0.5));
#6685 = LINE('',#6686,#6687);
#6686 = CARTESIAN_POINT('',(63.,58.,0.5));
#6687 = VECTOR('',#6688,1.);
#6688 = DIRECTION('',(-0.707106781187,-0.,-0.707106781187));
#6689 = ORIENTED_EDGE('',*,*,#1624,.T.);
#6690 = ORIENTED_EDGE('',*,*,#6682,.T.);
#6691 = ORIENTED_EDGE('',*,*,#6692,.F.);
#6692 = EDGE_CURVE('',#6683,#6683,#6693,.T.);
#6693 = CIRCLE('',#6694,1.);
#6694 = AXIS2_PLACEMENT_3D('',#6695,#6696,#6697);
#6695 = CARTESIAN_POINT('',(62.,58.,0.5));
#6696 = DIRECTION('',(0.,0.,1.));
#6697 = DIRECTION('',(1.,0.,0.));
#6698 = CONICAL_SURFACE('',#6699,1.,0.785398163397);
#6699 = AXIS2_PLACEMENT_3D('',#6700,#6701,#6702);
#6700 = CARTESIAN_POINT('',(62.,58.,0.5));
#6701 = DIRECTION('',(0.,0.,1.));
#6702 = DIRECTION('',(1.,0.,0.));
#6703 = ADVANCED_FACE('',(#6704),#6729,.F.);
#6704 = FACE_BOUND('',#6705,.T.);
#6705 = EDGE_LOOP('',(#6706,#6714,#6715,#6723));
#6706 = ORIENTED_EDGE('',*,*,#6707,.F.);
#6707 = EDGE_CURVE('',#1636,#6708,#6710,.T.);
#6708 = VERTEX_POINT('',#6709);
#6709 = CARTESIAN_POINT('',(72.5,47.5,0.5));
#6710 = LINE('',#6711,#6712);
#6711 = CARTESIAN_POINT('',(72.5,47.5,0.5));
#6712 = VECTOR('',#6713,1.);
#6713 = DIRECTION('',(-0.57735026919,-0.57735026919,-0.57735026919));
#6714 = ORIENTED_EDGE('',*,*,#1635,.T.);
#6715 = ORIENTED_EDGE('',*,*,#6716,.T.);
#6716 = EDGE_CURVE('',#1638,#6717,#6719,.T.);
#6717 = VERTEX_POINT('',#6718);
#6718 = CARTESIAN_POINT('',(7.5,47.5,0.5));
#6719 = LINE('',#6720,#6721);
#6720 = CARTESIAN_POINT('',(18.166666666667,36.833333333333,
    -10.16666666666));
#6721 = VECTOR('',#6722,1.);
#6722 = DIRECTION('',(0.57735026919,-0.57735026919,-0.57735026919));
#6723 = ORIENTED_EDGE('',*,*,#6724,.F.);
#6724 = EDGE_CURVE('',#6708,#6717,#6725,.T.);
#6725 = LINE('',#6726,#6727);
#6726 = CARTESIAN_POINT('',(72.5,47.5,0.5));
#6727 = VECTOR('',#6728,1.);
#6728 = DIRECTION('',(-1.,0.,0.));
#6729 = PLANE('',#6730);
#6730 = AXIS2_PLACEMENT_3D('',#6731,#6732,#6733);
#6731 = CARTESIAN_POINT('',(72.5,47.75,0.75));
#6732 = DIRECTION('',(0.,0.707106781187,-0.707106781187));
#6733 = DIRECTION('',(1.,0.,0.));
#6734 = ADVANCED_FACE('',(#6735),#6753,.F.);
#6735 = FACE_BOUND('',#6736,.T.);
#6736 = EDGE_LOOP('',(#6737,#6745,#6746,#6747));
#6737 = ORIENTED_EDGE('',*,*,#6738,.F.);
#6738 = EDGE_CURVE('',#1646,#6739,#6741,.T.);
#6739 = VERTEX_POINT('',#6740);
#6740 = CARTESIAN_POINT('',(72.5,46.5,0.5));
#6741 = LINE('',#6742,#6743);
#6742 = CARTESIAN_POINT('',(61.833333333333,57.166666666667,
    -10.16666666666));
#6743 = VECTOR('',#6744,1.);
#6744 = DIRECTION('',(-0.57735026919,0.57735026919,-0.57735026919));
#6745 = ORIENTED_EDGE('',*,*,#1645,.T.);
#6746 = ORIENTED_EDGE('',*,*,#6707,.T.);
#6747 = ORIENTED_EDGE('',*,*,#6748,.F.);
#6748 = EDGE_CURVE('',#6739,#6708,#6749,.T.);
#6749 = LINE('',#6750,#6751);
#6750 = CARTESIAN_POINT('',(72.5,46.5,0.5));
#6751 = VECTOR('',#6752,1.);
#6752 = DIRECTION('',(0.,1.,0.));
#6753 = PLANE('',#6754);
#6754 = AXIS2_PLACEMENT_3D('',#6755,#6756,#6757);
#6755 = CARTESIAN_POINT('',(72.75,46.5,0.75));
#6756 = DIRECTION('',(0.707106781187,0.,-0.707106781187));
#6757 = DIRECTION('',(-0.,-1.,-0.));
#6758 = ADVANCED_FACE('',(#6759),#6777,.F.);
#6759 = FACE_BOUND('',#6760,.T.);
#6760 = EDGE_LOOP('',(#6761,#6762,#6763,#6771));
#6761 = ORIENTED_EDGE('',*,*,#6716,.F.);
#6762 = ORIENTED_EDGE('',*,*,#1661,.T.);
#6763 = ORIENTED_EDGE('',*,*,#6764,.T.);
#6764 = EDGE_CURVE('',#1654,#6765,#6767,.T.);
#6765 = VERTEX_POINT('',#6766);
#6766 = CARTESIAN_POINT('',(7.5,46.5,0.5));
#6767 = LINE('',#6768,#6769);
#6768 = CARTESIAN_POINT('',(7.5,46.5,0.5));
#6769 = VECTOR('',#6770,1.);
#6770 = DIRECTION('',(0.57735026919,0.57735026919,-0.57735026919));
#6771 = ORIENTED_EDGE('',*,*,#6772,.F.);
#6772 = EDGE_CURVE('',#6717,#6765,#6773,.T.);
#6773 = LINE('',#6774,#6775);
#6774 = CARTESIAN_POINT('',(7.5,47.5,0.5));
#6775 = VECTOR('',#6776,1.);
#6776 = DIRECTION('',(0.,-1.,0.));
#6777 = PLANE('',#6778);
#6778 = AXIS2_PLACEMENT_3D('',#6779,#6780,#6781);
#6779 = CARTESIAN_POINT('',(7.25,47.5,0.75));
#6780 = DIRECTION('',(-0.707106781187,0.,-0.707106781187));
#6781 = DIRECTION('',(0.,1.,0.));
#6782 = ADVANCED_FACE('',(#6783),#6794,.F.);
#6783 = FACE_BOUND('',#6784,.T.);
#6784 = EDGE_LOOP('',(#6785,#6786,#6787,#6788));
#6785 = ORIENTED_EDGE('',*,*,#6764,.F.);
#6786 = ORIENTED_EDGE('',*,*,#1653,.T.);
#6787 = ORIENTED_EDGE('',*,*,#6738,.T.);
#6788 = ORIENTED_EDGE('',*,*,#6789,.F.);
#6789 = EDGE_CURVE('',#6765,#6739,#6790,.T.);
#6790 = LINE('',#6791,#6792);
#6791 = CARTESIAN_POINT('',(7.5,46.5,0.5));
#6792 = VECTOR('',#6793,1.);
#6793 = DIRECTION('',(1.,0.,0.));
#6794 = PLANE('',#6795);
#6795 = AXIS2_PLACEMENT_3D('',#6796,#6797,#6798);
#6796 = CARTESIAN_POINT('',(7.5,46.25,0.75));
#6797 = DIRECTION('',(0.,-0.707106781187,-0.707106781187));
#6798 = DIRECTION('',(-1.,-0.,-0.));
#6799 = ADVANCED_FACE('',(#6800),#6825,.F.);
#6800 = FACE_BOUND('',#6801,.T.);
#6801 = EDGE_LOOP('',(#6802,#6810,#6811,#6819));
#6802 = ORIENTED_EDGE('',*,*,#6803,.F.);
#6803 = EDGE_CURVE('',#1670,#6804,#6806,.T.);
#6804 = VERTEX_POINT('',#6805);
#6805 = CARTESIAN_POINT('',(72.5,44.5,0.5));
#6806 = LINE('',#6807,#6808);
#6807 = CARTESIAN_POINT('',(72.5,44.5,0.5));
#6808 = VECTOR('',#6809,1.);
#6809 = DIRECTION('',(-0.57735026919,-0.57735026919,-0.57735026919));
#6810 = ORIENTED_EDGE('',*,*,#1669,.T.);
#6811 = ORIENTED_EDGE('',*,*,#6812,.T.);
#6812 = EDGE_CURVE('',#1672,#6813,#6815,.T.);
#6813 = VERTEX_POINT('',#6814);
#6814 = CARTESIAN_POINT('',(7.5,44.5,0.5));
#6815 = LINE('',#6816,#6817);
#6816 = CARTESIAN_POINT('',(18.166666666667,33.833333333333,
    -10.16666666666));
#6817 = VECTOR('',#6818,1.);
#6818 = DIRECTION('',(0.57735026919,-0.57735026919,-0.57735026919));
#6819 = ORIENTED_EDGE('',*,*,#6820,.F.);
#6820 = EDGE_CURVE('',#6804,#6813,#6821,.T.);
#6821 = LINE('',#6822,#6823);
#6822 = CARTESIAN_POINT('',(72.5,44.5,0.5));
#6823 = VECTOR('',#6824,1.);
#6824 = DIRECTION('',(-1.,0.,0.));
#6825 = PLANE('',#6826);
#6826 = AXIS2_PLACEMENT_3D('',#6827,#6828,#6829);
#6827 = CARTESIAN_POINT('',(72.5,44.75,0.75));
#6828 = DIRECTION('',(0.,0.707106781187,-0.707106781187));
#6829 = DIRECTION('',(1.,0.,0.));
#6830 = ADVANCED_FACE('',(#6831),#6849,.F.);
#6831 = FACE_BOUND('',#6832,.T.);
#6832 = EDGE_LOOP('',(#6833,#6841,#6842,#6843));
#6833 = ORIENTED_EDGE('',*,*,#6834,.F.);
#6834 = EDGE_CURVE('',#1680,#6835,#6837,.T.);
#6835 = VERTEX_POINT('',#6836);
#6836 = CARTESIAN_POINT('',(72.5,43.5,0.5));
#6837 = LINE('',#6838,#6839);
#6838 = CARTESIAN_POINT('',(61.833333333333,54.166666666667,
    -10.16666666666));
#6839 = VECTOR('',#6840,1.);
#6840 = DIRECTION('',(-0.57735026919,0.57735026919,-0.57735026919));
#6841 = ORIENTED_EDGE('',*,*,#1679,.T.);
#6842 = ORIENTED_EDGE('',*,*,#6803,.T.);
#6843 = ORIENTED_EDGE('',*,*,#6844,.F.);
#6844 = EDGE_CURVE('',#6835,#6804,#6845,.T.);
#6845 = LINE('',#6846,#6847);
#6846 = CARTESIAN_POINT('',(72.5,43.5,0.5));
#6847 = VECTOR('',#6848,1.);
#6848 = DIRECTION('',(0.,1.,0.));
#6849 = PLANE('',#6850);
#6850 = AXIS2_PLACEMENT_3D('',#6851,#6852,#6853);
#6851 = CARTESIAN_POINT('',(72.75,43.5,0.75));
#6852 = DIRECTION('',(0.707106781187,0.,-0.707106781187));
#6853 = DIRECTION('',(-0.,-1.,-0.));
#6854 = ADVANCED_FACE('',(#6855),#6873,.F.);
#6855 = FACE_BOUND('',#6856,.T.);
#6856 = EDGE_LOOP('',(#6857,#6858,#6859,#6867));
#6857 = ORIENTED_EDGE('',*,*,#6812,.F.);
#6858 = ORIENTED_EDGE('',*,*,#1695,.T.);
#6859 = ORIENTED_EDGE('',*,*,#6860,.T.);
#6860 = EDGE_CURVE('',#1688,#6861,#6863,.T.);
#6861 = VERTEX_POINT('',#6862);
#6862 = CARTESIAN_POINT('',(7.5,43.5,0.5));
#6863 = LINE('',#6864,#6865);
#6864 = CARTESIAN_POINT('',(7.5,43.5,0.5));
#6865 = VECTOR('',#6866,1.);
#6866 = DIRECTION('',(0.57735026919,0.57735026919,-0.57735026919));
#6867 = ORIENTED_EDGE('',*,*,#6868,.F.);
#6868 = EDGE_CURVE('',#6813,#6861,#6869,.T.);
#6869 = LINE('',#6870,#6871);
#6870 = CARTESIAN_POINT('',(7.5,44.5,0.5));
#6871 = VECTOR('',#6872,1.);
#6872 = DIRECTION('',(0.,-1.,0.));
#6873 = PLANE('',#6874);
#6874 = AXIS2_PLACEMENT_3D('',#6875,#6876,#6877);
#6875 = CARTESIAN_POINT('',(7.25,44.5,0.75));
#6876 = DIRECTION('',(-0.707106781187,0.,-0.707106781187));
#6877 = DIRECTION('',(0.,1.,0.));
#6878 = ADVANCED_FACE('',(#6879),#6890,.F.);
#6879 = FACE_BOUND('',#6880,.T.);
#6880 = EDGE_LOOP('',(#6881,#6882,#6883,#6884));
#6881 = ORIENTED_EDGE('',*,*,#6860,.F.);
#6882 = ORIENTED_EDGE('',*,*,#1687,.T.);
#6883 = ORIENTED_EDGE('',*,*,#6834,.T.);
#6884 = ORIENTED_EDGE('',*,*,#6885,.F.);
#6885 = EDGE_CURVE('',#6861,#6835,#6886,.T.);
#6886 = LINE('',#6887,#6888);
#6887 = CARTESIAN_POINT('',(7.5,43.5,0.5));
#6888 = VECTOR('',#6889,1.);
#6889 = DIRECTION('',(1.,0.,0.));
#6890 = PLANE('',#6891);
#6891 = AXIS2_PLACEMENT_3D('',#6892,#6893,#6894);
#6892 = CARTESIAN_POINT('',(7.5,43.25,0.75));
#6893 = DIRECTION('',(0.,-0.707106781187,-0.707106781187));
#6894 = DIRECTION('',(-1.,-0.,-0.));
#6895 = ADVANCED_FACE('',(#6896),#6921,.T.);
#6896 = FACE_BOUND('',#6897,.F.);
#6897 = EDGE_LOOP('',(#6898,#6906,#6907,#6915));
#6898 = ORIENTED_EDGE('',*,*,#6899,.F.);
#6899 = EDGE_CURVE('',#1704,#6900,#6902,.T.);
#6900 = VERTEX_POINT('',#6901);
#6901 = CARTESIAN_POINT('',(5.,16.5,0.5));
#6902 = LINE('',#6903,#6904);
#6903 = CARTESIAN_POINT('',(4.833333333333,16.666666666667,
    0.666666666667));
#6904 = VECTOR('',#6905,1.);
#6905 = DIRECTION('',(0.57735026919,-0.57735026919,-0.57735026919));
#6906 = ORIENTED_EDGE('',*,*,#1703,.T.);
#6907 = ORIENTED_EDGE('',*,*,#6908,.T.);
#6908 = EDGE_CURVE('',#1706,#6909,#6911,.T.);
#6909 = VERTEX_POINT('',#6910);
#6910 = CARTESIAN_POINT('',(8.5,16.5,0.5));
#6911 = LINE('',#6912,#6913);
#6912 = CARTESIAN_POINT('',(6.166666666667,14.166666666667,
    -1.833333333333));
#6913 = VECTOR('',#6914,1.);
#6914 = DIRECTION('',(-0.57735026919,-0.57735026919,-0.57735026919));
#6915 = ORIENTED_EDGE('',*,*,#6916,.F.);
#6916 = EDGE_CURVE('',#6900,#6909,#6917,.T.);
#6917 = LINE('',#6918,#6919);
#6918 = CARTESIAN_POINT('',(5.,16.5,0.5));
#6919 = VECTOR('',#6920,1.);
#6920 = DIRECTION('',(1.,0.,0.));
#6921 = PLANE('',#6922);
#6922 = AXIS2_PLACEMENT_3D('',#6923,#6924,#6925);
#6923 = CARTESIAN_POINT('',(5.,16.75,0.75));
#6924 = DIRECTION('',(0.,-0.707106781187,0.707106781187));
#6925 = DIRECTION('',(-1.,-0.,-0.));
#6926 = ADVANCED_FACE('',(#6927),#6945,.F.);
#6927 = FACE_BOUND('',#6928,.T.);
#6928 = EDGE_LOOP('',(#6929,#6930,#6931,#6939));
#6929 = ORIENTED_EDGE('',*,*,#6899,.F.);
#6930 = ORIENTED_EDGE('',*,*,#1745,.T.);
#6931 = ORIENTED_EDGE('',*,*,#6932,.T.);
#6932 = EDGE_CURVE('',#1738,#6933,#6935,.T.);
#6933 = VERTEX_POINT('',#6934);
#6934 = CARTESIAN_POINT('',(5.,15.5,0.5));
#6935 = LINE('',#6936,#6937);
#6936 = CARTESIAN_POINT('',(5.,15.5,0.5));
#6937 = VECTOR('',#6938,1.);
#6938 = DIRECTION('',(0.57735026919,0.57735026919,-0.57735026919));
#6939 = ORIENTED_EDGE('',*,*,#6940,.F.);
#6940 = EDGE_CURVE('',#6900,#6933,#6941,.T.);
#6941 = LINE('',#6942,#6943);
#6942 = CARTESIAN_POINT('',(5.,16.5,0.5));
#6943 = VECTOR('',#6944,1.);
#6944 = DIRECTION('',(0.,-1.,0.));
#6945 = PLANE('',#6946);
#6946 = AXIS2_PLACEMENT_3D('',#6947,#6948,#6949);
#6947 = CARTESIAN_POINT('',(4.75,16.5,0.75));
#6948 = DIRECTION('',(-0.707106781187,0.,-0.707106781187));
#6949 = DIRECTION('',(0.,1.,0.));
#6950 = ADVANCED_FACE('',(#6951),#6969,.F.);
#6951 = FACE_BOUND('',#6952,.T.);
#6952 = EDGE_LOOP('',(#6953,#6961,#6962,#6963));
#6953 = ORIENTED_EDGE('',*,*,#6954,.F.);
#6954 = EDGE_CURVE('',#1714,#6955,#6957,.T.);
#6955 = VERTEX_POINT('',#6956);
#6956 = CARTESIAN_POINT('',(8.5,5.,0.5));
#6957 = LINE('',#6958,#6959);
#6958 = CARTESIAN_POINT('',(8.5,5.,0.5));
#6959 = VECTOR('',#6960,1.);
#6960 = DIRECTION('',(-0.57735026919,0.57735026919,-0.57735026919));
#6961 = ORIENTED_EDGE('',*,*,#1713,.T.);
#6962 = ORIENTED_EDGE('',*,*,#6908,.T.);
#6963 = ORIENTED_EDGE('',*,*,#6964,.F.);
#6964 = EDGE_CURVE('',#6955,#6909,#6965,.T.);
#6965 = LINE('',#6966,#6967);
#6966 = CARTESIAN_POINT('',(8.5,5.,0.5));
#6967 = VECTOR('',#6968,1.);
#6968 = DIRECTION('',(0.,1.,0.));
#6969 = PLANE('',#6970);
#6970 = AXIS2_PLACEMENT_3D('',#6971,#6972,#6973);
#6971 = CARTESIAN_POINT('',(8.75,5.,0.75));
#6972 = DIRECTION('',(0.707106781187,0.,-0.707106781187));
#6973 = DIRECTION('',(-0.,-1.,-0.));
#6974 = ADVANCED_FACE('',(#6975),#6993,.F.);
#6975 = FACE_BOUND('',#6976,.T.);
#6976 = EDGE_LOOP('',(#6977,#6978,#6979,#6987));
#6977 = ORIENTED_EDGE('',*,*,#6932,.F.);
#6978 = ORIENTED_EDGE('',*,*,#1737,.T.);
#6979 = ORIENTED_EDGE('',*,*,#6980,.T.);
#6980 = EDGE_CURVE('',#1730,#6981,#6983,.T.);
#6981 = VERTEX_POINT('',#6982);
#6982 = CARTESIAN_POINT('',(7.5,15.5,0.5));
#6983 = LINE('',#6984,#6985);
#6984 = CARTESIAN_POINT('',(6.916666666667,14.916666666667,
    1.083333333333));
#6985 = VECTOR('',#6986,1.);
#6986 = DIRECTION('',(0.57735026919,0.57735026919,-0.57735026919));
#6987 = ORIENTED_EDGE('',*,*,#6988,.F.);
#6988 = EDGE_CURVE('',#6933,#6981,#6989,.T.);
#6989 = LINE('',#6990,#6991);
#6990 = CARTESIAN_POINT('',(5.,15.5,0.5));
#6991 = VECTOR('',#6992,1.);
#6992 = DIRECTION('',(1.,0.,0.));
#6993 = PLANE('',#6994);
#6994 = AXIS2_PLACEMENT_3D('',#6995,#6996,#6997);
#6995 = CARTESIAN_POINT('',(5.,15.25,0.75));
#6996 = DIRECTION('',(0.,-0.707106781187,-0.707106781187));
#6997 = DIRECTION('',(-1.,-0.,-0.));
#6998 = ADVANCED_FACE('',(#6999),#7017,.F.);
#6999 = FACE_BOUND('',#7000,.T.);
#7000 = EDGE_LOOP('',(#7001,#7009,#7010,#7011));
#7001 = ORIENTED_EDGE('',*,*,#7002,.F.);
#7002 = EDGE_CURVE('',#1722,#7003,#7005,.T.);
#7003 = VERTEX_POINT('',#7004);
#7004 = CARTESIAN_POINT('',(7.5,5.,0.5));
#7005 = LINE('',#7006,#7007);
#7006 = CARTESIAN_POINT('',(9.083333333333,6.583333333333,
    -1.083333333333));
#7007 = VECTOR('',#7008,1.);
#7008 = DIRECTION('',(0.57735026919,0.57735026919,-0.57735026919));
#7009 = ORIENTED_EDGE('',*,*,#1721,.T.);
#7010 = ORIENTED_EDGE('',*,*,#6954,.T.);
#7011 = ORIENTED_EDGE('',*,*,#7012,.F.);
#7012 = EDGE_CURVE('',#7003,#6955,#7013,.T.);
#7013 = LINE('',#7014,#7015);
#7014 = CARTESIAN_POINT('',(7.5,5.,0.5));
#7015 = VECTOR('',#7016,1.);
#7016 = DIRECTION('',(1.,0.,0.));
#7017 = PLANE('',#7018);
#7018 = AXIS2_PLACEMENT_3D('',#7019,#7020,#7021);
#7019 = CARTESIAN_POINT('',(7.5,4.75,0.75));
#7020 = DIRECTION('',(0.,-0.707106781187,-0.707106781187));
#7021 = DIRECTION('',(-1.,-0.,-0.));
#7022 = ADVANCED_FACE('',(#7023),#7034,.F.);
#7023 = FACE_BOUND('',#7024,.T.);
#7024 = EDGE_LOOP('',(#7025,#7026,#7027,#7028));
#7025 = ORIENTED_EDGE('',*,*,#6980,.F.);
#7026 = ORIENTED_EDGE('',*,*,#1729,.T.);
#7027 = ORIENTED_EDGE('',*,*,#7002,.T.);
#7028 = ORIENTED_EDGE('',*,*,#7029,.F.);
#7029 = EDGE_CURVE('',#6981,#7003,#7030,.T.);
#7030 = LINE('',#7031,#7032);
#7031 = CARTESIAN_POINT('',(7.5,15.5,0.5));
#7032 = VECTOR('',#7033,1.);
#7033 = DIRECTION('',(0.,-1.,0.));
#7034 = PLANE('',#7035);
#7035 = AXIS2_PLACEMENT_3D('',#7036,#7037,#7038);
#7036 = CARTESIAN_POINT('',(7.25,15.5,0.75));
#7037 = DIRECTION('',(-0.707106781187,0.,-0.707106781187));
#7038 = DIRECTION('',(0.,1.,0.));
#7039 = ADVANCED_FACE('',(#7040),#7065,.F.);
#7040 = FACE_BOUND('',#7041,.T.);
#7041 = EDGE_LOOP('',(#7042,#7050,#7051,#7059));
#7042 = ORIENTED_EDGE('',*,*,#7043,.F.);
#7043 = EDGE_CURVE('',#1754,#7044,#7046,.T.);
#7044 = VERTEX_POINT('',#7045);
#7045 = CARTESIAN_POINT('',(75.,16.5,0.5));
#7046 = LINE('',#7047,#7048);
#7047 = CARTESIAN_POINT('',(75.166666666667,16.666666666667,
    0.666666666667));
#7048 = VECTOR('',#7049,1.);
#7049 = DIRECTION('',(-0.57735026919,-0.57735026919,-0.57735026919));
#7050 = ORIENTED_EDGE('',*,*,#1753,.T.);
#7051 = ORIENTED_EDGE('',*,*,#7052,.T.);
#7052 = EDGE_CURVE('',#1756,#7053,#7055,.T.);
#7053 = VERTEX_POINT('',#7054);
#7054 = CARTESIAN_POINT('',(71.5,16.5,0.5));
#7055 = LINE('',#7056,#7057);
#7056 = CARTESIAN_POINT('',(73.833333333333,14.166666666667,
    -1.833333333333));
#7057 = VECTOR('',#7058,1.);
#7058 = DIRECTION('',(0.57735026919,-0.57735026919,-0.57735026919));
#7059 = ORIENTED_EDGE('',*,*,#7060,.F.);
#7060 = EDGE_CURVE('',#7044,#7053,#7061,.T.);
#7061 = LINE('',#7062,#7063);
#7062 = CARTESIAN_POINT('',(75.,16.5,0.5));
#7063 = VECTOR('',#7064,1.);
#7064 = DIRECTION('',(-1.,0.,0.));
#7065 = PLANE('',#7066);
#7066 = AXIS2_PLACEMENT_3D('',#7067,#7068,#7069);
#7067 = CARTESIAN_POINT('',(75.,16.75,0.75));
#7068 = DIRECTION('',(0.,0.707106781187,-0.707106781187));
#7069 = DIRECTION('',(1.,0.,0.));
#7070 = ADVANCED_FACE('',(#7071),#7089,.T.);
#7071 = FACE_BOUND('',#7072,.F.);
#7072 = EDGE_LOOP('',(#7073,#7074,#7075,#7083));
#7073 = ORIENTED_EDGE('',*,*,#7043,.F.);
#7074 = ORIENTED_EDGE('',*,*,#1763,.T.);
#7075 = ORIENTED_EDGE('',*,*,#7076,.T.);
#7076 = EDGE_CURVE('',#1764,#7077,#7079,.T.);
#7077 = VERTEX_POINT('',#7078);
#7078 = CARTESIAN_POINT('',(75.,15.5,0.5));
#7079 = LINE('',#7080,#7081);
#7080 = CARTESIAN_POINT('',(75.,15.5,0.5));
#7081 = VECTOR('',#7082,1.);
#7082 = DIRECTION('',(-0.57735026919,0.57735026919,-0.57735026919));
#7083 = ORIENTED_EDGE('',*,*,#7084,.F.);
#7084 = EDGE_CURVE('',#7044,#7077,#7085,.T.);
#7085 = LINE('',#7086,#7087);
#7086 = CARTESIAN_POINT('',(75.,16.5,0.5));
#7087 = VECTOR('',#7088,1.);
#7088 = DIRECTION('',(0.,-1.,0.));
#7089 = PLANE('',#7090);
#7090 = AXIS2_PLACEMENT_3D('',#7091,#7092,#7093);
#7091 = CARTESIAN_POINT('',(75.25,16.5,0.75));
#7092 = DIRECTION('',(-0.707106781187,0.,0.707106781187));
#7093 = DIRECTION('',(0.,1.,0.));
#7094 = ADVANCED_FACE('',(#7095),#7113,.T.);
#7095 = FACE_BOUND('',#7096,.F.);
#7096 = EDGE_LOOP('',(#7097,#7105,#7106,#7107));
#7097 = ORIENTED_EDGE('',*,*,#7098,.F.);
#7098 = EDGE_CURVE('',#1788,#7099,#7101,.T.);
#7099 = VERTEX_POINT('',#7100);
#7100 = CARTESIAN_POINT('',(71.5,5.,0.5));
#7101 = LINE('',#7102,#7103);
#7102 = CARTESIAN_POINT('',(71.5,5.,0.5));
#7103 = VECTOR('',#7104,1.);
#7104 = DIRECTION('',(0.57735026919,0.57735026919,-0.57735026919));
#7105 = ORIENTED_EDGE('',*,*,#1795,.T.);
#7106 = ORIENTED_EDGE('',*,*,#7052,.T.);
#7107 = ORIENTED_EDGE('',*,*,#7108,.F.);
#7108 = EDGE_CURVE('',#7099,#7053,#7109,.T.);
#7109 = LINE('',#7110,#7111);
#7110 = CARTESIAN_POINT('',(71.5,5.,0.5));
#7111 = VECTOR('',#7112,1.);
#7112 = DIRECTION('',(0.,1.,0.));
#7113 = PLANE('',#7114);
#7114 = AXIS2_PLACEMENT_3D('',#7115,#7116,#7117);
#7115 = CARTESIAN_POINT('',(71.25,5.,0.75));
#7116 = DIRECTION('',(0.707106781187,0.,0.707106781187));
#7117 = DIRECTION('',(-0.,-1.,-0.));
#7118 = ADVANCED_FACE('',(#7119),#7137,.T.);
#7119 = FACE_BOUND('',#7120,.F.);
#7120 = EDGE_LOOP('',(#7121,#7122,#7123,#7131));
#7121 = ORIENTED_EDGE('',*,*,#7076,.F.);
#7122 = ORIENTED_EDGE('',*,*,#1771,.T.);
#7123 = ORIENTED_EDGE('',*,*,#7124,.T.);
#7124 = EDGE_CURVE('',#1772,#7125,#7127,.T.);
#7125 = VERTEX_POINT('',#7126);
#7126 = CARTESIAN_POINT('',(72.5,15.5,0.5));
#7127 = LINE('',#7128,#7129);
#7128 = CARTESIAN_POINT('',(73.083333333333,14.916666666667,
    1.083333333333));
#7129 = VECTOR('',#7130,1.);
#7130 = DIRECTION('',(-0.57735026919,0.57735026919,-0.57735026919));
#7131 = ORIENTED_EDGE('',*,*,#7132,.F.);
#7132 = EDGE_CURVE('',#7077,#7125,#7133,.T.);
#7133 = LINE('',#7134,#7135);
#7134 = CARTESIAN_POINT('',(75.,15.5,0.5));
#7135 = VECTOR('',#7136,1.);
#7136 = DIRECTION('',(-1.,0.,0.));
#7137 = PLANE('',#7138);
#7138 = AXIS2_PLACEMENT_3D('',#7139,#7140,#7141);
#7139 = CARTESIAN_POINT('',(75.,15.25,0.75));
#7140 = DIRECTION('',(0.,0.707106781187,0.707106781187));
#7141 = DIRECTION('',(1.,0.,0.));
#7142 = ADVANCED_FACE('',(#7143),#7161,.T.);
#7143 = FACE_BOUND('',#7144,.F.);
#7144 = EDGE_LOOP('',(#7145,#7153,#7154,#7155));
#7145 = ORIENTED_EDGE('',*,*,#7146,.F.);
#7146 = EDGE_CURVE('',#1780,#7147,#7149,.T.);
#7147 = VERTEX_POINT('',#7148);
#7148 = CARTESIAN_POINT('',(72.5,5.,0.5));
#7149 = LINE('',#7150,#7151);
#7150 = CARTESIAN_POINT('',(70.916666666667,6.583333333333,
    -1.083333333333));
#7151 = VECTOR('',#7152,1.);
#7152 = DIRECTION('',(-0.57735026919,0.57735026919,-0.57735026919));
#7153 = ORIENTED_EDGE('',*,*,#1787,.T.);
#7154 = ORIENTED_EDGE('',*,*,#7098,.T.);
#7155 = ORIENTED_EDGE('',*,*,#7156,.F.);
#7156 = EDGE_CURVE('',#7147,#7099,#7157,.T.);
#7157 = LINE('',#7158,#7159);
#7158 = CARTESIAN_POINT('',(72.5,5.,0.5));
#7159 = VECTOR('',#7160,1.);
#7160 = DIRECTION('',(-1.,0.,0.));
#7161 = PLANE('',#7162);
#7162 = AXIS2_PLACEMENT_3D('',#7163,#7164,#7165);
#7163 = CARTESIAN_POINT('',(72.5,4.75,0.75));
#7164 = DIRECTION('',(0.,0.707106781187,0.707106781187));
#7165 = DIRECTION('',(1.,0.,0.));
#7166 = ADVANCED_FACE('',(#7167),#7178,.T.);
#7167 = FACE_BOUND('',#7168,.F.);
#7168 = EDGE_LOOP('',(#7169,#7170,#7171,#7172));
#7169 = ORIENTED_EDGE('',*,*,#7124,.F.);
#7170 = ORIENTED_EDGE('',*,*,#1779,.T.);
#7171 = ORIENTED_EDGE('',*,*,#7146,.T.);
#7172 = ORIENTED_EDGE('',*,*,#7173,.F.);
#7173 = EDGE_CURVE('',#7125,#7147,#7174,.T.);
#7174 = LINE('',#7175,#7176);
#7175 = CARTESIAN_POINT('',(72.5,15.5,0.5));
#7176 = VECTOR('',#7177,1.);
#7177 = DIRECTION('',(0.,-1.,0.));
#7178 = PLANE('',#7179);
#7179 = AXIS2_PLACEMENT_3D('',#7180,#7181,#7182);
#7180 = CARTESIAN_POINT('',(72.75,15.5,0.75));
#7181 = DIRECTION('',(-0.707106781187,0.,0.707106781187));
#7182 = DIRECTION('',(0.,1.,0.));
#7183 = ADVANCED_FACE('',(#7184),#7209,.F.);
#7184 = FACE_BOUND('',#7185,.T.);
#7185 = EDGE_LOOP('',(#7186,#7194,#7195,#7203));
#7186 = ORIENTED_EDGE('',*,*,#7187,.F.);
#7187 = EDGE_CURVE('',#1804,#7188,#7190,.T.);
#7188 = VERTEX_POINT('',#7189);
#7189 = CARTESIAN_POINT('',(67.5,16.5,0.5));
#7190 = LINE('',#7191,#7192);
#7191 = CARTESIAN_POINT('',(67.5,16.5,0.5));
#7192 = VECTOR('',#7193,1.);
#7193 = DIRECTION('',(-0.57735026919,-0.57735026919,-0.57735026919));
#7194 = ORIENTED_EDGE('',*,*,#1803,.T.);
#7195 = ORIENTED_EDGE('',*,*,#7196,.T.);
#7196 = EDGE_CURVE('',#1806,#7197,#7199,.T.);
#7197 = VERTEX_POINT('',#7198);
#7198 = CARTESIAN_POINT('',(12.5,16.5,0.5));
#7199 = LINE('',#7200,#7201);
#7200 = CARTESIAN_POINT('',(21.5,7.5,-8.5));
#7201 = VECTOR('',#7202,1.);
#7202 = DIRECTION('',(0.57735026919,-0.57735026919,-0.57735026919));
#7203 = ORIENTED_EDGE('',*,*,#7204,.F.);
#7204 = EDGE_CURVE('',#7188,#7197,#7205,.T.);
#7205 = LINE('',#7206,#7207);
#7206 = CARTESIAN_POINT('',(67.5,16.5,0.5));
#7207 = VECTOR('',#7208,1.);
#7208 = DIRECTION('',(-1.,0.,0.));
#7209 = PLANE('',#7210);
#7210 = AXIS2_PLACEMENT_3D('',#7211,#7212,#7213);
#7211 = CARTESIAN_POINT('',(67.5,16.75,0.75));
#7212 = DIRECTION('',(0.,0.707106781187,-0.707106781187));
#7213 = DIRECTION('',(1.,0.,0.));
#7214 = ADVANCED_FACE('',(#7215),#7233,.F.);
#7215 = FACE_BOUND('',#7216,.T.);
#7216 = EDGE_LOOP('',(#7217,#7225,#7226,#7227));
#7217 = ORIENTED_EDGE('',*,*,#7218,.F.);
#7218 = EDGE_CURVE('',#1814,#7219,#7221,.T.);
#7219 = VERTEX_POINT('',#7220);
#7220 = CARTESIAN_POINT('',(67.5,15.5,0.5));
#7221 = LINE('',#7222,#7223);
#7222 = CARTESIAN_POINT('',(58.5,24.5,-8.5));
#7223 = VECTOR('',#7224,1.);
#7224 = DIRECTION('',(-0.57735026919,0.57735026919,-0.57735026919));
#7225 = ORIENTED_EDGE('',*,*,#1813,.T.);
#7226 = ORIENTED_EDGE('',*,*,#7187,.T.);
#7227 = ORIENTED_EDGE('',*,*,#7228,.F.);
#7228 = EDGE_CURVE('',#7219,#7188,#7229,.T.);
#7229 = LINE('',#7230,#7231);
#7230 = CARTESIAN_POINT('',(67.5,15.5,0.5));
#7231 = VECTOR('',#7232,1.);
#7232 = DIRECTION('',(0.,1.,0.));
#7233 = PLANE('',#7234);
#7234 = AXIS2_PLACEMENT_3D('',#7235,#7236,#7237);
#7235 = CARTESIAN_POINT('',(67.75,15.5,0.75));
#7236 = DIRECTION('',(0.707106781187,0.,-0.707106781187));
#7237 = DIRECTION('',(-0.,-1.,-0.));
#7238 = ADVANCED_FACE('',(#7239),#7257,.F.);
#7239 = FACE_BOUND('',#7240,.T.);
#7240 = EDGE_LOOP('',(#7241,#7242,#7243,#7251));
#7241 = ORIENTED_EDGE('',*,*,#7196,.F.);
#7242 = ORIENTED_EDGE('',*,*,#1829,.T.);
#7243 = ORIENTED_EDGE('',*,*,#7244,.T.);
#7244 = EDGE_CURVE('',#1822,#7245,#7247,.T.);
#7245 = VERTEX_POINT('',#7246);
#7246 = CARTESIAN_POINT('',(12.5,15.5,0.5));
#7247 = LINE('',#7248,#7249);
#7248 = CARTESIAN_POINT('',(12.5,15.5,0.5));
#7249 = VECTOR('',#7250,1.);
#7250 = DIRECTION('',(0.57735026919,0.57735026919,-0.57735026919));
#7251 = ORIENTED_EDGE('',*,*,#7252,.F.);
#7252 = EDGE_CURVE('',#7197,#7245,#7253,.T.);
#7253 = LINE('',#7254,#7255);
#7254 = CARTESIAN_POINT('',(12.5,16.5,0.5));
#7255 = VECTOR('',#7256,1.);
#7256 = DIRECTION('',(0.,-1.,0.));
#7257 = PLANE('',#7258);
#7258 = AXIS2_PLACEMENT_3D('',#7259,#7260,#7261);
#7259 = CARTESIAN_POINT('',(12.25,16.5,0.75));
#7260 = DIRECTION('',(-0.707106781187,0.,-0.707106781187));
#7261 = DIRECTION('',(0.,1.,0.));
#7262 = ADVANCED_FACE('',(#7263),#7274,.F.);
#7263 = FACE_BOUND('',#7264,.T.);
#7264 = EDGE_LOOP('',(#7265,#7266,#7267,#7268));
#7265 = ORIENTED_EDGE('',*,*,#7244,.F.);
#7266 = ORIENTED_EDGE('',*,*,#1821,.T.);
#7267 = ORIENTED_EDGE('',*,*,#7218,.T.);
#7268 = ORIENTED_EDGE('',*,*,#7269,.F.);
#7269 = EDGE_CURVE('',#7245,#7219,#7270,.T.);
#7270 = LINE('',#7271,#7272);
#7271 = CARTESIAN_POINT('',(12.5,15.5,0.5));
#7272 = VECTOR('',#7273,1.);
#7273 = DIRECTION('',(1.,0.,0.));
#7274 = PLANE('',#7275);
#7275 = AXIS2_PLACEMENT_3D('',#7276,#7277,#7278);
#7276 = CARTESIAN_POINT('',(12.5,15.25,0.75));
#7277 = DIRECTION('',(0.,-0.707106781187,-0.707106781187));
#7278 = DIRECTION('',(-1.,-0.,-0.));
#7279 = ADVANCED_FACE('',(#7280),#7305,.F.);
#7280 = FACE_BOUND('',#7281,.T.);
#7281 = EDGE_LOOP('',(#7282,#7290,#7291,#7299));
#7282 = ORIENTED_EDGE('',*,*,#7283,.F.);
#7283 = EDGE_CURVE('',#1838,#7284,#7286,.T.);
#7284 = VERTEX_POINT('',#7285);
#7285 = CARTESIAN_POINT('',(67.5,13.5,0.5));
#7286 = LINE('',#7287,#7288);
#7287 = CARTESIAN_POINT('',(67.5,13.5,0.5));
#7288 = VECTOR('',#7289,1.);
#7289 = DIRECTION('',(-0.57735026919,-0.57735026919,-0.57735026919));
#7290 = ORIENTED_EDGE('',*,*,#1837,.T.);
#7291 = ORIENTED_EDGE('',*,*,#7292,.T.);
#7292 = EDGE_CURVE('',#1840,#7293,#7295,.T.);
#7293 = VERTEX_POINT('',#7294);
#7294 = CARTESIAN_POINT('',(12.5,13.5,0.5));
#7295 = LINE('',#7296,#7297);
#7296 = CARTESIAN_POINT('',(21.5,4.5,-8.5));
#7297 = VECTOR('',#7298,1.);
#7298 = DIRECTION('',(0.57735026919,-0.57735026919,-0.57735026919));
#7299 = ORIENTED_EDGE('',*,*,#7300,.F.);
#7300 = EDGE_CURVE('',#7284,#7293,#7301,.T.);
#7301 = LINE('',#7302,#7303);
#7302 = CARTESIAN_POINT('',(67.5,13.5,0.5));
#7303 = VECTOR('',#7304,1.);
#7304 = DIRECTION('',(-1.,0.,0.));
#7305 = PLANE('',#7306);
#7306 = AXIS2_PLACEMENT_3D('',#7307,#7308,#7309);
#7307 = CARTESIAN_POINT('',(67.5,13.75,0.75));
#7308 = DIRECTION('',(0.,0.707106781187,-0.707106781187));
#7309 = DIRECTION('',(1.,0.,0.));
#7310 = ADVANCED_FACE('',(#7311),#7329,.F.);
#7311 = FACE_BOUND('',#7312,.T.);
#7312 = EDGE_LOOP('',(#7313,#7321,#7322,#7323));
#7313 = ORIENTED_EDGE('',*,*,#7314,.F.);
#7314 = EDGE_CURVE('',#1848,#7315,#7317,.T.);
#7315 = VERTEX_POINT('',#7316);
#7316 = CARTESIAN_POINT('',(67.5,12.5,0.5));
#7317 = LINE('',#7318,#7319);
#7318 = CARTESIAN_POINT('',(58.5,21.5,-8.5));
#7319 = VECTOR('',#7320,1.);
#7320 = DIRECTION('',(-0.57735026919,0.57735026919,-0.57735026919));
#7321 = ORIENTED_EDGE('',*,*,#1847,.T.);
#7322 = ORIENTED_EDGE('',*,*,#7283,.T.);
#7323 = ORIENTED_EDGE('',*,*,#7324,.F.);
#7324 = EDGE_CURVE('',#7315,#7284,#7325,.T.);
#7325 = LINE('',#7326,#7327);
#7326 = CARTESIAN_POINT('',(67.5,12.5,0.5));
#7327 = VECTOR('',#7328,1.);
#7328 = DIRECTION('',(0.,1.,0.));
#7329 = PLANE('',#7330);
#7330 = AXIS2_PLACEMENT_3D('',#7331,#7332,#7333);
#7331 = CARTESIAN_POINT('',(67.75,12.5,0.75));
#7332 = DIRECTION('',(0.707106781187,0.,-0.707106781187));
#7333 = DIRECTION('',(-0.,-1.,-0.));
#7334 = ADVANCED_FACE('',(#7335),#7353,.F.);
#7335 = FACE_BOUND('',#7336,.T.);
#7336 = EDGE_LOOP('',(#7337,#7338,#7339,#7347));
#7337 = ORIENTED_EDGE('',*,*,#7292,.F.);
#7338 = ORIENTED_EDGE('',*,*,#1863,.T.);
#7339 = ORIENTED_EDGE('',*,*,#7340,.T.);
#7340 = EDGE_CURVE('',#1856,#7341,#7343,.T.);
#7341 = VERTEX_POINT('',#7342);
#7342 = CARTESIAN_POINT('',(12.5,12.5,0.5));
#7343 = LINE('',#7344,#7345);
#7344 = CARTESIAN_POINT('',(12.5,12.5,0.5));
#7345 = VECTOR('',#7346,1.);
#7346 = DIRECTION('',(0.57735026919,0.57735026919,-0.57735026919));
#7347 = ORIENTED_EDGE('',*,*,#7348,.F.);
#7348 = EDGE_CURVE('',#7293,#7341,#7349,.T.);
#7349 = LINE('',#7350,#7351);
#7350 = CARTESIAN_POINT('',(12.5,13.5,0.5));
#7351 = VECTOR('',#7352,1.);
#7352 = DIRECTION('',(0.,-1.,0.));
#7353 = PLANE('',#7354);
#7354 = AXIS2_PLACEMENT_3D('',#7355,#7356,#7357);
#7355 = CARTESIAN_POINT('',(12.25,13.5,0.75));
#7356 = DIRECTION('',(-0.707106781187,0.,-0.707106781187));
#7357 = DIRECTION('',(0.,1.,0.));
#7358 = ADVANCED_FACE('',(#7359),#7370,.F.);
#7359 = FACE_BOUND('',#7360,.T.);
#7360 = EDGE_LOOP('',(#7361,#7362,#7363,#7364));
#7361 = ORIENTED_EDGE('',*,*,#7340,.F.);
#7362 = ORIENTED_EDGE('',*,*,#1855,.T.);
#7363 = ORIENTED_EDGE('',*,*,#7314,.T.);
#7364 = ORIENTED_EDGE('',*,*,#7365,.F.);
#7365 = EDGE_CURVE('',#7341,#7315,#7366,.T.);
#7366 = LINE('',#7367,#7368);
#7367 = CARTESIAN_POINT('',(12.5,12.5,0.5));
#7368 = VECTOR('',#7369,1.);
#7369 = DIRECTION('',(1.,0.,0.));
#7370 = PLANE('',#7371);
#7371 = AXIS2_PLACEMENT_3D('',#7372,#7373,#7374);
#7372 = CARTESIAN_POINT('',(12.5,12.25,0.75));
#7373 = DIRECTION('',(0.,-0.707106781187,-0.707106781187));
#7374 = DIRECTION('',(-1.,-0.,-0.));
#7375 = ADVANCED_FACE('',(#7376),#7395,.F.);
#7376 = FACE_BOUND('',#7377,.T.);
#7377 = EDGE_LOOP('',(#7378,#7386,#7387,#7388));
#7378 = ORIENTED_EDGE('',*,*,#7379,.F.);
#7379 = EDGE_CURVE('',#1872,#7380,#7382,.T.);
#7380 = VERTEX_POINT('',#7381);
#7381 = CARTESIAN_POINT('',(68.,9.,0.5));
#7382 = LINE('',#7383,#7384);
#7383 = CARTESIAN_POINT('',(68.,9.,0.5));
#7384 = VECTOR('',#7385,1.);
#7385 = DIRECTION('',(-0.707106781187,-0.,-0.707106781187));
#7386 = ORIENTED_EDGE('',*,*,#1871,.T.);
#7387 = ORIENTED_EDGE('',*,*,#7379,.T.);
#7388 = ORIENTED_EDGE('',*,*,#7389,.F.);
#7389 = EDGE_CURVE('',#7380,#7380,#7390,.T.);
#7390 = CIRCLE('',#7391,1.);
#7391 = AXIS2_PLACEMENT_3D('',#7392,#7393,#7394);
#7392 = CARTESIAN_POINT('',(67.,9.,0.5));
#7393 = DIRECTION('',(0.,0.,1.));
#7394 = DIRECTION('',(1.,0.,0.));
#7395 = CONICAL_SURFACE('',#7396,1.,0.785398163397);
#7396 = AXIS2_PLACEMENT_3D('',#7397,#7398,#7399);
#7397 = CARTESIAN_POINT('',(67.,9.,0.5));
#7398 = DIRECTION('',(0.,0.,1.));
#7399 = DIRECTION('',(1.,0.,0.));
#7400 = ADVANCED_FACE('',(#7401),#7420,.F.);
#7401 = FACE_BOUND('',#7402,.T.);
#7402 = EDGE_LOOP('',(#7403,#7411,#7412,#7413));
#7403 = ORIENTED_EDGE('',*,*,#7404,.F.);
#7404 = EDGE_CURVE('',#1883,#7405,#7407,.T.);
#7405 = VERTEX_POINT('',#7406);
#7406 = CARTESIAN_POINT('',(14.,9.,0.5));
#7407 = LINE('',#7408,#7409);
#7408 = CARTESIAN_POINT('',(14.,9.,0.5));
#7409 = VECTOR('',#7410,1.);
#7410 = DIRECTION('',(-0.707106781187,-0.,-0.707106781187));
#7411 = ORIENTED_EDGE('',*,*,#1882,.T.);
#7412 = ORIENTED_EDGE('',*,*,#7404,.T.);
#7413 = ORIENTED_EDGE('',*,*,#7414,.F.);
#7414 = EDGE_CURVE('',#7405,#7405,#7415,.T.);
#7415 = CIRCLE('',#7416,1.);
#7416 = AXIS2_PLACEMENT_3D('',#7417,#7418,#7419);
#7417 = CARTESIAN_POINT('',(13.,9.,0.5));
#7418 = DIRECTION('',(0.,0.,1.));
#7419 = DIRECTION('',(1.,0.,0.));
#7420 = CONICAL_SURFACE('',#7421,1.,0.785398163397);
#7421 = AXIS2_PLACEMENT_3D('',#7422,#7423,#7424);
#7422 = CARTESIAN_POINT('',(13.,9.,0.5));
#7423 = DIRECTION('',(0.,0.,1.));
#7424 = DIRECTION('',(1.,0.,0.));
#7425 = ADVANCED_FACE('',(#7426),#7451,.T.);
#7426 = FACE_BOUND('',#7427,.T.);
#7427 = EDGE_LOOP('',(#7428,#7436,#7437,#7445));
#7428 = ORIENTED_EDGE('',*,*,#7429,.F.);
#7429 = EDGE_CURVE('',#1909,#7430,#7432,.T.);
#7430 = VERTEX_POINT('',#7431);
#7431 = CARTESIAN_POINT('',(39.5,8.5,0.));
#7432 = LINE('',#7433,#7434);
#7433 = CARTESIAN_POINT('',(39.5,8.5,1.));
#7434 = VECTOR('',#7435,1.);
#7435 = DIRECTION('',(-0.,-0.,-1.));
#7436 = ORIENTED_EDGE('',*,*,#1916,.F.);
#7437 = ORIENTED_EDGE('',*,*,#7438,.T.);
#7438 = EDGE_CURVE('',#1900,#7439,#7441,.T.);
#7439 = VERTEX_POINT('',#7440);
#7440 = CARTESIAN_POINT('',(39.5,5.5,0.));
#7441 = LINE('',#7442,#7443);
#7442 = CARTESIAN_POINT('',(39.5,5.5,1.));
#7443 = VECTOR('',#7444,1.);
#7444 = DIRECTION('',(-0.,-0.,-1.));
#7445 = ORIENTED_EDGE('',*,*,#7446,.F.);
#7446 = EDGE_CURVE('',#7430,#7439,#7447,.T.);
#7447 = LINE('',#7448,#7449);
#7448 = CARTESIAN_POINT('',(39.5,57.75,0.));
#7449 = VECTOR('',#7450,1.);
#7450 = DIRECTION('',(0.,-1.,0.));
#7451 = PLANE('',#7452);
#7452 = AXIS2_PLACEMENT_3D('',#7453,#7454,#7455);
#7453 = CARTESIAN_POINT('',(39.5,5.5,1.));
#7454 = DIRECTION('',(1.,0.,0.));
#7455 = DIRECTION('',(0.,1.,0.));
#7456 = ADVANCED_FACE('',(#7457),#7475,.T.);
#7457 = FACE_BOUND('',#7458,.T.);
#7458 = EDGE_LOOP('',(#7459,#7460,#7461,#7469));
#7459 = ORIENTED_EDGE('',*,*,#7438,.F.);
#7460 = ORIENTED_EDGE('',*,*,#1940,.F.);
#7461 = ORIENTED_EDGE('',*,*,#7462,.T.);
#7462 = EDGE_CURVE('',#1931,#7463,#7465,.T.);
#7463 = VERTEX_POINT('',#7464);
#7464 = CARTESIAN_POINT('',(40.5,5.5,0.));
#7465 = LINE('',#7466,#7467);
#7466 = CARTESIAN_POINT('',(40.5,5.5,1.));
#7467 = VECTOR('',#7468,1.);
#7468 = DIRECTION('',(-0.,-0.,-1.));
#7469 = ORIENTED_EDGE('',*,*,#7470,.F.);
#7470 = EDGE_CURVE('',#7439,#7463,#7471,.T.);
#7471 = LINE('',#7472,#7473);
#7472 = CARTESIAN_POINT('',(40.25,5.5,0.));
#7473 = VECTOR('',#7474,1.);
#7474 = DIRECTION('',(1.,0.,0.));
#7475 = PLANE('',#7476);
#7476 = AXIS2_PLACEMENT_3D('',#7477,#7478,#7479);
#7477 = CARTESIAN_POINT('',(40.5,5.5,1.));
#7478 = DIRECTION('',(0.,1.,0.));
#7479 = DIRECTION('',(-1.,0.,0.));
#7480 = ADVANCED_FACE('',(#7481),#7499,.T.);
#7481 = FACE_BOUND('',#7482,.T.);
#7482 = EDGE_LOOP('',(#7483,#7491,#7492,#7493));
#7483 = ORIENTED_EDGE('',*,*,#7484,.F.);
#7484 = EDGE_CURVE('',#1957,#7485,#7487,.T.);
#7485 = VERTEX_POINT('',#7486);
#7486 = CARTESIAN_POINT('',(38.43933982822,7.43933982822,0.));
#7487 = LINE('',#7488,#7489);
#7488 = CARTESIAN_POINT('',(38.43933982822,7.43933982822,1.));
#7489 = VECTOR('',#7490,1.);
#7490 = DIRECTION('',(-0.,-0.,-1.));
#7491 = ORIENTED_EDGE('',*,*,#1964,.F.);
#7492 = ORIENTED_EDGE('',*,*,#7429,.T.);
#7493 = ORIENTED_EDGE('',*,*,#7494,.F.);
#7494 = EDGE_CURVE('',#7485,#7430,#7495,.T.);
#7495 = LINE('',#7496,#7497);
#7496 = CARTESIAN_POINT('',(65.,34.,-1.1E-16));
#7497 = VECTOR('',#7498,1.);
#7498 = DIRECTION('',(0.707106781187,0.707106781187,0.));
#7499 = PLANE('',#7500);
#7500 = AXIS2_PLACEMENT_3D('',#7501,#7502,#7503);
#7501 = CARTESIAN_POINT('',(39.5,8.5,1.));
#7502 = DIRECTION('',(-0.707106781187,0.707106781187,0.));
#7503 = DIRECTION('',(-0.707106781187,-0.707106781187,0.));
#7504 = ADVANCED_FACE('',(#7505),#7523,.T.);
#7505 = FACE_BOUND('',#7506,.T.);
#7506 = EDGE_LOOP('',(#7507,#7508,#7509,#7517));
#7507 = ORIENTED_EDGE('',*,*,#7462,.F.);
#7508 = ORIENTED_EDGE('',*,*,#1988,.F.);
#7509 = ORIENTED_EDGE('',*,*,#7510,.T.);
#7510 = EDGE_CURVE('',#1979,#7511,#7513,.T.);
#7511 = VERTEX_POINT('',#7512);
#7512 = CARTESIAN_POINT('',(40.5,8.5,0.));
#7513 = LINE('',#7514,#7515);
#7514 = CARTESIAN_POINT('',(40.5,8.5,1.));
#7515 = VECTOR('',#7516,1.);
#7516 = DIRECTION('',(-0.,-0.,-1.));
#7517 = ORIENTED_EDGE('',*,*,#7518,.F.);
#7518 = EDGE_CURVE('',#7463,#7511,#7519,.T.);
#7519 = LINE('',#7520,#7521);
#7520 = CARTESIAN_POINT('',(40.5,59.25,0.));
#7521 = VECTOR('',#7522,1.);
#7522 = DIRECTION('',(0.,1.,0.));
#7523 = PLANE('',#7524);
#7524 = AXIS2_PLACEMENT_3D('',#7525,#7526,#7527);
#7525 = CARTESIAN_POINT('',(40.5,8.5,1.));
#7526 = DIRECTION('',(-1.,0.,0.));
#7527 = DIRECTION('',(0.,-1.,0.));
#7528 = ADVANCED_FACE('',(#7529),#7547,.T.);
#7529 = FACE_BOUND('',#7530,.T.);
#7530 = EDGE_LOOP('',(#7531,#7539,#7540,#7541));
#7531 = ORIENTED_EDGE('',*,*,#7532,.F.);
#7532 = EDGE_CURVE('',#2005,#7533,#7535,.T.);
#7533 = VERTEX_POINT('',#7534);
#7534 = CARTESIAN_POINT('',(37.719267315689,8.133238651318,0.));
#7535 = LINE('',#7536,#7537);
#7536 = CARTESIAN_POINT('',(37.719267315689,8.133238651318,1.));
#7537 = VECTOR('',#7538,1.);
#7538 = DIRECTION('',(-0.,-0.,-1.));
#7539 = ORIENTED_EDGE('',*,*,#2012,.F.);
#7540 = ORIENTED_EDGE('',*,*,#7484,.T.);
#7541 = ORIENTED_EDGE('',*,*,#7542,.F.);
#7542 = EDGE_CURVE('',#7533,#7485,#7543,.T.);
#7543 = LINE('',#7544,#7545);
#7544 = CARTESIAN_POINT('',(13.221344489666,31.740694180437,0.));
#7545 = VECTOR('',#7546,1.);
#7546 = DIRECTION('',(0.720072512531,-0.693898823098,0.));
#7547 = PLANE('',#7548);
#7548 = AXIS2_PLACEMENT_3D('',#7549,#7550,#7551);
#7549 = CARTESIAN_POINT('',(38.43933982822,7.43933982822,1.));
#7550 = DIRECTION('',(0.693898823098,0.720072512531,0.));
#7551 = DIRECTION('',(-0.720072512531,0.693898823098,0.));
#7552 = ADVANCED_FACE('',(#7553),#7571,.T.);
#7553 = FACE_BOUND('',#7554,.T.);
#7554 = EDGE_LOOP('',(#7555,#7556,#7557,#7565));
#7555 = ORIENTED_EDGE('',*,*,#7510,.F.);
#7556 = ORIENTED_EDGE('',*,*,#2036,.F.);
#7557 = ORIENTED_EDGE('',*,*,#7558,.T.);
#7558 = EDGE_CURVE('',#2027,#7559,#7561,.T.);
#7559 = VERTEX_POINT('',#7560);
#7560 = CARTESIAN_POINT('',(41.56066017178,7.43933982822,0.));
#7561 = LINE('',#7562,#7563);
#7562 = CARTESIAN_POINT('',(41.56066017178,7.43933982822,1.));
#7563 = VECTOR('',#7564,1.);
#7564 = DIRECTION('',(-0.,-0.,-1.));
#7565 = ORIENTED_EDGE('',*,*,#7566,.F.);
#7566 = EDGE_CURVE('',#7511,#7559,#7567,.T.);
#7567 = LINE('',#7568,#7569);
#7568 = CARTESIAN_POINT('',(15.53033008589,33.46966991411,-1.1E-16));
#7569 = VECTOR('',#7570,1.);
#7570 = DIRECTION('',(0.707106781187,-0.707106781187,0.));
#7571 = PLANE('',#7572);
#7572 = AXIS2_PLACEMENT_3D('',#7573,#7574,#7575);
#7573 = CARTESIAN_POINT('',(41.56066017178,7.43933982822,1.));
#7574 = DIRECTION('',(0.707106781187,0.707106781187,0.));
#7575 = DIRECTION('',(-0.707106781187,0.707106781187,0.));
#7576 = ADVANCED_FACE('',(#7577),#7595,.T.);
#7577 = FACE_BOUND('',#7578,.T.);
#7578 = EDGE_LOOP('',(#7579,#7587,#7588,#7589));
#7579 = ORIENTED_EDGE('',*,*,#7580,.F.);
#7580 = EDGE_CURVE('',#2053,#7581,#7583,.T.);
#7581 = VERTEX_POINT('',#7582);
#7582 = CARTESIAN_POINT('',(40.,10.5,0.));
#7583 = LINE('',#7584,#7585);
#7584 = CARTESIAN_POINT('',(40.,10.5,1.));
#7585 = VECTOR('',#7586,1.);
#7586 = DIRECTION('',(-0.,-0.,-1.));
#7587 = ORIENTED_EDGE('',*,*,#2060,.F.);
#7588 = ORIENTED_EDGE('',*,*,#7532,.T.);
#7589 = ORIENTED_EDGE('',*,*,#7590,.F.);
#7590 = EDGE_CURVE('',#7581,#7533,#7591,.T.);
#7591 = LINE('',#7592,#7593);
#7592 = CARTESIAN_POINT('',(63.717592740133,35.112214384991,0.));
#7593 = VECTOR('',#7594,1.);
#7594 = DIRECTION('',(-0.693898823098,-0.720072512531,0.));
#7595 = PLANE('',#7596);
#7596 = AXIS2_PLACEMENT_3D('',#7597,#7598,#7599);
#7597 = CARTESIAN_POINT('',(37.719267315689,8.133238651318,1.));
#7598 = DIRECTION('',(0.720072512531,-0.693898823098,0.));
#7599 = DIRECTION('',(0.693898823098,0.720072512531,0.));
#7600 = ADVANCED_FACE('',(#7601),#7619,.T.);
#7601 = FACE_BOUND('',#7602,.T.);
#7602 = EDGE_LOOP('',(#7603,#7604,#7605,#7613));
#7603 = ORIENTED_EDGE('',*,*,#7558,.F.);
#7604 = ORIENTED_EDGE('',*,*,#2084,.F.);
#7605 = ORIENTED_EDGE('',*,*,#7606,.T.);
#7606 = EDGE_CURVE('',#2075,#7607,#7609,.T.);
#7607 = VERTEX_POINT('',#7608);
#7608 = CARTESIAN_POINT('',(42.280732684311,8.133238651318,0.));
#7609 = LINE('',#7610,#7611);
#7610 = CARTESIAN_POINT('',(42.280732684311,8.133238651318,1.));
#7611 = VECTOR('',#7612,1.);
#7612 = DIRECTION('',(-0.,-0.,-1.));
#7613 = ORIENTED_EDGE('',*,*,#7614,.F.);
#7614 = EDGE_CURVE('',#7559,#7607,#7615,.T.);
#7615 = LINE('',#7616,#7617);
#7616 = CARTESIAN_POINT('',(67.1386917666,32.087643591986,0.));
#7617 = VECTOR('',#7618,1.);
#7618 = DIRECTION('',(0.720072512531,0.693898823098,0.));
#7619 = PLANE('',#7620);
#7620 = AXIS2_PLACEMENT_3D('',#7621,#7622,#7623);
#7621 = CARTESIAN_POINT('',(42.280732684311,8.133238651318,1.));
#7622 = DIRECTION('',(-0.693898823098,0.720072512531,0.));
#7623 = DIRECTION('',(-0.720072512531,-0.693898823098,0.));
#7624 = ADVANCED_FACE('',(#7625),#7636,.T.);
#7625 = FACE_BOUND('',#7626,.T.);
#7626 = EDGE_LOOP('',(#7627,#7628,#7629,#7630));
#7627 = ORIENTED_EDGE('',*,*,#7606,.F.);
#7628 = ORIENTED_EDGE('',*,*,#2101,.F.);
#7629 = ORIENTED_EDGE('',*,*,#7580,.T.);
#7630 = ORIENTED_EDGE('',*,*,#7631,.F.);
#7631 = EDGE_CURVE('',#7607,#7581,#7632,.T.);
#7632 = LINE('',#7633,#7634);
#7633 = CARTESIAN_POINT('',(15.142040917711,36.295595059332,0.));
#7634 = VECTOR('',#7635,1.);
#7635 = DIRECTION('',(-0.693898823098,0.720072512531,0.));
#7636 = PLANE('',#7637);
#7637 = AXIS2_PLACEMENT_3D('',#7638,#7639,#7640);
#7638 = CARTESIAN_POINT('',(40.,10.5,1.));
#7639 = DIRECTION('',(-0.720072512531,-0.693898823098,0.));
#7640 = DIRECTION('',(0.693898823098,-0.720072512531,0.));
#7641 = ADVANCED_FACE('',(#7642),#7667,.F.);
#7642 = FACE_BOUND('',#7643,.F.);
#7643 = EDGE_LOOP('',(#7644,#7652,#7653,#7661));
#7644 = ORIENTED_EDGE('',*,*,#7645,.F.);
#7645 = EDGE_CURVE('',#2125,#7646,#7648,.T.);
#7646 = VERTEX_POINT('',#7647);
#7647 = CARTESIAN_POINT('',(39.5,51.5,0.));
#7648 = LINE('',#7649,#7650);
#7649 = CARTESIAN_POINT('',(39.5,51.5,1.));
#7650 = VECTOR('',#7651,1.);
#7651 = DIRECTION('',(-0.,-0.,-1.));
#7652 = ORIENTED_EDGE('',*,*,#2132,.F.);
#7653 = ORIENTED_EDGE('',*,*,#7654,.T.);
#7654 = EDGE_CURVE('',#2116,#7655,#7657,.T.);
#7655 = VERTEX_POINT('',#7656);
#7656 = CARTESIAN_POINT('',(39.5,54.5,0.));
#7657 = LINE('',#7658,#7659);
#7658 = CARTESIAN_POINT('',(39.5,54.5,1.));
#7659 = VECTOR('',#7660,1.);
#7660 = DIRECTION('',(-0.,-0.,-1.));
#7661 = ORIENTED_EDGE('',*,*,#7662,.F.);
#7662 = EDGE_CURVE('',#7646,#7655,#7663,.T.);
#7663 = LINE('',#7664,#7665);
#7664 = CARTESIAN_POINT('',(39.5,82.25,0.));
#7665 = VECTOR('',#7666,1.);
#7666 = DIRECTION('',(0.,1.,0.));
#7667 = PLANE('',#7668);
#7668 = AXIS2_PLACEMENT_3D('',#7669,#7670,#7671);
#7669 = CARTESIAN_POINT('',(39.5,54.5,1.));
#7670 = DIRECTION('',(-1.,0.,0.));
#7671 = DIRECTION('',(0.,-1.,0.));
#7672 = ADVANCED_FACE('',(#7673),#7691,.F.);
#7673 = FACE_BOUND('',#7674,.F.);
#7674 = EDGE_LOOP('',(#7675,#7676,#7677,#7685));
#7675 = ORIENTED_EDGE('',*,*,#7654,.F.);
#7676 = ORIENTED_EDGE('',*,*,#2156,.F.);
#7677 = ORIENTED_EDGE('',*,*,#7678,.T.);
#7678 = EDGE_CURVE('',#2147,#7679,#7681,.T.);
#7679 = VERTEX_POINT('',#7680);
#7680 = CARTESIAN_POINT('',(40.5,54.5,0.));
#7681 = LINE('',#7682,#7683);
#7682 = CARTESIAN_POINT('',(40.5,54.5,1.));
#7683 = VECTOR('',#7684,1.);
#7684 = DIRECTION('',(-0.,-0.,-1.));
#7685 = ORIENTED_EDGE('',*,*,#7686,.F.);
#7686 = EDGE_CURVE('',#7655,#7679,#7687,.T.);
#7687 = LINE('',#7688,#7689);
#7688 = CARTESIAN_POINT('',(40.25,54.5,0.));
#7689 = VECTOR('',#7690,1.);
#7690 = DIRECTION('',(1.,0.,0.));
#7691 = PLANE('',#7692);
#7692 = AXIS2_PLACEMENT_3D('',#7693,#7694,#7695);
#7693 = CARTESIAN_POINT('',(40.5,54.5,1.));
#7694 = DIRECTION('',(0.,1.,0.));
#7695 = DIRECTION('',(-1.,0.,0.));
#7696 = ADVANCED_FACE('',(#7697),#7715,.F.);
#7697 = FACE_BOUND('',#7698,.F.);
#7698 = EDGE_LOOP('',(#7699,#7707,#7708,#7709));
#7699 = ORIENTED_EDGE('',*,*,#7700,.F.);
#7700 = EDGE_CURVE('',#2173,#7701,#7703,.T.);
#7701 = VERTEX_POINT('',#7702);
#7702 = CARTESIAN_POINT('',(38.43933982822,52.56066017178,0.));
#7703 = LINE('',#7704,#7705);
#7704 = CARTESIAN_POINT('',(38.43933982822,52.56066017178,1.));
#7705 = VECTOR('',#7706,1.);
#7706 = DIRECTION('',(-0.,-0.,-1.));
#7707 = ORIENTED_EDGE('',*,*,#2180,.F.);
#7708 = ORIENTED_EDGE('',*,*,#7645,.T.);
#7709 = ORIENTED_EDGE('',*,*,#7710,.F.);
#7710 = EDGE_CURVE('',#7701,#7646,#7711,.T.);
#7711 = LINE('',#7712,#7713);
#7712 = CARTESIAN_POINT('',(25.,66.,-1.1E-16));
#7713 = VECTOR('',#7714,1.);
#7714 = DIRECTION('',(0.707106781187,-0.707106781187,0.));
#7715 = PLANE('',#7716);
#7716 = AXIS2_PLACEMENT_3D('',#7717,#7718,#7719);
#7717 = CARTESIAN_POINT('',(39.5,51.5,1.));
#7718 = DIRECTION('',(0.707106781187,0.707106781187,0.));
#7719 = DIRECTION('',(-0.707106781187,0.707106781187,0.));
#7720 = ADVANCED_FACE('',(#7721),#7739,.F.);
#7721 = FACE_BOUND('',#7722,.F.);
#7722 = EDGE_LOOP('',(#7723,#7724,#7725,#7733));
#7723 = ORIENTED_EDGE('',*,*,#7678,.F.);
#7724 = ORIENTED_EDGE('',*,*,#2204,.F.);
#7725 = ORIENTED_EDGE('',*,*,#7726,.T.);
#7726 = EDGE_CURVE('',#2195,#7727,#7729,.T.);
#7727 = VERTEX_POINT('',#7728);
#7728 = CARTESIAN_POINT('',(40.5,51.5,0.));
#7729 = LINE('',#7730,#7731);
#7730 = CARTESIAN_POINT('',(40.5,51.5,1.));
#7731 = VECTOR('',#7732,1.);
#7732 = DIRECTION('',(-0.,-0.,-1.));
#7733 = ORIENTED_EDGE('',*,*,#7734,.F.);
#7734 = EDGE_CURVE('',#7679,#7727,#7735,.T.);
#7735 = LINE('',#7736,#7737);
#7736 = CARTESIAN_POINT('',(40.5,80.75,0.));
#7737 = VECTOR('',#7738,1.);
#7738 = DIRECTION('',(0.,-1.,0.));
#7739 = PLANE('',#7740);
#7740 = AXIS2_PLACEMENT_3D('',#7741,#7742,#7743);
#7741 = CARTESIAN_POINT('',(40.5,51.5,1.));
#7742 = DIRECTION('',(1.,0.,0.));
#7743 = DIRECTION('',(0.,1.,0.));
#7744 = ADVANCED_FACE('',(#7745),#7763,.F.);
#7745 = FACE_BOUND('',#7746,.F.);
#7746 = EDGE_LOOP('',(#7747,#7755,#7756,#7757));
#7747 = ORIENTED_EDGE('',*,*,#7748,.F.);
#7748 = EDGE_CURVE('',#2221,#7749,#7751,.T.);
#7749 = VERTEX_POINT('',#7750);
#7750 = CARTESIAN_POINT('',(37.719267315689,51.866761348682,0.));
#7751 = LINE('',#7752,#7753);
#7752 = CARTESIAN_POINT('',(37.719267315689,51.866761348682,1.));
#7753 = VECTOR('',#7754,1.);
#7754 = DIRECTION('',(-0.,-0.,-1.));
#7755 = ORIENTED_EDGE('',*,*,#2228,.F.);
#7756 = ORIENTED_EDGE('',*,*,#7700,.T.);
#7757 = ORIENTED_EDGE('',*,*,#7758,.F.);
#7758 = EDGE_CURVE('',#7749,#7701,#7759,.T.);
#7759 = LINE('',#7760,#7761);
#7760 = CARTESIAN_POINT('',(53.193942008924,66.778951955311,0.));
#7761 = VECTOR('',#7762,1.);
#7762 = DIRECTION('',(0.720072512531,0.693898823098,0.));
#7763 = PLANE('',#7764);
#7764 = AXIS2_PLACEMENT_3D('',#7765,#7766,#7767);
#7765 = CARTESIAN_POINT('',(38.43933982822,52.56066017178,1.));
#7766 = DIRECTION('',(-0.693898823098,0.720072512531,0.));
#7767 = DIRECTION('',(-0.720072512531,-0.693898823098,0.));
#7768 = ADVANCED_FACE('',(#7769),#7787,.F.);
#7769 = FACE_BOUND('',#7770,.F.);
#7770 = EDGE_LOOP('',(#7771,#7772,#7773,#7781));
#7771 = ORIENTED_EDGE('',*,*,#7726,.F.);
#7772 = ORIENTED_EDGE('',*,*,#2252,.F.);
#7773 = ORIENTED_EDGE('',*,*,#7774,.T.);
#7774 = EDGE_CURVE('',#2243,#7775,#7777,.T.);
#7775 = VERTEX_POINT('',#7776);
#7776 = CARTESIAN_POINT('',(41.56066017178,52.56066017178,0.));
#7777 = LINE('',#7778,#7779);
#7778 = CARTESIAN_POINT('',(41.56066017178,52.56066017178,1.));
#7779 = VECTOR('',#7780,1.);
#7780 = DIRECTION('',(-0.,-0.,-1.));
#7781 = ORIENTED_EDGE('',*,*,#7782,.F.);
#7782 = EDGE_CURVE('',#7727,#7775,#7783,.T.);
#7783 = LINE('',#7784,#7785);
#7784 = CARTESIAN_POINT('',(55.53033008589,66.53033008589,-1.1E-16));
#7785 = VECTOR('',#7786,1.);
#7786 = DIRECTION('',(0.707106781187,0.707106781187,0.));
#7787 = PLANE('',#7788);
#7788 = AXIS2_PLACEMENT_3D('',#7789,#7790,#7791);
#7789 = CARTESIAN_POINT('',(41.56066017178,52.56066017178,1.));
#7790 = DIRECTION('',(-0.707106781187,0.707106781187,0.));
#7791 = DIRECTION('',(-0.707106781187,-0.707106781187,0.));
#7792 = ADVANCED_FACE('',(#7793),#7811,.F.);
#7793 = FACE_BOUND('',#7794,.F.);
#7794 = EDGE_LOOP('',(#7795,#7803,#7804,#7805));
#7795 = ORIENTED_EDGE('',*,*,#7796,.F.);
#7796 = EDGE_CURVE('',#2269,#7797,#7799,.T.);
#7797 = VERTEX_POINT('',#7798);
#7798 = CARTESIAN_POINT('',(40.,49.5,0.));
#7799 = LINE('',#7800,#7801);
#7800 = CARTESIAN_POINT('',(40.,49.5,1.));
#7801 = VECTOR('',#7802,1.);
#7802 = DIRECTION('',(-0.,-0.,-1.));
#7803 = ORIENTED_EDGE('',*,*,#2276,.F.);
#7804 = ORIENTED_EDGE('',*,*,#7748,.T.);
#7805 = ORIENTED_EDGE('',*,*,#7806,.F.);
#7806 = EDGE_CURVE('',#7797,#7749,#7807,.T.);
#7807 = LINE('',#7808,#7809);
#7808 = CARTESIAN_POINT('',(23.744995220875,66.36813947926,-1.1E-16));
#7809 = VECTOR('',#7810,1.);
#7810 = DIRECTION('',(-0.693898823098,0.720072512531,0.));
#7811 = PLANE('',#7812);
#7812 = AXIS2_PLACEMENT_3D('',#7813,#7814,#7815);
#7813 = CARTESIAN_POINT('',(37.719267315689,51.866761348682,1.));
#7814 = DIRECTION('',(-0.720072512531,-0.693898823098,0.));
#7815 = DIRECTION('',(0.693898823098,-0.720072512531,0.));
#7816 = ADVANCED_FACE('',(#7817),#7835,.F.);
#7817 = FACE_BOUND('',#7818,.F.);
#7818 = EDGE_LOOP('',(#7819,#7820,#7821,#7829));
#7819 = ORIENTED_EDGE('',*,*,#7774,.F.);
#7820 = ORIENTED_EDGE('',*,*,#2300,.F.);
#7821 = ORIENTED_EDGE('',*,*,#7822,.T.);
#7822 = EDGE_CURVE('',#2291,#7823,#7825,.T.);
#7823 = VERTEX_POINT('',#7824);
#7824 = CARTESIAN_POINT('',(42.280732684311,51.866761348682,0.));
#7825 = LINE('',#7826,#7827);
#7826 = CARTESIAN_POINT('',(42.280732684311,51.866761348682,1.));
#7827 = VECTOR('',#7828,1.);
#7828 = DIRECTION('',(-0.,-0.,-1.));
#7829 = ORIENTED_EDGE('',*,*,#7830,.F.);
#7830 = EDGE_CURVE('',#7775,#7823,#7831,.T.);
#7831 = LINE('',#7832,#7833);
#7832 = CARTESIAN_POINT('',(27.166094247342,66.432002543762,0.));
#7833 = VECTOR('',#7834,1.);
#7834 = DIRECTION('',(0.720072512531,-0.693898823098,0.));
#7835 = PLANE('',#7836);
#7836 = AXIS2_PLACEMENT_3D('',#7837,#7838,#7839);
#7837 = CARTESIAN_POINT('',(42.280732684311,51.866761348682,1.));
#7838 = DIRECTION('',(0.693898823098,0.720072512531,0.));
#7839 = DIRECTION('',(-0.720072512531,0.693898823098,0.));
#7840 = ADVANCED_FACE('',(#7841),#7852,.F.);
#7841 = FACE_BOUND('',#7842,.F.);
#7842 = EDGE_LOOP('',(#7843,#7844,#7845,#7846));
#7843 = ORIENTED_EDGE('',*,*,#7822,.F.);
#7844 = ORIENTED_EDGE('',*,*,#2317,.F.);
#7845 = ORIENTED_EDGE('',*,*,#7796,.T.);
#7846 = ORIENTED_EDGE('',*,*,#7847,.F.);
#7847 = EDGE_CURVE('',#7823,#7797,#7848,.T.);
#7848 = LINE('',#7849,#7850);
#7849 = CARTESIAN_POINT('',(55.114638436969,65.18475880492,-1.1E-16));
#7850 = VECTOR('',#7851,1.);
#7851 = DIRECTION('',(-0.693898823098,-0.720072512531,0.));
#7852 = PLANE('',#7853);
#7853 = AXIS2_PLACEMENT_3D('',#7854,#7855,#7856);
#7854 = CARTESIAN_POINT('',(40.,49.5,1.));
#7855 = DIRECTION('',(0.720072512531,-0.693898823098,0.));
#7856 = DIRECTION('',(0.693898823098,0.720072512531,0.));
#7857 = ADVANCED_FACE('',(#7858),#7883,.F.);
#7858 = FACE_BOUND('',#7859,.F.);
#7859 = EDGE_LOOP('',(#7860,#7868,#7869,#7877));
#7860 = ORIENTED_EDGE('',*,*,#7861,.F.);
#7861 = EDGE_CURVE('',#2341,#7862,#7864,.T.);
#7862 = VERTEX_POINT('',#7863);
#7863 = CARTESIAN_POINT('',(39.5,159.5,0.));
#7864 = LINE('',#7865,#7866);
#7865 = CARTESIAN_POINT('',(39.5,159.5,1.));
#7866 = VECTOR('',#7867,1.);
#7867 = DIRECTION('',(-0.,-0.,-1.));
#7868 = ORIENTED_EDGE('',*,*,#2348,.F.);
#7869 = ORIENTED_EDGE('',*,*,#7870,.T.);
#7870 = EDGE_CURVE('',#2332,#7871,#7873,.T.);
#7871 = VERTEX_POINT('',#7872);
#7872 = CARTESIAN_POINT('',(39.5,162.5,0.));
#7873 = LINE('',#7874,#7875);
#7874 = CARTESIAN_POINT('',(39.5,162.5,1.));
#7875 = VECTOR('',#7876,1.);
#7876 = DIRECTION('',(-0.,-0.,-1.));
#7877 = ORIENTED_EDGE('',*,*,#7878,.F.);
#7878 = EDGE_CURVE('',#7862,#7871,#7879,.T.);
#7879 = LINE('',#7880,#7881);
#7880 = CARTESIAN_POINT('',(39.5,136.25,0.));
#7881 = VECTOR('',#7882,1.);
#7882 = DIRECTION('',(0.,1.,0.));
#7883 = PLANE('',#7884);
#7884 = AXIS2_PLACEMENT_3D('',#7885,#7886,#7887);
#7885 = CARTESIAN_POINT('',(39.5,162.5,1.));
#7886 = DIRECTION('',(-1.,0.,0.));
#7887 = DIRECTION('',(0.,-1.,0.));
#7888 = ADVANCED_FACE('',(#7889),#7907,.F.);
#7889 = FACE_BOUND('',#7890,.F.);
#7890 = EDGE_LOOP('',(#7891,#7892,#7893,#7901));
#7891 = ORIENTED_EDGE('',*,*,#7870,.F.);
#7892 = ORIENTED_EDGE('',*,*,#2372,.F.);
#7893 = ORIENTED_EDGE('',*,*,#7894,.T.);
#7894 = EDGE_CURVE('',#2363,#7895,#7897,.T.);
#7895 = VERTEX_POINT('',#7896);
#7896 = CARTESIAN_POINT('',(38.43933982822,161.43933982822,0.));
#7897 = LINE('',#7898,#7899);
#7898 = CARTESIAN_POINT('',(38.43933982822,161.43933982822,1.));
#7899 = VECTOR('',#7900,1.);
#7900 = DIRECTION('',(-0.,-0.,-1.));
#7901 = ORIENTED_EDGE('',*,*,#7902,.F.);
#7902 = EDGE_CURVE('',#7871,#7895,#7903,.T.);
#7903 = LINE('',#7904,#7905);
#7904 = CARTESIAN_POINT('',(25.96966991411,148.96966991411,0.));
#7905 = VECTOR('',#7906,1.);
#7906 = DIRECTION('',(-0.707106781187,-0.707106781187,0.));
#7907 = PLANE('',#7908);
#7908 = AXIS2_PLACEMENT_3D('',#7909,#7910,#7911);
#7909 = CARTESIAN_POINT('',(38.43933982822,161.43933982822,1.));
#7910 = DIRECTION('',(0.707106781187,-0.707106781187,0.));
#7911 = DIRECTION('',(0.707106781187,0.707106781187,0.));
#7912 = ADVANCED_FACE('',(#7913),#7931,.F.);
#7913 = FACE_BOUND('',#7914,.F.);
#7914 = EDGE_LOOP('',(#7915,#7923,#7924,#7925));
#7915 = ORIENTED_EDGE('',*,*,#7916,.F.);
#7916 = EDGE_CURVE('',#2389,#7917,#7919,.T.);
#7917 = VERTEX_POINT('',#7918);
#7918 = CARTESIAN_POINT('',(40.5,159.5,0.));
#7919 = LINE('',#7920,#7921);
#7920 = CARTESIAN_POINT('',(40.5,159.5,1.));
#7921 = VECTOR('',#7922,1.);
#7922 = DIRECTION('',(-0.,-0.,-1.));
#7923 = ORIENTED_EDGE('',*,*,#2396,.F.);
#7924 = ORIENTED_EDGE('',*,*,#7861,.T.);
#7925 = ORIENTED_EDGE('',*,*,#7926,.F.);
#7926 = EDGE_CURVE('',#7917,#7862,#7927,.T.);
#7927 = LINE('',#7928,#7929);
#7928 = CARTESIAN_POINT('',(39.75,159.5,0.));
#7929 = VECTOR('',#7930,1.);
#7930 = DIRECTION('',(-1.,0.,0.));
#7931 = PLANE('',#7932);
#7932 = AXIS2_PLACEMENT_3D('',#7933,#7934,#7935);
#7933 = CARTESIAN_POINT('',(39.5,159.5,1.));
#7934 = DIRECTION('',(0.,-1.,0.));
#7935 = DIRECTION('',(1.,0.,0.));
#7936 = ADVANCED_FACE('',(#7937),#7955,.F.);
#7937 = FACE_BOUND('',#7938,.F.);
#7938 = EDGE_LOOP('',(#7939,#7940,#7941,#7949));
#7939 = ORIENTED_EDGE('',*,*,#7894,.F.);
#7940 = ORIENTED_EDGE('',*,*,#2420,.F.);
#7941 = ORIENTED_EDGE('',*,*,#7942,.T.);
#7942 = EDGE_CURVE('',#2411,#7943,#7945,.T.);
#7943 = VERTEX_POINT('',#7944);
#7944 = CARTESIAN_POINT('',(37.719267315689,162.13323865131,0.));
#7945 = LINE('',#7946,#7947);
#7946 = CARTESIAN_POINT('',(37.719267315689,162.13323865131,1.));
#7947 = VECTOR('',#7948,1.);
#7948 = DIRECTION('',(-0.,-0.,-1.));
#7949 = ORIENTED_EDGE('',*,*,#7950,.F.);
#7950 = EDGE_CURVE('',#7895,#7943,#7951,.T.);
#7951 = LINE('',#7952,#7953);
#7952 = CARTESIAN_POINT('',(51.334933345686,149.01248418633,0.));
#7953 = VECTOR('',#7954,1.);
#7954 = DIRECTION('',(-0.720072512531,0.693898823098,0.));
#7955 = PLANE('',#7956);
#7956 = AXIS2_PLACEMENT_3D('',#7957,#7958,#7959);
#7957 = CARTESIAN_POINT('',(37.719267315689,162.13323865131,1.));
#7958 = DIRECTION('',(-0.693898823098,-0.720072512531,0.));
#7959 = DIRECTION('',(0.720072512531,-0.693898823098,0.));
#7960 = ADVANCED_FACE('',(#7961),#7979,.F.);
#7961 = FACE_BOUND('',#7962,.F.);
#7962 = EDGE_LOOP('',(#7963,#7971,#7972,#7973));
#7963 = ORIENTED_EDGE('',*,*,#7964,.F.);
#7964 = EDGE_CURVE('',#2437,#7965,#7967,.T.);
#7965 = VERTEX_POINT('',#7966);
#7966 = CARTESIAN_POINT('',(40.5,162.5,0.));
#7967 = LINE('',#7968,#7969);
#7968 = CARTESIAN_POINT('',(40.5,162.5,1.));
#7969 = VECTOR('',#7970,1.);
#7970 = DIRECTION('',(-0.,-0.,-1.));
#7971 = ORIENTED_EDGE('',*,*,#2444,.F.);
#7972 = ORIENTED_EDGE('',*,*,#7916,.T.);
#7973 = ORIENTED_EDGE('',*,*,#7974,.F.);
#7974 = EDGE_CURVE('',#7965,#7917,#7975,.T.);
#7975 = LINE('',#7976,#7977);
#7976 = CARTESIAN_POINT('',(40.5,134.75,0.));
#7977 = VECTOR('',#7978,1.);
#7978 = DIRECTION('',(0.,-1.,0.));
#7979 = PLANE('',#7980);
#7980 = AXIS2_PLACEMENT_3D('',#7981,#7982,#7983);
#7981 = CARTESIAN_POINT('',(40.5,159.5,1.));
#7982 = DIRECTION('',(1.,0.,0.));
#7983 = DIRECTION('',(0.,1.,0.));
#7984 = ADVANCED_FACE('',(#7985),#8003,.F.);
#7985 = FACE_BOUND('',#7986,.F.);
#7986 = EDGE_LOOP('',(#7987,#7988,#7989,#7997));
#7987 = ORIENTED_EDGE('',*,*,#7942,.F.);
#7988 = ORIENTED_EDGE('',*,*,#2468,.F.);
#7989 = ORIENTED_EDGE('',*,*,#7990,.T.);
#7990 = EDGE_CURVE('',#2459,#7991,#7993,.T.);
#7991 = VERTEX_POINT('',#7992);
#7992 = CARTESIAN_POINT('',(40.,164.5,0.));
#7993 = LINE('',#7994,#7995);
#7994 = CARTESIAN_POINT('',(40.,164.5,1.));
#7995 = VECTOR('',#7996,1.);
#7996 = DIRECTION('',(-0.,-0.,-1.));
#7997 = ORIENTED_EDGE('',*,*,#7998,.F.);
#7998 = EDGE_CURVE('',#7943,#7991,#7999,.T.);
#7999 = LINE('',#8000,#8001);
#8000 = CARTESIAN_POINT('',(26.384333970003,150.37075446498,-1.1E-16));
#8001 = VECTOR('',#8002,1.);
#8002 = DIRECTION('',(0.693898823098,0.720072512531,0.));
#8003 = PLANE('',#8004);
#8004 = AXIS2_PLACEMENT_3D('',#8005,#8006,#8007);
#8005 = CARTESIAN_POINT('',(40.,164.5,1.));
#8006 = DIRECTION('',(-0.720072512531,0.693898823098,0.));
#8007 = DIRECTION('',(-0.693898823098,-0.720072512531,0.));
#8008 = ADVANCED_FACE('',(#8009),#8027,.F.);
#8009 = FACE_BOUND('',#8010,.F.);
#8010 = EDGE_LOOP('',(#8011,#8019,#8020,#8021));
#8011 = ORIENTED_EDGE('',*,*,#8012,.F.);
#8012 = EDGE_CURVE('',#2485,#8013,#8015,.T.);
#8013 = VERTEX_POINT('',#8014);
#8014 = CARTESIAN_POINT('',(41.56066017178,161.43933982822,0.));
#8015 = LINE('',#8016,#8017);
#8016 = CARTESIAN_POINT('',(41.56066017178,161.43933982822,1.));
#8017 = VECTOR('',#8018,1.);
#8018 = DIRECTION('',(-0.,-0.,-1.));
#8019 = ORIENTED_EDGE('',*,*,#2492,.F.);
#8020 = ORIENTED_EDGE('',*,*,#7964,.T.);
#8021 = ORIENTED_EDGE('',*,*,#8022,.F.);
#8022 = EDGE_CURVE('',#8013,#7965,#8023,.T.);
#8023 = LINE('',#8024,#8025);
#8024 = CARTESIAN_POINT('',(53.5,149.5,0.));
#8025 = VECTOR('',#8026,1.);
#8026 = DIRECTION('',(-0.707106781187,0.707106781187,0.));
#8027 = PLANE('',#8028);
#8028 = AXIS2_PLACEMENT_3D('',#8029,#8030,#8031);
#8029 = CARTESIAN_POINT('',(40.5,162.5,1.));
#8030 = DIRECTION('',(-0.707106781187,-0.707106781187,0.));
#8031 = DIRECTION('',(0.707106781187,-0.707106781187,0.));
#8032 = ADVANCED_FACE('',(#8033),#8051,.F.);
#8033 = FACE_BOUND('',#8034,.F.);
#8034 = EDGE_LOOP('',(#8035,#8036,#8037,#8045));
#8035 = ORIENTED_EDGE('',*,*,#7990,.F.);
#8036 = ORIENTED_EDGE('',*,*,#2516,.F.);
#8037 = ORIENTED_EDGE('',*,*,#8038,.T.);
#8038 = EDGE_CURVE('',#2507,#8039,#8041,.T.);
#8039 = VERTEX_POINT('',#8040);
#8040 = CARTESIAN_POINT('',(42.280732684311,162.13323865131,0.));
#8041 = LINE('',#8042,#8043);
#8042 = CARTESIAN_POINT('',(42.280732684311,162.13323865131,1.));
#8043 = VECTOR('',#8044,1.);
#8044 = DIRECTION('',(-0.,-0.,-1.));
#8045 = ORIENTED_EDGE('',*,*,#8046,.F.);
#8046 = EDGE_CURVE('',#7991,#8039,#8047,.T.);
#8047 = LINE('',#8048,#8049);
#8048 = CARTESIAN_POINT('',(54.756032372153,149.18737379064,-1.1E-16));
#8049 = VECTOR('',#8050,1.);
#8050 = DIRECTION('',(0.693898823098,-0.720072512531,0.));
#8051 = PLANE('',#8052);
#8052 = AXIS2_PLACEMENT_3D('',#8053,#8054,#8055);
#8053 = CARTESIAN_POINT('',(42.280732684311,162.13323865131,1.));
#8054 = DIRECTION('',(0.720072512531,0.693898823098,0.));
#8055 = DIRECTION('',(-0.693898823098,0.720072512531,0.));
#8056 = ADVANCED_FACE('',(#8057),#8068,.F.);
#8057 = FACE_BOUND('',#8058,.F.);
#8058 = EDGE_LOOP('',(#8059,#8060,#8061,#8062));
#8059 = ORIENTED_EDGE('',*,*,#8038,.F.);
#8060 = ORIENTED_EDGE('',*,*,#2533,.F.);
#8061 = ORIENTED_EDGE('',*,*,#8012,.T.);
#8062 = ORIENTED_EDGE('',*,*,#8063,.F.);
#8063 = EDGE_CURVE('',#8039,#8013,#8064,.T.);
#8064 = LINE('',#8065,#8066);
#8065 = CARTESIAN_POINT('',(28.305030398048,148.66553477478,0.));
#8066 = VECTOR('',#8067,1.);
#8067 = DIRECTION('',(-0.720072512531,-0.693898823098,0.));
#8068 = PLANE('',#8069);
#8069 = AXIS2_PLACEMENT_3D('',#8070,#8071,#8072);
#8070 = CARTESIAN_POINT('',(41.56066017178,161.43933982822,1.));
#8071 = DIRECTION('',(0.693898823098,-0.720072512531,0.));
#8072 = DIRECTION('',(0.720072512531,0.693898823098,0.));
#8073 = ADVANCED_FACE('',(#8074),#8099,.T.);
#8074 = FACE_BOUND('',#8075,.T.);
#8075 = EDGE_LOOP('',(#8076,#8084,#8085,#8093));
#8076 = ORIENTED_EDGE('',*,*,#8077,.F.);
#8077 = EDGE_CURVE('',#2557,#8078,#8080,.T.);
#8078 = VERTEX_POINT('',#8079);
#8079 = CARTESIAN_POINT('',(39.5,214.5,0.));
#8080 = LINE('',#8081,#8082);
#8081 = CARTESIAN_POINT('',(39.5,214.5,1.));
#8082 = VECTOR('',#8083,1.);
#8083 = DIRECTION('',(-0.,-0.,-1.));
#8084 = ORIENTED_EDGE('',*,*,#2564,.F.);
#8085 = ORIENTED_EDGE('',*,*,#8086,.T.);
#8086 = EDGE_CURVE('',#2548,#8087,#8089,.T.);
#8087 = VERTEX_POINT('',#8088);
#8088 = CARTESIAN_POINT('',(39.5,211.5,0.));
#8089 = LINE('',#8090,#8091);
#8090 = CARTESIAN_POINT('',(39.5,211.5,1.));
#8091 = VECTOR('',#8092,1.);
#8092 = DIRECTION('',(-0.,-0.,-1.));
#8093 = ORIENTED_EDGE('',*,*,#8094,.F.);
#8094 = EDGE_CURVE('',#8078,#8087,#8095,.T.);
#8095 = LINE('',#8096,#8097);
#8096 = CARTESIAN_POINT('',(39.5,160.75,0.));
#8097 = VECTOR('',#8098,1.);
#8098 = DIRECTION('',(0.,-1.,0.));
#8099 = PLANE('',#8100);
#8100 = AXIS2_PLACEMENT_3D('',#8101,#8102,#8103);
#8101 = CARTESIAN_POINT('',(39.5,211.5,1.));
#8102 = DIRECTION('',(1.,0.,0.));
#8103 = DIRECTION('',(0.,1.,0.));
#8104 = ADVANCED_FACE('',(#8105),#8123,.T.);
#8105 = FACE_BOUND('',#8106,.T.);
#8106 = EDGE_LOOP('',(#8107,#8108,#8109,#8117));
#8107 = ORIENTED_EDGE('',*,*,#8086,.F.);
#8108 = ORIENTED_EDGE('',*,*,#2588,.F.);
#8109 = ORIENTED_EDGE('',*,*,#8110,.T.);
#8110 = EDGE_CURVE('',#2579,#8111,#8113,.T.);
#8111 = VERTEX_POINT('',#8112);
#8112 = CARTESIAN_POINT('',(38.43933982822,212.56066017178,0.));
#8113 = LINE('',#8114,#8115);
#8114 = CARTESIAN_POINT('',(38.43933982822,212.56066017178,1.));
#8115 = VECTOR('',#8116,1.);
#8116 = DIRECTION('',(-0.,-0.,-1.));
#8117 = ORIENTED_EDGE('',*,*,#8118,.F.);
#8118 = EDGE_CURVE('',#8087,#8111,#8119,.T.);
#8119 = LINE('',#8120,#8121);
#8120 = CARTESIAN_POINT('',(64.46966991411,186.53033008589,0.));
#8121 = VECTOR('',#8122,1.);
#8122 = DIRECTION('',(-0.707106781187,0.707106781187,0.));
#8123 = PLANE('',#8124);
#8124 = AXIS2_PLACEMENT_3D('',#8125,#8126,#8127);
#8125 = CARTESIAN_POINT('',(38.43933982822,212.56066017178,1.));
#8126 = DIRECTION('',(-0.707106781187,-0.707106781187,0.));
#8127 = DIRECTION('',(0.707106781187,-0.707106781187,0.));
#8128 = ADVANCED_FACE('',(#8129),#8147,.T.);
#8129 = FACE_BOUND('',#8130,.T.);
#8130 = EDGE_LOOP('',(#8131,#8139,#8140,#8141));
#8131 = ORIENTED_EDGE('',*,*,#8132,.F.);
#8132 = EDGE_CURVE('',#2605,#8133,#8135,.T.);
#8133 = VERTEX_POINT('',#8134);
#8134 = CARTESIAN_POINT('',(40.5,214.5,0.));
#8135 = LINE('',#8136,#8137);
#8136 = CARTESIAN_POINT('',(40.5,214.5,1.));
#8137 = VECTOR('',#8138,1.);
#8138 = DIRECTION('',(-0.,-0.,-1.));
#8139 = ORIENTED_EDGE('',*,*,#2612,.F.);
#8140 = ORIENTED_EDGE('',*,*,#8077,.T.);
#8141 = ORIENTED_EDGE('',*,*,#8142,.F.);
#8142 = EDGE_CURVE('',#8133,#8078,#8143,.T.);
#8143 = LINE('',#8144,#8145);
#8144 = CARTESIAN_POINT('',(39.75,214.5,0.));
#8145 = VECTOR('',#8146,1.);
#8146 = DIRECTION('',(-1.,0.,0.));
#8147 = PLANE('',#8148);
#8148 = AXIS2_PLACEMENT_3D('',#8149,#8150,#8151);
#8149 = CARTESIAN_POINT('',(39.5,214.5,1.));
#8150 = DIRECTION('',(0.,-1.,0.));
#8151 = DIRECTION('',(1.,0.,0.));
#8152 = ADVANCED_FACE('',(#8153),#8171,.T.);
#8153 = FACE_BOUND('',#8154,.T.);
#8154 = EDGE_LOOP('',(#8155,#8156,#8157,#8165));
#8155 = ORIENTED_EDGE('',*,*,#8110,.F.);
#8156 = ORIENTED_EDGE('',*,*,#2636,.F.);
#8157 = ORIENTED_EDGE('',*,*,#8158,.T.);
#8158 = EDGE_CURVE('',#2627,#8159,#8161,.T.);
#8159 = VERTEX_POINT('',#8160);
#8160 = CARTESIAN_POINT('',(37.719267315689,211.86676134868,0.));
#8161 = LINE('',#8162,#8163);
#8162 = CARTESIAN_POINT('',(37.719267315689,211.86676134868,1.));
#8163 = VECTOR('',#8164,1.);
#8164 = DIRECTION('',(-0.,-0.,-1.));
#8165 = ORIENTED_EDGE('',*,*,#8166,.F.);
#8166 = EDGE_CURVE('',#8111,#8159,#8167,.T.);
#8167 = LINE('',#8168,#8169);
#8168 = CARTESIAN_POINT('',(12.8613082334,187.91235640801,0.));
#8169 = VECTOR('',#8170,1.);
#8170 = DIRECTION('',(-0.720072512531,-0.693898823098,0.));
#8171 = PLANE('',#8172);
#8172 = AXIS2_PLACEMENT_3D('',#8173,#8174,#8175);
#8173 = CARTESIAN_POINT('',(37.719267315689,211.86676134868,1.));
#8174 = DIRECTION('',(0.693898823098,-0.720072512531,0.));
#8175 = DIRECTION('',(0.720072512531,0.693898823098,0.));
#8176 = ADVANCED_FACE('',(#8177),#8195,.T.);
#8177 = FACE_BOUND('',#8178,.T.);
#8178 = EDGE_LOOP('',(#8179,#8187,#8188,#8189));
#8179 = ORIENTED_EDGE('',*,*,#8180,.F.);
#8180 = EDGE_CURVE('',#2653,#8181,#8183,.T.);
#8181 = VERTEX_POINT('',#8182);
#8182 = CARTESIAN_POINT('',(40.5,211.5,0.));
#8183 = LINE('',#8184,#8185);
#8184 = CARTESIAN_POINT('',(40.5,211.5,1.));
#8185 = VECTOR('',#8186,1.);
#8186 = DIRECTION('',(-0.,-0.,-1.));
#8187 = ORIENTED_EDGE('',*,*,#2660,.F.);
#8188 = ORIENTED_EDGE('',*,*,#8132,.T.);
#8189 = ORIENTED_EDGE('',*,*,#8190,.F.);
#8190 = EDGE_CURVE('',#8181,#8133,#8191,.T.);
#8191 = LINE('',#8192,#8193);
#8192 = CARTESIAN_POINT('',(40.5,162.25,0.));
#8193 = VECTOR('',#8194,1.);
#8194 = DIRECTION('',(0.,1.,0.));
#8195 = PLANE('',#8196);
#8196 = AXIS2_PLACEMENT_3D('',#8197,#8198,#8199);
#8197 = CARTESIAN_POINT('',(40.5,214.5,1.));
#8198 = DIRECTION('',(-1.,0.,0.));
#8199 = DIRECTION('',(0.,-1.,0.));
#8200 = ADVANCED_FACE('',(#8201),#8219,.T.);
#8201 = FACE_BOUND('',#8202,.T.);
#8202 = EDGE_LOOP('',(#8203,#8204,#8205,#8213));
#8203 = ORIENTED_EDGE('',*,*,#8158,.F.);
#8204 = ORIENTED_EDGE('',*,*,#2684,.F.);
#8205 = ORIENTED_EDGE('',*,*,#8206,.T.);
#8206 = EDGE_CURVE('',#2675,#8207,#8209,.T.);
#8207 = VERTEX_POINT('',#8208);
#8208 = CARTESIAN_POINT('',(40.,209.5,0.));
#8209 = LINE('',#8210,#8211);
#8210 = CARTESIAN_POINT('',(40.,209.5,1.));
#8211 = VECTOR('',#8212,1.);
#8212 = DIRECTION('',(-0.,-0.,-1.));
#8213 = ORIENTED_EDGE('',*,*,#8214,.F.);
#8214 = EDGE_CURVE('',#8159,#8207,#8215,.T.);
#8215 = LINE('',#8216,#8217);
#8216 = CARTESIAN_POINT('',(64.857959082289,183.70440494066,0.));
#8217 = VECTOR('',#8218,1.);
#8218 = DIRECTION('',(0.693898823098,-0.720072512531,0.));
#8219 = PLANE('',#8220);
#8220 = AXIS2_PLACEMENT_3D('',#8221,#8222,#8223);
#8221 = CARTESIAN_POINT('',(40.,209.5,1.));
#8222 = DIRECTION('',(0.720072512531,0.693898823098,0.));
#8223 = DIRECTION('',(-0.693898823098,0.720072512531,0.));
#8224 = ADVANCED_FACE('',(#8225),#8243,.T.);
#8225 = FACE_BOUND('',#8226,.T.);
#8226 = EDGE_LOOP('',(#8227,#8235,#8236,#8237));
#8227 = ORIENTED_EDGE('',*,*,#8228,.F.);
#8228 = EDGE_CURVE('',#2701,#8229,#8231,.T.);
#8229 = VERTEX_POINT('',#8230);
#8230 = CARTESIAN_POINT('',(41.56066017178,212.56066017178,0.));
#8231 = LINE('',#8232,#8233);
#8232 = CARTESIAN_POINT('',(41.56066017178,212.56066017178,1.));
#8233 = VECTOR('',#8234,1.);
#8234 = DIRECTION('',(-0.,-0.,-1.));
#8235 = ORIENTED_EDGE('',*,*,#2708,.F.);
#8236 = ORIENTED_EDGE('',*,*,#8180,.T.);
#8237 = ORIENTED_EDGE('',*,*,#8238,.F.);
#8238 = EDGE_CURVE('',#8229,#8181,#8239,.T.);
#8239 = LINE('',#8240,#8241);
#8240 = CARTESIAN_POINT('',(15.,186.,0.));
#8241 = VECTOR('',#8242,1.);
#8242 = DIRECTION('',(-0.707106781187,-0.707106781187,0.));
#8243 = PLANE('',#8244);
#8244 = AXIS2_PLACEMENT_3D('',#8245,#8246,#8247);
#8245 = CARTESIAN_POINT('',(40.5,211.5,1.));
#8246 = DIRECTION('',(0.707106781187,-0.707106781187,0.));
#8247 = DIRECTION('',(0.707106781187,0.707106781187,0.));
#8248 = ADVANCED_FACE('',(#8249),#8267,.T.);
#8249 = FACE_BOUND('',#8250,.T.);
#8250 = EDGE_LOOP('',(#8251,#8252,#8253,#8261));
#8251 = ORIENTED_EDGE('',*,*,#8206,.F.);
#8252 = ORIENTED_EDGE('',*,*,#2732,.F.);
#8253 = ORIENTED_EDGE('',*,*,#8254,.T.);
#8254 = EDGE_CURVE('',#2723,#8255,#8257,.T.);
#8255 = VERTEX_POINT('',#8256);
#8256 = CARTESIAN_POINT('',(42.280732684311,211.86676134868,0.));
#8257 = LINE('',#8258,#8259);
#8258 = CARTESIAN_POINT('',(42.280732684311,211.86676134868,1.));
#8259 = VECTOR('',#8260,1.);
#8260 = DIRECTION('',(-0.,-0.,-1.));
#8261 = ORIENTED_EDGE('',*,*,#8262,.F.);
#8262 = EDGE_CURVE('',#8207,#8255,#8263,.T.);
#8263 = LINE('',#8264,#8265);
#8264 = CARTESIAN_POINT('',(16.282407259867,184.887785615,0.));
#8265 = VECTOR('',#8266,1.);
#8266 = DIRECTION('',(0.693898823098,0.720072512531,0.));
#8267 = PLANE('',#8268);
#8268 = AXIS2_PLACEMENT_3D('',#8269,#8270,#8271);
#8269 = CARTESIAN_POINT('',(42.280732684311,211.86676134868,1.));
#8270 = DIRECTION('',(-0.720072512531,0.693898823098,0.));
#8271 = DIRECTION('',(-0.693898823098,-0.720072512531,0.));
#8272 = ADVANCED_FACE('',(#8273),#8284,.T.);
#8273 = FACE_BOUND('',#8274,.T.);
#8274 = EDGE_LOOP('',(#8275,#8276,#8277,#8278));
#8275 = ORIENTED_EDGE('',*,*,#8254,.F.);
#8276 = ORIENTED_EDGE('',*,*,#2749,.F.);
#8277 = ORIENTED_EDGE('',*,*,#8228,.T.);
#8278 = ORIENTED_EDGE('',*,*,#8279,.F.);
#8279 = EDGE_CURVE('',#8255,#8229,#8280,.T.);
#8280 = LINE('',#8281,#8282);
#8281 = CARTESIAN_POINT('',(66.778655510334,188.25930581956,0.));
#8282 = VECTOR('',#8283,1.);
#8283 = DIRECTION('',(-0.720072512531,0.693898823098,0.));
#8284 = PLANE('',#8285);
#8285 = AXIS2_PLACEMENT_3D('',#8286,#8287,#8288);
#8286 = CARTESIAN_POINT('',(41.56066017178,212.56066017178,1.));
#8287 = DIRECTION('',(-0.693898823098,-0.720072512531,0.));
#8288 = DIRECTION('',(0.720072512531,-0.693898823098,0.));
#8289 = ADVANCED_FACE('',(#8290),#8315,.T.);
#8290 = FACE_BOUND('',#8291,.T.);
#8291 = EDGE_LOOP('',(#8292,#8300,#8301,#8309));
#8292 = ORIENTED_EDGE('',*,*,#8293,.F.);
#8293 = EDGE_CURVE('',#2773,#8294,#8296,.T.);
#8294 = VERTEX_POINT('',#8295);
#8295 = CARTESIAN_POINT('',(8.5,215.,0.));
#8296 = LINE('',#8297,#8298);
#8297 = CARTESIAN_POINT('',(8.5,215.,1.));
#8298 = VECTOR('',#8299,1.);
#8299 = DIRECTION('',(-0.,-0.,-1.));
#8300 = ORIENTED_EDGE('',*,*,#2780,.F.);
#8301 = ORIENTED_EDGE('',*,*,#8302,.T.);
#8302 = EDGE_CURVE('',#2764,#8303,#8305,.T.);
#8303 = VERTEX_POINT('',#8304);
#8304 = CARTESIAN_POINT('',(7.5,215.,0.));
#8305 = LINE('',#8306,#8307);
#8306 = CARTESIAN_POINT('',(7.5,215.,1.));
#8307 = VECTOR('',#8308,1.);
#8308 = DIRECTION('',(-0.,-0.,-1.));
#8309 = ORIENTED_EDGE('',*,*,#8310,.F.);
#8310 = EDGE_CURVE('',#8294,#8303,#8311,.T.);
#8311 = LINE('',#8312,#8313);
#8312 = CARTESIAN_POINT('',(23.75,215.,0.));
#8313 = VECTOR('',#8314,1.);
#8314 = DIRECTION('',(-1.,0.,0.));
#8315 = PLANE('',#8316);
#8316 = AXIS2_PLACEMENT_3D('',#8317,#8318,#8319);
#8317 = CARTESIAN_POINT('',(7.5,215.,1.));
#8318 = DIRECTION('',(0.,-1.,0.));
#8319 = DIRECTION('',(1.,0.,0.));
#8320 = ADVANCED_FACE('',(#8321),#8339,.T.);
#8321 = FACE_BOUND('',#8322,.T.);
#8322 = EDGE_LOOP('',(#8323,#8324,#8325,#8333));
#8323 = ORIENTED_EDGE('',*,*,#8302,.F.);
#8324 = ORIENTED_EDGE('',*,*,#2804,.F.);
#8325 = ORIENTED_EDGE('',*,*,#8326,.T.);
#8326 = EDGE_CURVE('',#2795,#8327,#8329,.T.);
#8327 = VERTEX_POINT('',#8328);
#8328 = CARTESIAN_POINT('',(7.5,204.5,0.));
#8329 = LINE('',#8330,#8331);
#8330 = CARTESIAN_POINT('',(7.5,204.5,1.));
#8331 = VECTOR('',#8332,1.);
#8332 = DIRECTION('',(-0.,-0.,-1.));
#8333 = ORIENTED_EDGE('',*,*,#8334,.F.);
#8334 = EDGE_CURVE('',#8303,#8327,#8335,.T.);
#8335 = LINE('',#8336,#8337);
#8336 = CARTESIAN_POINT('',(7.5,157.25,0.));
#8337 = VECTOR('',#8338,1.);
#8338 = DIRECTION('',(0.,-1.,0.));
#8339 = PLANE('',#8340);
#8340 = AXIS2_PLACEMENT_3D('',#8341,#8342,#8343);
#8341 = CARTESIAN_POINT('',(7.5,204.5,1.));
#8342 = DIRECTION('',(1.,0.,0.));
#8343 = DIRECTION('',(0.,1.,0.));
#8344 = ADVANCED_FACE('',(#8345),#8363,.T.);
#8345 = FACE_BOUND('',#8346,.T.);
#8346 = EDGE_LOOP('',(#8347,#8355,#8356,#8357));
#8347 = ORIENTED_EDGE('',*,*,#8348,.F.);
#8348 = EDGE_CURVE('',#2821,#8349,#8351,.T.);
#8349 = VERTEX_POINT('',#8350);
#8350 = CARTESIAN_POINT('',(8.5,203.5,0.));
#8351 = LINE('',#8352,#8353);
#8352 = CARTESIAN_POINT('',(8.5,203.5,1.));
#8353 = VECTOR('',#8354,1.);
#8354 = DIRECTION('',(-0.,-0.,-1.));
#8355 = ORIENTED_EDGE('',*,*,#2828,.F.);
#8356 = ORIENTED_EDGE('',*,*,#8293,.T.);
#8357 = ORIENTED_EDGE('',*,*,#8358,.F.);
#8358 = EDGE_CURVE('',#8349,#8294,#8359,.T.);
#8359 = LINE('',#8360,#8361);
#8360 = CARTESIAN_POINT('',(8.5,162.5,0.));
#8361 = VECTOR('',#8362,1.);
#8362 = DIRECTION('',(0.,1.,0.));
#8363 = PLANE('',#8364);
#8364 = AXIS2_PLACEMENT_3D('',#8365,#8366,#8367);
#8365 = CARTESIAN_POINT('',(8.5,215.,1.));
#8366 = DIRECTION('',(-1.,0.,0.));
#8367 = DIRECTION('',(0.,-1.,0.));
#8368 = ADVANCED_FACE('',(#8369),#8387,.T.);
#8369 = FACE_BOUND('',#8370,.T.);
#8370 = EDGE_LOOP('',(#8371,#8372,#8373,#8381));
#8371 = ORIENTED_EDGE('',*,*,#8326,.F.);
#8372 = ORIENTED_EDGE('',*,*,#2852,.F.);
#8373 = ORIENTED_EDGE('',*,*,#8374,.T.);
#8374 = EDGE_CURVE('',#2843,#8375,#8377,.T.);
#8375 = VERTEX_POINT('',#8376);
#8376 = CARTESIAN_POINT('',(5.,204.5,0.));
#8377 = LINE('',#8378,#8379);
#8378 = CARTESIAN_POINT('',(5.,204.5,1.));
#8379 = VECTOR('',#8380,1.);
#8380 = DIRECTION('',(-0.,-0.,-1.));
#8381 = ORIENTED_EDGE('',*,*,#8382,.F.);
#8382 = EDGE_CURVE('',#8327,#8375,#8383,.T.);
#8383 = LINE('',#8384,#8385);
#8384 = CARTESIAN_POINT('',(22.5,204.5,0.));
#8385 = VECTOR('',#8386,1.);
#8386 = DIRECTION('',(-1.,0.,0.));
#8387 = PLANE('',#8388);
#8388 = AXIS2_PLACEMENT_3D('',#8389,#8390,#8391);
#8389 = CARTESIAN_POINT('',(5.,204.5,1.));
#8390 = DIRECTION('',(0.,-1.,0.));
#8391 = DIRECTION('',(1.,0.,0.));
#8392 = ADVANCED_FACE('',(#8393),#8411,.T.);
#8393 = FACE_BOUND('',#8394,.T.);
#8394 = EDGE_LOOP('',(#8395,#8403,#8404,#8405));
#8395 = ORIENTED_EDGE('',*,*,#8396,.F.);
#8396 = EDGE_CURVE('',#2869,#8397,#8399,.T.);
#8397 = VERTEX_POINT('',#8398);
#8398 = CARTESIAN_POINT('',(5.,203.5,0.));
#8399 = LINE('',#8400,#8401);
#8400 = CARTESIAN_POINT('',(5.,203.5,1.));
#8401 = VECTOR('',#8402,1.);
#8402 = DIRECTION('',(-0.,-0.,-1.));
#8403 = ORIENTED_EDGE('',*,*,#2876,.F.);
#8404 = ORIENTED_EDGE('',*,*,#8348,.T.);
#8405 = ORIENTED_EDGE('',*,*,#8406,.F.);
#8406 = EDGE_CURVE('',#8397,#8349,#8407,.T.);
#8407 = LINE('',#8408,#8409);
#8408 = CARTESIAN_POINT('',(24.25,203.5,0.));
#8409 = VECTOR('',#8410,1.);
#8410 = DIRECTION('',(1.,0.,0.));
#8411 = PLANE('',#8412);
#8412 = AXIS2_PLACEMENT_3D('',#8413,#8414,#8415);
#8413 = CARTESIAN_POINT('',(8.5,203.5,1.));
#8414 = DIRECTION('',(0.,1.,0.));
#8415 = DIRECTION('',(-1.,0.,0.));
#8416 = ADVANCED_FACE('',(#8417),#8428,.T.);
#8417 = FACE_BOUND('',#8418,.T.);
#8418 = EDGE_LOOP('',(#8419,#8420,#8421,#8422));
#8419 = ORIENTED_EDGE('',*,*,#8374,.F.);
#8420 = ORIENTED_EDGE('',*,*,#2893,.F.);
#8421 = ORIENTED_EDGE('',*,*,#8396,.T.);
#8422 = ORIENTED_EDGE('',*,*,#8423,.F.);
#8423 = EDGE_CURVE('',#8375,#8397,#8424,.T.);
#8424 = LINE('',#8425,#8426);
#8425 = CARTESIAN_POINT('',(5.,156.75,0.));
#8426 = VECTOR('',#8427,1.);
#8427 = DIRECTION('',(0.,-1.,0.));
#8428 = PLANE('',#8429);
#8429 = AXIS2_PLACEMENT_3D('',#8430,#8431,#8432);
#8430 = CARTESIAN_POINT('',(5.,203.5,1.));
#8431 = DIRECTION('',(1.,0.,0.));
#8432 = DIRECTION('',(0.,1.,0.));
#8433 = ADVANCED_FACE('',(#8434,#8686,#8736,#8747,#8758,#8792,#8826,
    #8840,#8858,#8892,#8926,#8937,#8948,#8959,#8977,#8991,#9002,#9052,
    #9063,#9074,#9085,#9096,#9107,#9118,#9126,#9137,#9148,#9182,#9216,
    #9227,#9241,#9259,#9293,#9327,#9338,#9360,#9368,#9379,#9390,#9401,
    #9412),#9462,.F.);
#8434 = FACE_BOUND('',#8435,.F.);
#8435 = EDGE_LOOP('',(#8436,#8437,#8438,#8446,#8455,#8463,#8472,#8478,
    #8479,#8480,#8488,#8497,#8505,#8514,#8520,#8521,#8529,#8538,#8546,
    #8555,#8561,#8562,#8563,#8571,#8580,#8588,#8597,#8603,#8604,#8605,
    #8613,#8622,#8630,#8639,#8645,#8646,#8654,#8663,#8671,#8680));
#8436 = ORIENTED_EDGE('',*,*,#3042,.T.);
#8437 = ORIENTED_EDGE('',*,*,#2915,.T.);
#8438 = ORIENTED_EDGE('',*,*,#8439,.F.);
#8439 = EDGE_CURVE('',#8440,#2916,#8442,.T.);
#8440 = VERTEX_POINT('',#8441);
#8441 = CARTESIAN_POINT('',(10.,3.8,0.));
#8442 = LINE('',#8443,#8444);
#8443 = CARTESIAN_POINT('',(10.,3.8,0.));
#8444 = VECTOR('',#8445,1.);
#8445 = DIRECTION('',(0.,-1.,0.));
#8446 = ORIENTED_EDGE('',*,*,#8447,.T.);
#8447 = EDGE_CURVE('',#8440,#8448,#8450,.T.);
#8448 = VERTEX_POINT('',#8449);
#8449 = CARTESIAN_POINT('',(11.,4.8,0.));
#8450 = CIRCLE('',#8451,1.);
#8451 = AXIS2_PLACEMENT_3D('',#8452,#8453,#8454);
#8452 = CARTESIAN_POINT('',(11.,3.8,0.));
#8453 = DIRECTION('',(0.,0.,-1.));
#8454 = DIRECTION('',(1.,0.,0.));
#8455 = ORIENTED_EDGE('',*,*,#8456,.F.);
#8456 = EDGE_CURVE('',#8457,#8448,#8459,.T.);
#8457 = VERTEX_POINT('',#8458);
#8458 = CARTESIAN_POINT('',(69.,4.8,0.));
#8459 = LINE('',#8460,#8461);
#8460 = CARTESIAN_POINT('',(69.,4.8,0.));
#8461 = VECTOR('',#8462,1.);
#8462 = DIRECTION('',(-1.,0.,0.));
#8463 = ORIENTED_EDGE('',*,*,#8464,.T.);
#8464 = EDGE_CURVE('',#8457,#8465,#8467,.T.);
#8465 = VERTEX_POINT('',#8466);
#8466 = CARTESIAN_POINT('',(70.,3.8,0.));
#8467 = CIRCLE('',#8468,1.);
#8468 = AXIS2_PLACEMENT_3D('',#8469,#8470,#8471);
#8469 = CARTESIAN_POINT('',(69.,3.8,0.));
#8470 = DIRECTION('',(0.,0.,-1.));
#8471 = DIRECTION('',(1.,0.,0.));
#8472 = ORIENTED_EDGE('',*,*,#8473,.F.);
#8473 = EDGE_CURVE('',#2940,#8465,#8474,.T.);
#8474 = LINE('',#8475,#8476);
#8475 = CARTESIAN_POINT('',(70.,0.,0.));
#8476 = VECTOR('',#8477,1.);
#8477 = DIRECTION('',(0.,1.,0.));
#8478 = ORIENTED_EDGE('',*,*,#2947,.T.);
#8479 = ORIENTED_EDGE('',*,*,#3059,.T.);
#8480 = ORIENTED_EDGE('',*,*,#8481,.F.);
#8481 = EDGE_CURVE('',#8482,#3060,#8484,.T.);
#8482 = VERTEX_POINT('',#8483);
#8483 = CARTESIAN_POINT('',(76.2,15.,0.));
#8484 = LINE('',#8485,#8486);
#8485 = CARTESIAN_POINT('',(76.2,15.,0.));
#8486 = VECTOR('',#8487,1.);
#8487 = DIRECTION('',(1.,0.,0.));
#8488 = ORIENTED_EDGE('',*,*,#8489,.T.);
#8489 = EDGE_CURVE('',#8482,#8490,#8492,.T.);
#8490 = VERTEX_POINT('',#8491);
#8491 = CARTESIAN_POINT('',(75.2,16.,0.));
#8492 = CIRCLE('',#8493,1.);
#8493 = AXIS2_PLACEMENT_3D('',#8494,#8495,#8496);
#8494 = CARTESIAN_POINT('',(76.2,16.,0.));
#8495 = DIRECTION('',(0.,0.,-1.));
#8496 = DIRECTION('',(1.,0.,0.));
#8497 = ORIENTED_EDGE('',*,*,#8498,.F.);
#8498 = EDGE_CURVE('',#8499,#8490,#8501,.T.);
#8499 = VERTEX_POINT('',#8500);
#8500 = CARTESIAN_POINT('',(75.2,89.5,0.));
#8501 = LINE('',#8502,#8503);
#8502 = CARTESIAN_POINT('',(75.2,89.5,0.));
#8503 = VECTOR('',#8504,1.);
#8504 = DIRECTION('',(0.,-1.,0.));
#8505 = ORIENTED_EDGE('',*,*,#8506,.T.);
#8506 = EDGE_CURVE('',#8499,#8507,#8509,.T.);
#8507 = VERTEX_POINT('',#8508);
#8508 = CARTESIAN_POINT('',(76.2,90.5,0.));
#8509 = CIRCLE('',#8510,1.);
#8510 = AXIS2_PLACEMENT_3D('',#8511,#8512,#8513);
#8511 = CARTESIAN_POINT('',(76.2,89.5,0.));
#8512 = DIRECTION('',(0.,0.,-1.));
#8513 = DIRECTION('',(1.,0.,0.));
#8514 = ORIENTED_EDGE('',*,*,#8515,.F.);
#8515 = EDGE_CURVE('',#3084,#8507,#8516,.T.);
#8516 = LINE('',#8517,#8518);
#8517 = CARTESIAN_POINT('',(80.,90.5,0.));
#8518 = VECTOR('',#8519,1.);
#8519 = DIRECTION('',(-1.,0.,0.));
#8520 = ORIENTED_EDGE('',*,*,#3091,.T.);
#8521 = ORIENTED_EDGE('',*,*,#8522,.T.);
#8522 = EDGE_CURVE('',#3092,#8523,#8525,.T.);
#8523 = VERTEX_POINT('',#8524);
#8524 = CARTESIAN_POINT('',(76.2,120.5,0.));
#8525 = LINE('',#8526,#8527);
#8526 = CARTESIAN_POINT('',(80.,120.5,0.));
#8527 = VECTOR('',#8528,1.);
#8528 = DIRECTION('',(-1.,0.,0.));
#8529 = ORIENTED_EDGE('',*,*,#8530,.T.);
#8530 = EDGE_CURVE('',#8523,#8531,#8533,.T.);
#8531 = VERTEX_POINT('',#8532);
#8532 = CARTESIAN_POINT('',(75.2,121.5,0.));
#8533 = CIRCLE('',#8534,1.);
#8534 = AXIS2_PLACEMENT_3D('',#8535,#8536,#8537);
#8535 = CARTESIAN_POINT('',(76.2,121.5,0.));
#8536 = DIRECTION('',(0.,0.,-1.));
#8537 = DIRECTION('',(1.,0.,0.));
#8538 = ORIENTED_EDGE('',*,*,#8539,.T.);
#8539 = EDGE_CURVE('',#8531,#8540,#8542,.T.);
#8540 = VERTEX_POINT('',#8541);
#8541 = CARTESIAN_POINT('',(75.2,204.,0.));
#8542 = LINE('',#8543,#8544);
#8543 = CARTESIAN_POINT('',(75.2,121.5,0.));
#8544 = VECTOR('',#8545,1.);
#8545 = DIRECTION('',(0.,1.,0.));
#8546 = ORIENTED_EDGE('',*,*,#8547,.T.);
#8547 = EDGE_CURVE('',#8540,#8548,#8550,.T.);
#8548 = VERTEX_POINT('',#8549);
#8549 = CARTESIAN_POINT('',(76.2,205.,0.));
#8550 = CIRCLE('',#8551,1.);
#8551 = AXIS2_PLACEMENT_3D('',#8552,#8553,#8554);
#8552 = CARTESIAN_POINT('',(76.2,204.,0.));
#8553 = DIRECTION('',(0.,0.,-1.));
#8554 = DIRECTION('',(1.,0.,0.));
#8555 = ORIENTED_EDGE('',*,*,#8556,.T.);
#8556 = EDGE_CURVE('',#8548,#3116,#8557,.T.);
#8557 = LINE('',#8558,#8559);
#8558 = CARTESIAN_POINT('',(76.2,205.,0.));
#8559 = VECTOR('',#8560,1.);
#8560 = DIRECTION('',(1.,0.,0.));
#8561 = ORIENTED_EDGE('',*,*,#3123,.T.);
#8562 = ORIENTED_EDGE('',*,*,#3147,.T.);
#8563 = ORIENTED_EDGE('',*,*,#8564,.T.);
#8564 = EDGE_CURVE('',#3148,#8565,#8567,.T.);
#8565 = VERTEX_POINT('',#8566);
#8566 = CARTESIAN_POINT('',(70.,216.2,0.));
#8567 = LINE('',#8568,#8569);
#8568 = CARTESIAN_POINT('',(70.,220.,0.));
#8569 = VECTOR('',#8570,1.);
#8570 = DIRECTION('',(0.,-1.,0.));
#8571 = ORIENTED_EDGE('',*,*,#8572,.T.);
#8572 = EDGE_CURVE('',#8565,#8573,#8575,.T.);
#8573 = VERTEX_POINT('',#8574);
#8574 = CARTESIAN_POINT('',(69.,215.2,0.));
#8575 = CIRCLE('',#8576,1.);
#8576 = AXIS2_PLACEMENT_3D('',#8577,#8578,#8579);
#8577 = CARTESIAN_POINT('',(69.,216.2,0.));
#8578 = DIRECTION('',(0.,0.,-1.));
#8579 = DIRECTION('',(1.,0.,0.));
#8580 = ORIENTED_EDGE('',*,*,#8581,.T.);
#8581 = EDGE_CURVE('',#8573,#8582,#8584,.T.);
#8582 = VERTEX_POINT('',#8583);
#8583 = CARTESIAN_POINT('',(11.,215.2,0.));
#8584 = LINE('',#8585,#8586);
#8585 = CARTESIAN_POINT('',(69.,215.2,0.));
#8586 = VECTOR('',#8587,1.);
#8587 = DIRECTION('',(-1.,0.,0.));
#8588 = ORIENTED_EDGE('',*,*,#8589,.T.);
#8589 = EDGE_CURVE('',#8582,#8590,#8592,.T.);
#8590 = VERTEX_POINT('',#8591);
#8591 = CARTESIAN_POINT('',(10.,216.2,0.));
#8592 = CIRCLE('',#8593,1.);
#8593 = AXIS2_PLACEMENT_3D('',#8594,#8595,#8596);
#8594 = CARTESIAN_POINT('',(11.,216.2,0.));
#8595 = DIRECTION('',(0.,0.,-1.));
#8596 = DIRECTION('',(1.,0.,0.));
#8597 = ORIENTED_EDGE('',*,*,#8598,.T.);
#8598 = EDGE_CURVE('',#8590,#3172,#8599,.T.);
#8599 = LINE('',#8600,#8601);
#8600 = CARTESIAN_POINT('',(10.,216.2,0.));
#8601 = VECTOR('',#8602,1.);
#8602 = DIRECTION('',(0.,1.,0.));
#8603 = ORIENTED_EDGE('',*,*,#3179,.T.);
#8604 = ORIENTED_EDGE('',*,*,#2978,.T.);
#8605 = ORIENTED_EDGE('',*,*,#8606,.F.);
#8606 = EDGE_CURVE('',#8607,#2979,#8609,.T.);
#8607 = VERTEX_POINT('',#8608);
#8608 = CARTESIAN_POINT('',(3.8,205.,0.));
#8609 = LINE('',#8610,#8611);
#8610 = CARTESIAN_POINT('',(3.8,205.,0.));
#8611 = VECTOR('',#8612,1.);
#8612 = DIRECTION('',(-1.,0.,0.));
#8613 = ORIENTED_EDGE('',*,*,#8614,.T.);
#8614 = EDGE_CURVE('',#8607,#8615,#8617,.T.);
#8615 = VERTEX_POINT('',#8616);
#8616 = CARTESIAN_POINT('',(4.8,204.,0.));
#8617 = CIRCLE('',#8618,1.);
#8618 = AXIS2_PLACEMENT_3D('',#8619,#8620,#8621);
#8619 = CARTESIAN_POINT('',(3.8,204.,0.));
#8620 = DIRECTION('',(0.,0.,-1.));
#8621 = DIRECTION('',(1.,0.,0.));
#8622 = ORIENTED_EDGE('',*,*,#8623,.F.);
#8623 = EDGE_CURVE('',#8624,#8615,#8626,.T.);
#8624 = VERTEX_POINT('',#8625);
#8625 = CARTESIAN_POINT('',(4.8,121.5,0.));
#8626 = LINE('',#8627,#8628);
#8627 = CARTESIAN_POINT('',(4.8,121.5,0.));
#8628 = VECTOR('',#8629,1.);
#8629 = DIRECTION('',(0.,1.,0.));
#8630 = ORIENTED_EDGE('',*,*,#8631,.T.);
#8631 = EDGE_CURVE('',#8624,#8632,#8634,.T.);
#8632 = VERTEX_POINT('',#8633);
#8633 = CARTESIAN_POINT('',(3.8,120.5,0.));
#8634 = CIRCLE('',#8635,1.);
#8635 = AXIS2_PLACEMENT_3D('',#8636,#8637,#8638);
#8636 = CARTESIAN_POINT('',(3.8,121.5,0.));
#8637 = DIRECTION('',(0.,0.,-1.));
#8638 = DIRECTION('',(1.,0.,0.));
#8639 = ORIENTED_EDGE('',*,*,#8640,.F.);
#8640 = EDGE_CURVE('',#3003,#8632,#8641,.T.);
#8641 = LINE('',#8642,#8643);
#8642 = CARTESIAN_POINT('',(0.,120.5,0.));
#8643 = VECTOR('',#8644,1.);
#8644 = DIRECTION('',(1.,0.,0.));
#8645 = ORIENTED_EDGE('',*,*,#3010,.T.);
#8646 = ORIENTED_EDGE('',*,*,#8647,.T.);
#8647 = EDGE_CURVE('',#3011,#8648,#8650,.T.);
#8648 = VERTEX_POINT('',#8649);
#8649 = CARTESIAN_POINT('',(3.8,90.5,0.));
#8650 = LINE('',#8651,#8652);
#8651 = CARTESIAN_POINT('',(0.,90.5,0.));
#8652 = VECTOR('',#8653,1.);
#8653 = DIRECTION('',(1.,0.,0.));
#8654 = ORIENTED_EDGE('',*,*,#8655,.T.);
#8655 = EDGE_CURVE('',#8648,#8656,#8658,.T.);
#8656 = VERTEX_POINT('',#8657);
#8657 = CARTESIAN_POINT('',(4.8,89.5,0.));
#8658 = CIRCLE('',#8659,1.);
#8659 = AXIS2_PLACEMENT_3D('',#8660,#8661,#8662);
#8660 = CARTESIAN_POINT('',(3.8,89.5,0.));
#8661 = DIRECTION('',(0.,0.,-1.));
#8662 = DIRECTION('',(1.,0.,0.));
#8663 = ORIENTED_EDGE('',*,*,#8664,.T.);
#8664 = EDGE_CURVE('',#8656,#8665,#8667,.T.);
#8665 = VERTEX_POINT('',#8666);
#8666 = CARTESIAN_POINT('',(4.8,16.,0.));
#8667 = LINE('',#8668,#8669);
#8668 = CARTESIAN_POINT('',(4.8,89.5,0.));
#8669 = VECTOR('',#8670,1.);
#8670 = DIRECTION('',(0.,-1.,0.));
#8671 = ORIENTED_EDGE('',*,*,#8672,.T.);
#8672 = EDGE_CURVE('',#8665,#8673,#8675,.T.);
#8673 = VERTEX_POINT('',#8674);
#8674 = CARTESIAN_POINT('',(3.8,15.,0.));
#8675 = CIRCLE('',#8676,1.);
#8676 = AXIS2_PLACEMENT_3D('',#8677,#8678,#8679);
#8677 = CARTESIAN_POINT('',(3.8,16.,0.));
#8678 = DIRECTION('',(0.,0.,-1.));
#8679 = DIRECTION('',(1.,0.,0.));
#8680 = ORIENTED_EDGE('',*,*,#8681,.T.);
#8681 = EDGE_CURVE('',#8673,#3035,#8682,.T.);
#8682 = LINE('',#8683,#8684);
#8683 = CARTESIAN_POINT('',(3.8,15.,0.));
#8684 = VECTOR('',#8685,1.);
#8685 = DIRECTION('',(-1.,0.,0.));
#8686 = FACE_BOUND('',#8687,.F.);
#8687 = EDGE_LOOP('',(#8688,#8698,#8706,#8714,#8722,#8730));
#8688 = ORIENTED_EDGE('',*,*,#8689,.T.);
#8689 = EDGE_CURVE('',#8690,#8692,#8694,.T.);
#8690 = VERTEX_POINT('',#8691);
#8691 = CARTESIAN_POINT('',(8.5,16.5,0.));
#8692 = VERTEX_POINT('',#8693);
#8693 = CARTESIAN_POINT('',(8.5,5.,0.));
#8694 = LINE('',#8695,#8696);
#8695 = CARTESIAN_POINT('',(8.5,57.5,0.));
#8696 = VECTOR('',#8697,1.);
#8697 = DIRECTION('',(0.,-1.,0.));
#8698 = ORIENTED_EDGE('',*,*,#8699,.T.);
#8699 = EDGE_CURVE('',#8692,#8700,#8702,.T.);
#8700 = VERTEX_POINT('',#8701);
#8701 = CARTESIAN_POINT('',(7.5,5.,0.));
#8702 = LINE('',#8703,#8704);
#8703 = CARTESIAN_POINT('',(23.75,5.,0.));
#8704 = VECTOR('',#8705,1.);
#8705 = DIRECTION('',(-1.,0.,0.));
#8706 = ORIENTED_EDGE('',*,*,#8707,.T.);
#8707 = EDGE_CURVE('',#8700,#8708,#8710,.T.);
#8708 = VERTEX_POINT('',#8709);
#8709 = CARTESIAN_POINT('',(7.5,15.5,0.));
#8710 = LINE('',#8711,#8712);
#8711 = CARTESIAN_POINT('',(7.5,62.75,0.));
#8712 = VECTOR('',#8713,1.);
#8713 = DIRECTION('',(0.,1.,0.));
#8714 = ORIENTED_EDGE('',*,*,#8715,.T.);
#8715 = EDGE_CURVE('',#8708,#8716,#8718,.T.);
#8716 = VERTEX_POINT('',#8717);
#8717 = CARTESIAN_POINT('',(5.,15.5,0.));
#8718 = LINE('',#8719,#8720);
#8719 = CARTESIAN_POINT('',(22.5,15.5,0.));
#8720 = VECTOR('',#8721,1.);
#8721 = DIRECTION('',(-1.,0.,0.));
#8722 = ORIENTED_EDGE('',*,*,#8723,.T.);
#8723 = EDGE_CURVE('',#8716,#8724,#8726,.T.);
#8724 = VERTEX_POINT('',#8725);
#8725 = CARTESIAN_POINT('',(5.,16.5,0.));
#8726 = LINE('',#8727,#8728);
#8727 = CARTESIAN_POINT('',(5.,63.25,0.));
#8728 = VECTOR('',#8729,1.);
#8729 = DIRECTION('',(0.,1.,0.));
#8730 = ORIENTED_EDGE('',*,*,#8731,.F.);
#8731 = EDGE_CURVE('',#8690,#8724,#8732,.T.);
#8732 = LINE('',#8733,#8734);
#8733 = CARTESIAN_POINT('',(22.5,16.5,0.));
#8734 = VECTOR('',#8735,1.);
#8735 = DIRECTION('',(-1.,0.,0.));
#8736 = FACE_BOUND('',#8737,.F.);
#8737 = EDGE_LOOP('',(#8738));
#8738 = ORIENTED_EDGE('',*,*,#8739,.F.);
#8739 = EDGE_CURVE('',#8740,#8740,#8742,.T.);
#8740 = VERTEX_POINT('',#8741);
#8741 = CARTESIAN_POINT('',(14.,9.,0.));
#8742 = CIRCLE('',#8743,1.);
#8743 = AXIS2_PLACEMENT_3D('',#8744,#8745,#8746);
#8744 = CARTESIAN_POINT('',(13.,9.,0.));
#8745 = DIRECTION('',(0.,0.,1.));
#8746 = DIRECTION('',(1.,0.,0.));
#8747 = FACE_BOUND('',#8748,.F.);
#8748 = EDGE_LOOP('',(#8749,#8750,#8751,#8752,#8753,#8754,#8755,#8756,
    #8757));
#8749 = ORIENTED_EDGE('',*,*,#7470,.F.);
#8750 = ORIENTED_EDGE('',*,*,#7446,.F.);
#8751 = ORIENTED_EDGE('',*,*,#7494,.F.);
#8752 = ORIENTED_EDGE('',*,*,#7542,.F.);
#8753 = ORIENTED_EDGE('',*,*,#7590,.F.);
#8754 = ORIENTED_EDGE('',*,*,#7631,.F.);
#8755 = ORIENTED_EDGE('',*,*,#7614,.F.);
#8756 = ORIENTED_EDGE('',*,*,#7566,.F.);
#8757 = ORIENTED_EDGE('',*,*,#7518,.F.);
#8758 = FACE_BOUND('',#8759,.F.);
#8759 = EDGE_LOOP('',(#8760,#8770,#8778,#8786));
#8760 = ORIENTED_EDGE('',*,*,#8761,.T.);
#8761 = EDGE_CURVE('',#8762,#8764,#8766,.T.);
#8762 = VERTEX_POINT('',#8763);
#8763 = CARTESIAN_POINT('',(12.5,13.5,0.));
#8764 = VERTEX_POINT('',#8765);
#8765 = CARTESIAN_POINT('',(67.5,13.5,0.));
#8766 = LINE('',#8767,#8768);
#8767 = CARTESIAN_POINT('',(53.75,13.5,0.));
#8768 = VECTOR('',#8769,1.);
#8769 = DIRECTION('',(1.,0.,0.));
#8770 = ORIENTED_EDGE('',*,*,#8771,.T.);
#8771 = EDGE_CURVE('',#8764,#8772,#8774,.T.);
#8772 = VERTEX_POINT('',#8773);
#8773 = CARTESIAN_POINT('',(67.5,12.5,0.));
#8774 = LINE('',#8775,#8776);
#8775 = CARTESIAN_POINT('',(67.5,61.25,0.));
#8776 = VECTOR('',#8777,1.);
#8777 = DIRECTION('',(0.,-1.,0.));
#8778 = ORIENTED_EDGE('',*,*,#8779,.T.);
#8779 = EDGE_CURVE('',#8772,#8780,#8782,.T.);
#8780 = VERTEX_POINT('',#8781);
#8781 = CARTESIAN_POINT('',(12.5,12.5,0.));
#8782 = LINE('',#8783,#8784);
#8783 = CARTESIAN_POINT('',(26.25,12.5,0.));
#8784 = VECTOR('',#8785,1.);
#8785 = DIRECTION('',(-1.,0.,0.));
#8786 = ORIENTED_EDGE('',*,*,#8787,.T.);
#8787 = EDGE_CURVE('',#8780,#8762,#8788,.T.);
#8788 = LINE('',#8789,#8790);
#8789 = CARTESIAN_POINT('',(12.5,61.75,0.));
#8790 = VECTOR('',#8791,1.);
#8791 = DIRECTION('',(0.,1.,0.));
#8792 = FACE_BOUND('',#8793,.F.);
#8793 = EDGE_LOOP('',(#8794,#8804,#8812,#8820));
#8794 = ORIENTED_EDGE('',*,*,#8795,.T.);
#8795 = EDGE_CURVE('',#8796,#8798,#8800,.T.);
#8796 = VERTEX_POINT('',#8797);
#8797 = CARTESIAN_POINT('',(12.5,16.5,0.));
#8798 = VERTEX_POINT('',#8799);
#8799 = CARTESIAN_POINT('',(67.5,16.5,0.));
#8800 = LINE('',#8801,#8802);
#8801 = CARTESIAN_POINT('',(53.75,16.5,0.));
#8802 = VECTOR('',#8803,1.);
#8803 = DIRECTION('',(1.,0.,0.));
#8804 = ORIENTED_EDGE('',*,*,#8805,.T.);
#8805 = EDGE_CURVE('',#8798,#8806,#8808,.T.);
#8806 = VERTEX_POINT('',#8807);
#8807 = CARTESIAN_POINT('',(67.5,15.5,0.));
#8808 = LINE('',#8809,#8810);
#8809 = CARTESIAN_POINT('',(67.5,62.75,0.));
#8810 = VECTOR('',#8811,1.);
#8811 = DIRECTION('',(0.,-1.,0.));
#8812 = ORIENTED_EDGE('',*,*,#8813,.T.);
#8813 = EDGE_CURVE('',#8806,#8814,#8816,.T.);
#8814 = VERTEX_POINT('',#8815);
#8815 = CARTESIAN_POINT('',(12.5,15.5,0.));
#8816 = LINE('',#8817,#8818);
#8817 = CARTESIAN_POINT('',(26.25,15.5,0.));
#8818 = VECTOR('',#8819,1.);
#8819 = DIRECTION('',(-1.,0.,0.));
#8820 = ORIENTED_EDGE('',*,*,#8821,.T.);
#8821 = EDGE_CURVE('',#8814,#8796,#8822,.T.);
#8822 = LINE('',#8823,#8824);
#8823 = CARTESIAN_POINT('',(12.5,63.25,0.));
#8824 = VECTOR('',#8825,1.);
#8825 = DIRECTION('',(0.,1.,0.));
#8826 = FACE_BOUND('',#8827,.F.);
#8827 = EDGE_LOOP('',(#8828,#8829,#8830,#8831,#8832,#8833,#8834,#8835,
    #8836,#8837,#8838,#8839));
#8828 = ORIENTED_EDGE('',*,*,#3468,.F.);
#8829 = ORIENTED_EDGE('',*,*,#3451,.F.);
#8830 = ORIENTED_EDGE('',*,*,#3427,.F.);
#8831 = ORIENTED_EDGE('',*,*,#3403,.F.);
#8832 = ORIENTED_EDGE('',*,*,#3379,.F.);
#8833 = ORIENTED_EDGE('',*,*,#3355,.F.);
#8834 = ORIENTED_EDGE('',*,*,#3331,.F.);
#8835 = ORIENTED_EDGE('',*,*,#3307,.F.);
#8836 = ORIENTED_EDGE('',*,*,#3283,.F.);
#8837 = ORIENTED_EDGE('',*,*,#3259,.F.);
#8838 = ORIENTED_EDGE('',*,*,#3235,.F.);
#8839 = ORIENTED_EDGE('',*,*,#3204,.F.);
#8840 = FACE_BOUND('',#8841,.F.);
#8841 = EDGE_LOOP('',(#8842,#8843,#8844,#8845,#8846,#8847,#8848,#8849,
    #8850,#8851,#8852,#8853,#8854,#8855,#8856,#8857));
#8842 = ORIENTED_EDGE('',*,*,#3852,.F.);
#8843 = ORIENTED_EDGE('',*,*,#3835,.F.);
#8844 = ORIENTED_EDGE('',*,*,#3811,.F.);
#8845 = ORIENTED_EDGE('',*,*,#3787,.F.);
#8846 = ORIENTED_EDGE('',*,*,#3763,.F.);
#8847 = ORIENTED_EDGE('',*,*,#3739,.F.);
#8848 = ORIENTED_EDGE('',*,*,#3715,.F.);
#8849 = ORIENTED_EDGE('',*,*,#3691,.F.);
#8850 = ORIENTED_EDGE('',*,*,#3667,.F.);
#8851 = ORIENTED_EDGE('',*,*,#3643,.F.);
#8852 = ORIENTED_EDGE('',*,*,#3619,.F.);
#8853 = ORIENTED_EDGE('',*,*,#3595,.F.);
#8854 = ORIENTED_EDGE('',*,*,#3571,.F.);
#8855 = ORIENTED_EDGE('',*,*,#3547,.F.);
#8856 = ORIENTED_EDGE('',*,*,#3523,.F.);
#8857 = ORIENTED_EDGE('',*,*,#3492,.F.);
#8858 = FACE_BOUND('',#8859,.F.);
#8859 = EDGE_LOOP('',(#8860,#8870,#8878,#8886));
#8860 = ORIENTED_EDGE('',*,*,#8861,.T.);
#8861 = EDGE_CURVE('',#8862,#8864,#8866,.T.);
#8862 = VERTEX_POINT('',#8863);
#8863 = CARTESIAN_POINT('',(7.5,44.5,0.));
#8864 = VERTEX_POINT('',#8865);
#8865 = CARTESIAN_POINT('',(72.5,44.5,0.));
#8866 = LINE('',#8867,#8868);
#8867 = CARTESIAN_POINT('',(56.25,44.5,0.));
#8868 = VECTOR('',#8869,1.);
#8869 = DIRECTION('',(1.,0.,0.));
#8870 = ORIENTED_EDGE('',*,*,#8871,.T.);
#8871 = EDGE_CURVE('',#8864,#8872,#8874,.T.);
#8872 = VERTEX_POINT('',#8873);
#8873 = CARTESIAN_POINT('',(72.5,43.5,0.));
#8874 = LINE('',#8875,#8876);
#8875 = CARTESIAN_POINT('',(72.5,76.75,0.));
#8876 = VECTOR('',#8877,1.);
#8877 = DIRECTION('',(0.,-1.,0.));
#8878 = ORIENTED_EDGE('',*,*,#8879,.T.);
#8879 = EDGE_CURVE('',#8872,#8880,#8882,.T.);
#8880 = VERTEX_POINT('',#8881);
#8881 = CARTESIAN_POINT('',(7.5,43.5,0.));
#8882 = LINE('',#8883,#8884);
#8883 = CARTESIAN_POINT('',(23.75,43.5,0.));
#8884 = VECTOR('',#8885,1.);
#8885 = DIRECTION('',(-1.,0.,0.));
#8886 = ORIENTED_EDGE('',*,*,#8887,.T.);
#8887 = EDGE_CURVE('',#8880,#8862,#8888,.T.);
#8888 = LINE('',#8889,#8890);
#8889 = CARTESIAN_POINT('',(7.5,77.25,0.));
#8890 = VECTOR('',#8891,1.);
#8891 = DIRECTION('',(0.,1.,0.));
#8892 = FACE_BOUND('',#8893,.F.);
#8893 = EDGE_LOOP('',(#8894,#8904,#8912,#8920));
#8894 = ORIENTED_EDGE('',*,*,#8895,.T.);
#8895 = EDGE_CURVE('',#8896,#8898,#8900,.T.);
#8896 = VERTEX_POINT('',#8897);
#8897 = CARTESIAN_POINT('',(7.5,47.5,0.));
#8898 = VERTEX_POINT('',#8899);
#8899 = CARTESIAN_POINT('',(72.5,47.5,0.));
#8900 = LINE('',#8901,#8902);
#8901 = CARTESIAN_POINT('',(56.25,47.5,0.));
#8902 = VECTOR('',#8903,1.);
#8903 = DIRECTION('',(1.,0.,0.));
#8904 = ORIENTED_EDGE('',*,*,#8905,.T.);
#8905 = EDGE_CURVE('',#8898,#8906,#8908,.T.);
#8906 = VERTEX_POINT('',#8907);
#8907 = CARTESIAN_POINT('',(72.5,46.5,0.));
#8908 = LINE('',#8909,#8910);
#8909 = CARTESIAN_POINT('',(72.5,78.25,0.));
#8910 = VECTOR('',#8911,1.);
#8911 = DIRECTION('',(0.,-1.,0.));
#8912 = ORIENTED_EDGE('',*,*,#8913,.T.);
#8913 = EDGE_CURVE('',#8906,#8914,#8916,.T.);
#8914 = VERTEX_POINT('',#8915);
#8915 = CARTESIAN_POINT('',(7.5,46.5,0.));
#8916 = LINE('',#8917,#8918);
#8917 = CARTESIAN_POINT('',(23.75,46.5,0.));
#8918 = VECTOR('',#8919,1.);
#8919 = DIRECTION('',(-1.,0.,0.));
#8920 = ORIENTED_EDGE('',*,*,#8921,.T.);
#8921 = EDGE_CURVE('',#8914,#8896,#8922,.T.);
#8922 = LINE('',#8923,#8924);
#8923 = CARTESIAN_POINT('',(7.5,78.75,0.));
#8924 = VECTOR('',#8925,1.);
#8925 = DIRECTION('',(0.,1.,0.));
#8926 = FACE_BOUND('',#8927,.F.);
#8927 = EDGE_LOOP('',(#8928,#8929,#8930,#8931,#8932,#8933,#8934,#8935,
    #8936));
#8928 = ORIENTED_EDGE('',*,*,#7662,.T.);
#8929 = ORIENTED_EDGE('',*,*,#7686,.T.);
#8930 = ORIENTED_EDGE('',*,*,#7734,.T.);
#8931 = ORIENTED_EDGE('',*,*,#7782,.T.);
#8932 = ORIENTED_EDGE('',*,*,#7830,.T.);
#8933 = ORIENTED_EDGE('',*,*,#7847,.T.);
#8934 = ORIENTED_EDGE('',*,*,#7806,.T.);
#8935 = ORIENTED_EDGE('',*,*,#7758,.T.);
#8936 = ORIENTED_EDGE('',*,*,#7710,.T.);
#8937 = FACE_BOUND('',#8938,.F.);
#8938 = EDGE_LOOP('',(#8939));
#8939 = ORIENTED_EDGE('',*,*,#8940,.F.);
#8940 = EDGE_CURVE('',#8941,#8941,#8943,.T.);
#8941 = VERTEX_POINT('',#8942);
#8942 = CARTESIAN_POINT('',(19.,58.,0.));
#8943 = CIRCLE('',#8944,1.);
#8944 = AXIS2_PLACEMENT_3D('',#8945,#8946,#8947);
#8945 = CARTESIAN_POINT('',(18.,58.,0.));
#8946 = DIRECTION('',(0.,0.,1.));
#8947 = DIRECTION('',(1.,0.,0.));
#8948 = FACE_BOUND('',#8949,.F.);
#8949 = EDGE_LOOP('',(#8950));
#8950 = ORIENTED_EDGE('',*,*,#8951,.F.);
#8951 = EDGE_CURVE('',#8952,#8952,#8954,.T.);
#8952 = VERTEX_POINT('',#8953);
#8953 = CARTESIAN_POINT('',(41.,58.,0.));
#8954 = CIRCLE('',#8955,1.);
#8955 = AXIS2_PLACEMENT_3D('',#8956,#8957,#8958);
#8956 = CARTESIAN_POINT('',(40.,58.,0.));
#8957 = DIRECTION('',(0.,0.,1.));
#8958 = DIRECTION('',(1.,0.,0.));
#8959 = FACE_BOUND('',#8960,.F.);
#8960 = EDGE_LOOP('',(#8961,#8962,#8963,#8964,#8965,#8966,#8967,#8968,
    #8969,#8970,#8971,#8972,#8973,#8974,#8975,#8976));
#8961 = ORIENTED_EDGE('',*,*,#4236,.F.);
#8962 = ORIENTED_EDGE('',*,*,#4219,.F.);
#8963 = ORIENTED_EDGE('',*,*,#4195,.F.);
#8964 = ORIENTED_EDGE('',*,*,#4171,.F.);
#8965 = ORIENTED_EDGE('',*,*,#4147,.F.);
#8966 = ORIENTED_EDGE('',*,*,#4123,.F.);
#8967 = ORIENTED_EDGE('',*,*,#4099,.F.);
#8968 = ORIENTED_EDGE('',*,*,#4075,.F.);
#8969 = ORIENTED_EDGE('',*,*,#4051,.F.);
#8970 = ORIENTED_EDGE('',*,*,#4027,.F.);
#8971 = ORIENTED_EDGE('',*,*,#4003,.F.);
#8972 = ORIENTED_EDGE('',*,*,#3979,.F.);
#8973 = ORIENTED_EDGE('',*,*,#3955,.F.);
#8974 = ORIENTED_EDGE('',*,*,#3931,.F.);
#8975 = ORIENTED_EDGE('',*,*,#3907,.F.);
#8976 = ORIENTED_EDGE('',*,*,#3876,.F.);
#8977 = FACE_BOUND('',#8978,.F.);
#8978 = EDGE_LOOP('',(#8979,#8980,#8981,#8982,#8983,#8984,#8985,#8986,
    #8987,#8988,#8989,#8990));
#8979 = ORIENTED_EDGE('',*,*,#4524,.F.);
#8980 = ORIENTED_EDGE('',*,*,#4507,.F.);
#8981 = ORIENTED_EDGE('',*,*,#4483,.F.);
#8982 = ORIENTED_EDGE('',*,*,#4459,.F.);
#8983 = ORIENTED_EDGE('',*,*,#4435,.F.);
#8984 = ORIENTED_EDGE('',*,*,#4411,.F.);
#8985 = ORIENTED_EDGE('',*,*,#4387,.F.);
#8986 = ORIENTED_EDGE('',*,*,#4363,.F.);
#8987 = ORIENTED_EDGE('',*,*,#4339,.F.);
#8988 = ORIENTED_EDGE('',*,*,#4315,.F.);
#8989 = ORIENTED_EDGE('',*,*,#4291,.F.);
#8990 = ORIENTED_EDGE('',*,*,#4260,.F.);
#8991 = FACE_BOUND('',#8992,.F.);
#8992 = EDGE_LOOP('',(#8993));
#8993 = ORIENTED_EDGE('',*,*,#8994,.F.);
#8994 = EDGE_CURVE('',#8995,#8995,#8997,.T.);
#8995 = VERTEX_POINT('',#8996);
#8996 = CARTESIAN_POINT('',(68.,9.,0.));
#8997 = CIRCLE('',#8998,1.);
#8998 = AXIS2_PLACEMENT_3D('',#8999,#9000,#9001);
#8999 = CARTESIAN_POINT('',(67.,9.,0.));
#9000 = DIRECTION('',(0.,0.,1.));
#9001 = DIRECTION('',(1.,0.,0.));
#9002 = FACE_BOUND('',#9003,.F.);
#9003 = EDGE_LOOP('',(#9004,#9014,#9022,#9030,#9038,#9046));
#9004 = ORIENTED_EDGE('',*,*,#9005,.F.);
#9005 = EDGE_CURVE('',#9006,#9008,#9010,.T.);
#9006 = VERTEX_POINT('',#9007);
#9007 = CARTESIAN_POINT('',(71.5,5.,0.));
#9008 = VERTEX_POINT('',#9009);
#9009 = CARTESIAN_POINT('',(72.5,5.,0.));
#9010 = LINE('',#9011,#9012);
#9011 = CARTESIAN_POINT('',(56.25,5.,0.));
#9012 = VECTOR('',#9013,1.);
#9013 = DIRECTION('',(1.,0.,0.));
#9014 = ORIENTED_EDGE('',*,*,#9015,.F.);
#9015 = EDGE_CURVE('',#9016,#9006,#9018,.T.);
#9016 = VERTEX_POINT('',#9017);
#9017 = CARTESIAN_POINT('',(71.5,16.5,0.));
#9018 = LINE('',#9019,#9020);
#9019 = CARTESIAN_POINT('',(71.5,57.5,0.));
#9020 = VECTOR('',#9021,1.);
#9021 = DIRECTION('',(0.,-1.,0.));
#9022 = ORIENTED_EDGE('',*,*,#9023,.T.);
#9023 = EDGE_CURVE('',#9016,#9024,#9026,.T.);
#9024 = VERTEX_POINT('',#9025);
#9025 = CARTESIAN_POINT('',(75.,16.5,0.));
#9026 = LINE('',#9027,#9028);
#9027 = CARTESIAN_POINT('',(57.5,16.5,0.));
#9028 = VECTOR('',#9029,1.);
#9029 = DIRECTION('',(1.,0.,0.));
#9030 = ORIENTED_EDGE('',*,*,#9031,.F.);
#9031 = EDGE_CURVE('',#9032,#9024,#9034,.T.);
#9032 = VERTEX_POINT('',#9033);
#9033 = CARTESIAN_POINT('',(75.,15.5,0.));
#9034 = LINE('',#9035,#9036);
#9035 = CARTESIAN_POINT('',(75.,63.25,0.));
#9036 = VECTOR('',#9037,1.);
#9037 = DIRECTION('',(0.,1.,0.));
#9038 = ORIENTED_EDGE('',*,*,#9039,.F.);
#9039 = EDGE_CURVE('',#9040,#9032,#9042,.T.);
#9040 = VERTEX_POINT('',#9041);
#9041 = CARTESIAN_POINT('',(72.5,15.5,0.));
#9042 = LINE('',#9043,#9044);
#9043 = CARTESIAN_POINT('',(57.5,15.5,0.));
#9044 = VECTOR('',#9045,1.);
#9045 = DIRECTION('',(1.,0.,0.));
#9046 = ORIENTED_EDGE('',*,*,#9047,.F.);
#9047 = EDGE_CURVE('',#9008,#9040,#9048,.T.);
#9048 = LINE('',#9049,#9050);
#9049 = CARTESIAN_POINT('',(72.5,62.75,0.));
#9050 = VECTOR('',#9051,1.);
#9051 = DIRECTION('',(0.,1.,0.));
#9052 = FACE_BOUND('',#9053,.F.);
#9053 = EDGE_LOOP('',(#9054));
#9054 = ORIENTED_EDGE('',*,*,#9055,.F.);
#9055 = EDGE_CURVE('',#9056,#9056,#9058,.T.);
#9056 = VERTEX_POINT('',#9057);
#9057 = CARTESIAN_POINT('',(63.,58.,0.));
#9058 = CIRCLE('',#9059,1.);
#9059 = AXIS2_PLACEMENT_3D('',#9060,#9061,#9062);
#9060 = CARTESIAN_POINT('',(62.,58.,0.));
#9061 = DIRECTION('',(0.,0.,1.));
#9062 = DIRECTION('',(1.,0.,0.));
#9063 = FACE_BOUND('',#9064,.F.);
#9064 = EDGE_LOOP('',(#9065));
#9065 = ORIENTED_EDGE('',*,*,#9066,.F.);
#9066 = EDGE_CURVE('',#9067,#9067,#9069,.T.);
#9067 = VERTEX_POINT('',#9068);
#9068 = CARTESIAN_POINT('',(19.,130.,0.));
#9069 = CIRCLE('',#9070,1.);
#9070 = AXIS2_PLACEMENT_3D('',#9071,#9072,#9073);
#9071 = CARTESIAN_POINT('',(18.,130.,0.));
#9072 = DIRECTION('',(0.,0.,1.));
#9073 = DIRECTION('',(1.,0.,0.));
#9074 = FACE_BOUND('',#9075,.F.);
#9075 = EDGE_LOOP('',(#9076));
#9076 = ORIENTED_EDGE('',*,*,#9077,.F.);
#9077 = EDGE_CURVE('',#9078,#9078,#9080,.T.);
#9078 = VERTEX_POINT('',#9079);
#9079 = CARTESIAN_POINT('',(19.,156.,0.));
#9080 = CIRCLE('',#9081,1.);
#9081 = AXIS2_PLACEMENT_3D('',#9082,#9083,#9084);
#9082 = CARTESIAN_POINT('',(18.,156.,0.));
#9083 = DIRECTION('',(0.,0.,1.));
#9084 = DIRECTION('',(1.,0.,0.));
#9085 = FACE_BOUND('',#9086,.F.);
#9086 = EDGE_LOOP('',(#9087));
#9087 = ORIENTED_EDGE('',*,*,#9088,.F.);
#9088 = EDGE_CURVE('',#9089,#9089,#9091,.T.);
#9089 = VERTEX_POINT('',#9090);
#9090 = CARTESIAN_POINT('',(41.,130.,0.));
#9091 = CIRCLE('',#9092,1.);
#9092 = AXIS2_PLACEMENT_3D('',#9093,#9094,#9095);
#9093 = CARTESIAN_POINT('',(40.,130.,0.));
#9094 = DIRECTION('',(0.,0.,1.));
#9095 = DIRECTION('',(1.,0.,0.));
#9096 = FACE_BOUND('',#9097,.F.);
#9097 = EDGE_LOOP('',(#9098));
#9098 = ORIENTED_EDGE('',*,*,#9099,.F.);
#9099 = EDGE_CURVE('',#9100,#9100,#9102,.T.);
#9100 = VERTEX_POINT('',#9101);
#9101 = CARTESIAN_POINT('',(41.,156.,0.));
#9102 = CIRCLE('',#9103,1.);
#9103 = AXIS2_PLACEMENT_3D('',#9104,#9105,#9106);
#9104 = CARTESIAN_POINT('',(40.,156.,0.));
#9105 = DIRECTION('',(0.,0.,1.));
#9106 = DIRECTION('',(1.,0.,0.));
#9107 = FACE_BOUND('',#9108,.F.);
#9108 = EDGE_LOOP('',(#9109,#9110,#9111,#9112,#9113,#9114,#9115,#9116,
    #9117));
#9109 = ORIENTED_EDGE('',*,*,#7974,.T.);
#9110 = ORIENTED_EDGE('',*,*,#7926,.T.);
#9111 = ORIENTED_EDGE('',*,*,#7878,.T.);
#9112 = ORIENTED_EDGE('',*,*,#7902,.T.);
#9113 = ORIENTED_EDGE('',*,*,#7950,.T.);
#9114 = ORIENTED_EDGE('',*,*,#7998,.T.);
#9115 = ORIENTED_EDGE('',*,*,#8046,.T.);
#9116 = ORIENTED_EDGE('',*,*,#8063,.T.);
#9117 = ORIENTED_EDGE('',*,*,#8022,.T.);
#9118 = FACE_BOUND('',#9119,.F.);
#9119 = EDGE_LOOP('',(#9120,#9121,#9122,#9123,#9124,#9125));
#9120 = ORIENTED_EDGE('',*,*,#8310,.F.);
#9121 = ORIENTED_EDGE('',*,*,#8358,.F.);
#9122 = ORIENTED_EDGE('',*,*,#8406,.F.);
#9123 = ORIENTED_EDGE('',*,*,#8423,.F.);
#9124 = ORIENTED_EDGE('',*,*,#8382,.F.);
#9125 = ORIENTED_EDGE('',*,*,#8334,.F.);
#9126 = FACE_BOUND('',#9127,.F.);
#9127 = EDGE_LOOP('',(#9128));
#9128 = ORIENTED_EDGE('',*,*,#9129,.F.);
#9129 = EDGE_CURVE('',#9130,#9130,#9132,.T.);
#9130 = VERTEX_POINT('',#9131);
#9131 = CARTESIAN_POINT('',(14.,211.,0.));
#9132 = CIRCLE('',#9133,1.);
#9133 = AXIS2_PLACEMENT_3D('',#9134,#9135,#9136);
#9134 = CARTESIAN_POINT('',(13.,211.,0.));
#9135 = DIRECTION('',(0.,0.,1.));
#9136 = DIRECTION('',(1.,0.,0.));
#9137 = FACE_BOUND('',#9138,.F.);
#9138 = EDGE_LOOP('',(#9139));
#9139 = ORIENTED_EDGE('',*,*,#9140,.F.);
#9140 = EDGE_CURVE('',#9141,#9141,#9143,.T.);
#9141 = VERTEX_POINT('',#9142);
#9142 = CARTESIAN_POINT('',(21.,189.,0.));
#9143 = CIRCLE('',#9144,1.);
#9144 = AXIS2_PLACEMENT_3D('',#9145,#9146,#9147);
#9145 = CARTESIAN_POINT('',(20.,189.,0.));
#9146 = DIRECTION('',(0.,0.,1.));
#9147 = DIRECTION('',(1.,0.,0.));
#9148 = FACE_BOUND('',#9149,.F.);
#9149 = EDGE_LOOP('',(#9150,#9160,#9168,#9176));
#9150 = ORIENTED_EDGE('',*,*,#9151,.T.);
#9151 = EDGE_CURVE('',#9152,#9154,#9156,.T.);
#9152 = VERTEX_POINT('',#9153);
#9153 = CARTESIAN_POINT('',(7.5,167.5,0.));
#9154 = VERTEX_POINT('',#9155);
#9155 = CARTESIAN_POINT('',(72.5,167.5,0.));
#9156 = LINE('',#9157,#9158);
#9157 = CARTESIAN_POINT('',(56.25,167.5,0.));
#9158 = VECTOR('',#9159,1.);
#9159 = DIRECTION('',(1.,0.,0.));
#9160 = ORIENTED_EDGE('',*,*,#9161,.T.);
#9161 = EDGE_CURVE('',#9154,#9162,#9164,.T.);
#9162 = VERTEX_POINT('',#9163);
#9163 = CARTESIAN_POINT('',(72.5,166.5,0.));
#9164 = LINE('',#9165,#9166);
#9165 = CARTESIAN_POINT('',(72.5,138.25,0.));
#9166 = VECTOR('',#9167,1.);
#9167 = DIRECTION('',(0.,-1.,0.));
#9168 = ORIENTED_EDGE('',*,*,#9169,.T.);
#9169 = EDGE_CURVE('',#9162,#9170,#9172,.T.);
#9170 = VERTEX_POINT('',#9171);
#9171 = CARTESIAN_POINT('',(7.5,166.5,0.));
#9172 = LINE('',#9173,#9174);
#9173 = CARTESIAN_POINT('',(23.75,166.5,0.));
#9174 = VECTOR('',#9175,1.);
#9175 = DIRECTION('',(-1.,0.,0.));
#9176 = ORIENTED_EDGE('',*,*,#9177,.T.);
#9177 = EDGE_CURVE('',#9170,#9152,#9178,.T.);
#9178 = LINE('',#9179,#9180);
#9179 = CARTESIAN_POINT('',(7.5,138.75,0.));
#9180 = VECTOR('',#9181,1.);
#9181 = DIRECTION('',(0.,1.,0.));
#9182 = FACE_BOUND('',#9183,.F.);
#9183 = EDGE_LOOP('',(#9184,#9194,#9202,#9210));
#9184 = ORIENTED_EDGE('',*,*,#9185,.T.);
#9185 = EDGE_CURVE('',#9186,#9188,#9190,.T.);
#9186 = VERTEX_POINT('',#9187);
#9187 = CARTESIAN_POINT('',(7.5,170.5,0.));
#9188 = VERTEX_POINT('',#9189);
#9189 = CARTESIAN_POINT('',(72.5,170.5,0.));
#9190 = LINE('',#9191,#9192);
#9191 = CARTESIAN_POINT('',(56.25,170.5,0.));
#9192 = VECTOR('',#9193,1.);
#9193 = DIRECTION('',(1.,0.,0.));
#9194 = ORIENTED_EDGE('',*,*,#9195,.T.);
#9195 = EDGE_CURVE('',#9188,#9196,#9198,.T.);
#9196 = VERTEX_POINT('',#9197);
#9197 = CARTESIAN_POINT('',(72.5,169.5,0.));
#9198 = LINE('',#9199,#9200);
#9199 = CARTESIAN_POINT('',(72.5,139.75,0.));
#9200 = VECTOR('',#9201,1.);
#9201 = DIRECTION('',(0.,-1.,0.));
#9202 = ORIENTED_EDGE('',*,*,#9203,.T.);
#9203 = EDGE_CURVE('',#9196,#9204,#9206,.T.);
#9204 = VERTEX_POINT('',#9205);
#9205 = CARTESIAN_POINT('',(7.5,169.5,0.));
#9206 = LINE('',#9207,#9208);
#9207 = CARTESIAN_POINT('',(23.75,169.5,0.));
#9208 = VECTOR('',#9209,1.);
#9209 = DIRECTION('',(-1.,0.,0.));
#9210 = ORIENTED_EDGE('',*,*,#9211,.T.);
#9211 = EDGE_CURVE('',#9204,#9186,#9212,.T.);
#9212 = LINE('',#9213,#9214);
#9213 = CARTESIAN_POINT('',(7.5,140.25,0.));
#9214 = VECTOR('',#9215,1.);
#9215 = DIRECTION('',(0.,1.,0.));
#9216 = FACE_BOUND('',#9217,.F.);
#9217 = EDGE_LOOP('',(#9218));
#9218 = ORIENTED_EDGE('',*,*,#9219,.F.);
#9219 = EDGE_CURVE('',#9220,#9220,#9222,.T.);
#9220 = VERTEX_POINT('',#9221);
#9221 = CARTESIAN_POINT('',(41.,185.,0.));
#9222 = CIRCLE('',#9223,1.);
#9223 = AXIS2_PLACEMENT_3D('',#9224,#9225,#9226);
#9224 = CARTESIAN_POINT('',(40.,185.,0.));
#9225 = DIRECTION('',(0.,0.,1.));
#9226 = DIRECTION('',(1.,0.,0.));
#9227 = FACE_BOUND('',#9228,.F.);
#9228 = EDGE_LOOP('',(#9229,#9230,#9231,#9232,#9233,#9234,#9235,#9236,
    #9237,#9238,#9239,#9240));
#9229 = ORIENTED_EDGE('',*,*,#4572,.T.);
#9230 = ORIENTED_EDGE('',*,*,#4548,.T.);
#9231 = ORIENTED_EDGE('',*,*,#4812,.T.);
#9232 = ORIENTED_EDGE('',*,*,#4788,.T.);
#9233 = ORIENTED_EDGE('',*,*,#4764,.T.);
#9234 = ORIENTED_EDGE('',*,*,#4740,.T.);
#9235 = ORIENTED_EDGE('',*,*,#4716,.T.);
#9236 = ORIENTED_EDGE('',*,*,#4692,.T.);
#9237 = ORIENTED_EDGE('',*,*,#4668,.T.);
#9238 = ORIENTED_EDGE('',*,*,#4644,.T.);
#9239 = ORIENTED_EDGE('',*,*,#4620,.T.);
#9240 = ORIENTED_EDGE('',*,*,#4596,.T.);
#9241 = FACE_BOUND('',#9242,.F.);
#9242 = EDGE_LOOP('',(#9243,#9244,#9245,#9246,#9247,#9248,#9249,#9250,
    #9251,#9252,#9253,#9254,#9255,#9256,#9257,#9258));
#9243 = ORIENTED_EDGE('',*,*,#5196,.F.);
#9244 = ORIENTED_EDGE('',*,*,#5179,.F.);
#9245 = ORIENTED_EDGE('',*,*,#5155,.F.);
#9246 = ORIENTED_EDGE('',*,*,#5131,.F.);
#9247 = ORIENTED_EDGE('',*,*,#5107,.F.);
#9248 = ORIENTED_EDGE('',*,*,#5083,.F.);
#9249 = ORIENTED_EDGE('',*,*,#5059,.F.);
#9250 = ORIENTED_EDGE('',*,*,#5035,.F.);
#9251 = ORIENTED_EDGE('',*,*,#5011,.F.);
#9252 = ORIENTED_EDGE('',*,*,#4987,.F.);
#9253 = ORIENTED_EDGE('',*,*,#4963,.F.);
#9254 = ORIENTED_EDGE('',*,*,#4939,.F.);
#9255 = ORIENTED_EDGE('',*,*,#4915,.F.);
#9256 = ORIENTED_EDGE('',*,*,#4891,.F.);
#9257 = ORIENTED_EDGE('',*,*,#4867,.F.);
#9258 = ORIENTED_EDGE('',*,*,#4836,.F.);
#9259 = FACE_BOUND('',#9260,.F.);
#9260 = EDGE_LOOP('',(#9261,#9271,#9279,#9287));
#9261 = ORIENTED_EDGE('',*,*,#9262,.T.);
#9262 = EDGE_CURVE('',#9263,#9265,#9267,.T.);
#9263 = VERTEX_POINT('',#9264);
#9264 = CARTESIAN_POINT('',(12.5,204.5,0.));
#9265 = VERTEX_POINT('',#9266);
#9266 = CARTESIAN_POINT('',(67.5,204.5,0.));
#9267 = LINE('',#9268,#9269);
#9268 = CARTESIAN_POINT('',(53.75,204.5,0.));
#9269 = VECTOR('',#9270,1.);
#9270 = DIRECTION('',(1.,0.,0.));
#9271 = ORIENTED_EDGE('',*,*,#9272,.T.);
#9272 = EDGE_CURVE('',#9265,#9273,#9275,.T.);
#9273 = VERTEX_POINT('',#9274);
#9274 = CARTESIAN_POINT('',(67.5,203.5,0.));
#9275 = LINE('',#9276,#9277);
#9276 = CARTESIAN_POINT('',(67.5,156.75,0.));
#9277 = VECTOR('',#9278,1.);
#9278 = DIRECTION('',(0.,-1.,0.));
#9279 = ORIENTED_EDGE('',*,*,#9280,.T.);
#9280 = EDGE_CURVE('',#9273,#9281,#9283,.T.);
#9281 = VERTEX_POINT('',#9282);
#9282 = CARTESIAN_POINT('',(12.5,203.5,0.));
#9283 = LINE('',#9284,#9285);
#9284 = CARTESIAN_POINT('',(26.25,203.5,0.));
#9285 = VECTOR('',#9286,1.);
#9286 = DIRECTION('',(-1.,0.,0.));
#9287 = ORIENTED_EDGE('',*,*,#9288,.T.);
#9288 = EDGE_CURVE('',#9281,#9263,#9289,.T.);
#9289 = LINE('',#9290,#9291);
#9290 = CARTESIAN_POINT('',(12.5,157.25,0.));
#9291 = VECTOR('',#9292,1.);
#9292 = DIRECTION('',(0.,1.,0.));
#9293 = FACE_BOUND('',#9294,.F.);
#9294 = EDGE_LOOP('',(#9295,#9305,#9313,#9321));
#9295 = ORIENTED_EDGE('',*,*,#9296,.F.);
#9296 = EDGE_CURVE('',#9297,#9299,#9301,.T.);
#9297 = VERTEX_POINT('',#9298);
#9298 = CARTESIAN_POINT('',(12.5,207.5,0.));
#9299 = VERTEX_POINT('',#9300);
#9300 = CARTESIAN_POINT('',(12.5,206.5,0.));
#9301 = LINE('',#9302,#9303);
#9302 = CARTESIAN_POINT('',(12.5,158.25,0.));
#9303 = VECTOR('',#9304,1.);
#9304 = DIRECTION('',(0.,-1.,0.));
#9305 = ORIENTED_EDGE('',*,*,#9306,.F.);
#9306 = EDGE_CURVE('',#9307,#9297,#9309,.T.);
#9307 = VERTEX_POINT('',#9308);
#9308 = CARTESIAN_POINT('',(67.5,207.5,0.));
#9309 = LINE('',#9310,#9311);
#9310 = CARTESIAN_POINT('',(26.25,207.5,0.));
#9311 = VECTOR('',#9312,1.);
#9312 = DIRECTION('',(-1.,0.,0.));
#9313 = ORIENTED_EDGE('',*,*,#9314,.F.);
#9314 = EDGE_CURVE('',#9315,#9307,#9317,.T.);
#9315 = VERTEX_POINT('',#9316);
#9316 = CARTESIAN_POINT('',(67.5,206.5,0.));
#9317 = LINE('',#9318,#9319);
#9318 = CARTESIAN_POINT('',(67.5,158.75,0.));
#9319 = VECTOR('',#9320,1.);
#9320 = DIRECTION('',(0.,1.,0.));
#9321 = ORIENTED_EDGE('',*,*,#9322,.F.);
#9322 = EDGE_CURVE('',#9299,#9315,#9323,.T.);
#9323 = LINE('',#9324,#9325);
#9324 = CARTESIAN_POINT('',(53.75,206.5,0.));
#9325 = VECTOR('',#9326,1.);
#9326 = DIRECTION('',(1.,0.,0.));
#9327 = FACE_BOUND('',#9328,.F.);
#9328 = EDGE_LOOP('',(#9329,#9330,#9331,#9332,#9333,#9334,#9335,#9336,
    #9337));
#9329 = ORIENTED_EDGE('',*,*,#8142,.F.);
#9330 = ORIENTED_EDGE('',*,*,#8190,.F.);
#9331 = ORIENTED_EDGE('',*,*,#8238,.F.);
#9332 = ORIENTED_EDGE('',*,*,#8279,.F.);
#9333 = ORIENTED_EDGE('',*,*,#8262,.F.);
#9334 = ORIENTED_EDGE('',*,*,#8214,.F.);
#9335 = ORIENTED_EDGE('',*,*,#8166,.F.);
#9336 = ORIENTED_EDGE('',*,*,#8118,.F.);
#9337 = ORIENTED_EDGE('',*,*,#8094,.F.);
#9338 = FACE_BOUND('',#9339,.F.);
#9339 = EDGE_LOOP('',(#9340,#9341,#9342,#9343,#9344,#9345,#9346,#9347,
    #9348,#9349,#9350,#9351,#9352,#9353,#9354,#9355,#9356,#9357,#9358,
    #9359));
#9340 = ORIENTED_EDGE('',*,*,#5244,.T.);
#9341 = ORIENTED_EDGE('',*,*,#5220,.T.);
#9342 = ORIENTED_EDGE('',*,*,#5676,.T.);
#9343 = ORIENTED_EDGE('',*,*,#5652,.T.);
#9344 = ORIENTED_EDGE('',*,*,#5628,.T.);
#9345 = ORIENTED_EDGE('',*,*,#5604,.T.);
#9346 = ORIENTED_EDGE('',*,*,#5580,.T.);
#9347 = ORIENTED_EDGE('',*,*,#5556,.T.);
#9348 = ORIENTED_EDGE('',*,*,#5532,.T.);
#9349 = ORIENTED_EDGE('',*,*,#5508,.T.);
#9350 = ORIENTED_EDGE('',*,*,#5484,.T.);
#9351 = ORIENTED_EDGE('',*,*,#5460,.T.);
#9352 = ORIENTED_EDGE('',*,*,#5436,.T.);
#9353 = ORIENTED_EDGE('',*,*,#5412,.T.);
#9354 = ORIENTED_EDGE('',*,*,#5388,.T.);
#9355 = ORIENTED_EDGE('',*,*,#5364,.T.);
#9356 = ORIENTED_EDGE('',*,*,#5340,.T.);
#9357 = ORIENTED_EDGE('',*,*,#5316,.T.);
#9358 = ORIENTED_EDGE('',*,*,#5292,.T.);
#9359 = ORIENTED_EDGE('',*,*,#5268,.T.);
#9360 = FACE_BOUND('',#9361,.F.);
#9361 = EDGE_LOOP('',(#9362,#9363,#9364,#9365,#9366,#9367));
#9362 = ORIENTED_EDGE('',*,*,#5724,.T.);
#9363 = ORIENTED_EDGE('',*,*,#5700,.T.);
#9364 = ORIENTED_EDGE('',*,*,#5820,.T.);
#9365 = ORIENTED_EDGE('',*,*,#5796,.T.);
#9366 = ORIENTED_EDGE('',*,*,#5772,.T.);
#9367 = ORIENTED_EDGE('',*,*,#5748,.T.);
#9368 = FACE_BOUND('',#9369,.F.);
#9369 = EDGE_LOOP('',(#9370));
#9370 = ORIENTED_EDGE('',*,*,#9371,.F.);
#9371 = EDGE_CURVE('',#9372,#9372,#9374,.T.);
#9372 = VERTEX_POINT('',#9373);
#9373 = CARTESIAN_POINT('',(63.,130.,0.));
#9374 = CIRCLE('',#9375,1.);
#9375 = AXIS2_PLACEMENT_3D('',#9376,#9377,#9378);
#9376 = CARTESIAN_POINT('',(62.,130.,0.));
#9377 = DIRECTION('',(0.,0.,1.));
#9378 = DIRECTION('',(1.,0.,0.));
#9379 = FACE_BOUND('',#9380,.F.);
#9380 = EDGE_LOOP('',(#9381));
#9381 = ORIENTED_EDGE('',*,*,#9382,.F.);
#9382 = EDGE_CURVE('',#9383,#9383,#9385,.T.);
#9383 = VERTEX_POINT('',#9384);
#9384 = CARTESIAN_POINT('',(63.,156.,0.));
#9385 = CIRCLE('',#9386,1.);
#9386 = AXIS2_PLACEMENT_3D('',#9387,#9388,#9389);
#9387 = CARTESIAN_POINT('',(62.,156.,0.));
#9388 = DIRECTION('',(0.,0.,1.));
#9389 = DIRECTION('',(1.,0.,0.));
#9390 = FACE_BOUND('',#9391,.F.);
#9391 = EDGE_LOOP('',(#9392));
#9392 = ORIENTED_EDGE('',*,*,#9393,.F.);
#9393 = EDGE_CURVE('',#9394,#9394,#9396,.T.);
#9394 = VERTEX_POINT('',#9395);
#9395 = CARTESIAN_POINT('',(61.,189.,0.));
#9396 = CIRCLE('',#9397,1.);
#9397 = AXIS2_PLACEMENT_3D('',#9398,#9399,#9400);
#9398 = CARTESIAN_POINT('',(60.,189.,0.));
#9399 = DIRECTION('',(0.,0.,1.));
#9400 = DIRECTION('',(1.,0.,0.));
#9401 = FACE_BOUND('',#9402,.F.);
#9402 = EDGE_LOOP('',(#9403));
#9403 = ORIENTED_EDGE('',*,*,#9404,.F.);
#9404 = EDGE_CURVE('',#9405,#9405,#9407,.T.);
#9405 = VERTEX_POINT('',#9406);
#9406 = CARTESIAN_POINT('',(68.,211.,0.));
#9407 = CIRCLE('',#9408,1.);
#9408 = AXIS2_PLACEMENT_3D('',#9409,#9410,#9411);
#9409 = CARTESIAN_POINT('',(67.,211.,0.));
#9410 = DIRECTION('',(0.,0.,1.));
#9411 = DIRECTION('',(1.,0.,0.));
#9412 = FACE_BOUND('',#9413,.F.);
#9413 = EDGE_LOOP('',(#9414,#9424,#9432,#9440,#9448,#9456));
#9414 = ORIENTED_EDGE('',*,*,#9415,.T.);
#9415 = EDGE_CURVE('',#9416,#9418,#9420,.T.);
#9416 = VERTEX_POINT('',#9417);
#9417 = CARTESIAN_POINT('',(75.,204.5,0.));
#9418 = VERTEX_POINT('',#9419);
#9419 = CARTESIAN_POINT('',(75.,203.5,0.));
#9420 = LINE('',#9421,#9422);
#9421 = CARTESIAN_POINT('',(75.,156.75,0.));
#9422 = VECTOR('',#9423,1.);
#9423 = DIRECTION('',(0.,-1.,0.));
#9424 = ORIENTED_EDGE('',*,*,#9425,.T.);
#9425 = EDGE_CURVE('',#9418,#9426,#9428,.T.);
#9426 = VERTEX_POINT('',#9427);
#9427 = CARTESIAN_POINT('',(71.5,203.5,0.));
#9428 = LINE('',#9429,#9430);
#9429 = CARTESIAN_POINT('',(55.75,203.5,0.));
#9430 = VECTOR('',#9431,1.);
#9431 = DIRECTION('',(-1.,0.,0.));
#9432 = ORIENTED_EDGE('',*,*,#9433,.F.);
#9433 = EDGE_CURVE('',#9434,#9426,#9436,.T.);
#9434 = VERTEX_POINT('',#9435);
#9435 = CARTESIAN_POINT('',(71.5,215.,0.));
#9436 = LINE('',#9437,#9438);
#9437 = CARTESIAN_POINT('',(71.5,156.75,0.));
#9438 = VECTOR('',#9439,1.);
#9439 = DIRECTION('',(0.,-1.,0.));
#9440 = ORIENTED_EDGE('',*,*,#9441,.F.);
#9441 = EDGE_CURVE('',#9442,#9434,#9444,.T.);
#9442 = VERTEX_POINT('',#9443);
#9443 = CARTESIAN_POINT('',(72.5,215.,0.));
#9444 = LINE('',#9445,#9446);
#9445 = CARTESIAN_POINT('',(55.75,215.,0.));
#9446 = VECTOR('',#9447,1.);
#9447 = DIRECTION('',(-1.,0.,0.));
#9448 = ORIENTED_EDGE('',*,*,#9449,.F.);
#9449 = EDGE_CURVE('',#9450,#9442,#9452,.T.);
#9450 = VERTEX_POINT('',#9451);
#9451 = CARTESIAN_POINT('',(72.5,204.5,0.));
#9452 = LINE('',#9453,#9454);
#9453 = CARTESIAN_POINT('',(72.5,162.5,0.));
#9454 = VECTOR('',#9455,1.);
#9455 = DIRECTION('',(0.,1.,0.));
#9456 = ORIENTED_EDGE('',*,*,#9457,.T.);
#9457 = EDGE_CURVE('',#9450,#9416,#9458,.T.);
#9458 = LINE('',#9459,#9460);
#9459 = CARTESIAN_POINT('',(57.5,204.5,0.));
#9460 = VECTOR('',#9461,1.);
#9461 = DIRECTION('',(1.,0.,0.));
#9462 = PLANE('',#9463);
#9463 = AXIS2_PLACEMENT_3D('',#9464,#9465,#9466);
#9464 = CARTESIAN_POINT('',(40.,110.,0.));
#9465 = DIRECTION('',(0.,0.,1.));
#9466 = DIRECTION('',(1.,0.,0.));
#9467 = ADVANCED_FACE('',(#9468),#9486,.T.);
#9468 = FACE_BOUND('',#9469,.T.);
#9469 = EDGE_LOOP('',(#9470,#9478,#9484,#9485));
#9470 = ORIENTED_EDGE('',*,*,#9471,.T.);
#9471 = EDGE_CURVE('',#8440,#9472,#9474,.T.);
#9472 = VERTEX_POINT('',#9473);
#9473 = CARTESIAN_POINT('',(10.,3.8,-1.2));
#9474 = LINE('',#9475,#9476);
#9475 = CARTESIAN_POINT('',(10.,3.8,0.));
#9476 = VECTOR('',#9477,1.);
#9477 = DIRECTION('',(0.,0.,-1.));
#9478 = ORIENTED_EDGE('',*,*,#9479,.T.);
#9479 = EDGE_CURVE('',#9472,#2924,#9480,.T.);
#9480 = LINE('',#9481,#9482);
#9481 = CARTESIAN_POINT('',(10.,3.8,-1.2));
#9482 = VECTOR('',#9483,1.);
#9483 = DIRECTION('',(0.,-1.,0.));
#9484 = ORIENTED_EDGE('',*,*,#2923,.F.);
#9485 = ORIENTED_EDGE('',*,*,#8439,.F.);
#9486 = PLANE('',#9487);
#9487 = AXIS2_PLACEMENT_3D('',#9488,#9489,#9490);
#9488 = CARTESIAN_POINT('',(10.,3.8,0.));
#9489 = DIRECTION('',(-1.,-0.,-0.));
#9490 = DIRECTION('',(0.,-1.,0.));
#9491 = ADVANCED_FACE('',(#9492),#9528,.F.);
#9492 = FACE_BOUND('',#9493,.F.);
#9493 = EDGE_LOOP('',(#9494,#9495,#9503,#9512,#9520,#9527));
#9494 = ORIENTED_EDGE('',*,*,#2931,.T.);
#9495 = ORIENTED_EDGE('',*,*,#9496,.T.);
#9496 = EDGE_CURVE('',#2932,#9497,#9499,.T.);
#9497 = VERTEX_POINT('',#9498);
#9498 = CARTESIAN_POINT('',(70.,3.8,-1.2));
#9499 = LINE('',#9500,#9501);
#9500 = CARTESIAN_POINT('',(70.,0.,-1.2));
#9501 = VECTOR('',#9502,1.);
#9502 = DIRECTION('',(0.,1.,0.));
#9503 = ORIENTED_EDGE('',*,*,#9504,.F.);
#9504 = EDGE_CURVE('',#9505,#9497,#9507,.T.);
#9505 = VERTEX_POINT('',#9506);
#9506 = CARTESIAN_POINT('',(69.,4.8,-1.2));
#9507 = CIRCLE('',#9508,1.);
#9508 = AXIS2_PLACEMENT_3D('',#9509,#9510,#9511);
#9509 = CARTESIAN_POINT('',(69.,3.8,-1.2));
#9510 = DIRECTION('',(0.,0.,-1.));
#9511 = DIRECTION('',(1.,0.,0.));
#9512 = ORIENTED_EDGE('',*,*,#9513,.T.);
#9513 = EDGE_CURVE('',#9505,#9514,#9516,.T.);
#9514 = VERTEX_POINT('',#9515);
#9515 = CARTESIAN_POINT('',(11.,4.8,-1.2));
#9516 = LINE('',#9517,#9518);
#9517 = CARTESIAN_POINT('',(69.,4.8,-1.2));
#9518 = VECTOR('',#9519,1.);
#9519 = DIRECTION('',(-1.,0.,0.));
#9520 = ORIENTED_EDGE('',*,*,#9521,.F.);
#9521 = EDGE_CURVE('',#9472,#9514,#9522,.T.);
#9522 = CIRCLE('',#9523,1.);
#9523 = AXIS2_PLACEMENT_3D('',#9524,#9525,#9526);
#9524 = CARTESIAN_POINT('',(11.,3.8,-1.2));
#9525 = DIRECTION('',(0.,0.,-1.));
#9526 = DIRECTION('',(1.,0.,0.));
#9527 = ORIENTED_EDGE('',*,*,#9479,.T.);
#9528 = PLANE('',#9529);
#9529 = AXIS2_PLACEMENT_3D('',#9530,#9531,#9532);
#9530 = CARTESIAN_POINT('',(40.,110.49520513322,-1.2));
#9531 = DIRECTION('',(0.,0.,1.));
#9532 = DIRECTION('',(1.,0.,0.));
#9533 = ADVANCED_FACE('',(#9534),#9545,.T.);
#9534 = FACE_BOUND('',#9535,.T.);
#9535 = EDGE_LOOP('',(#9536,#9537,#9538,#9544));
#9536 = ORIENTED_EDGE('',*,*,#2939,.T.);
#9537 = ORIENTED_EDGE('',*,*,#9496,.T.);
#9538 = ORIENTED_EDGE('',*,*,#9539,.F.);
#9539 = EDGE_CURVE('',#8465,#9497,#9540,.T.);
#9540 = LINE('',#9541,#9542);
#9541 = CARTESIAN_POINT('',(70.,3.8,0.));
#9542 = VECTOR('',#9543,1.);
#9543 = DIRECTION('',(0.,0.,-1.));
#9544 = ORIENTED_EDGE('',*,*,#8473,.F.);
#9545 = PLANE('',#9546);
#9546 = AXIS2_PLACEMENT_3D('',#9547,#9548,#9549);
#9547 = CARTESIAN_POINT('',(70.,0.,0.));
#9548 = DIRECTION('',(1.,0.,0.));
#9549 = DIRECTION('',(0.,1.,0.));
#9550 = ADVANCED_FACE('',(#9551),#9569,.T.);
#9551 = FACE_BOUND('',#9552,.T.);
#9552 = EDGE_LOOP('',(#9553,#9561,#9567,#9568));
#9553 = ORIENTED_EDGE('',*,*,#9554,.T.);
#9554 = EDGE_CURVE('',#8607,#9555,#9557,.T.);
#9555 = VERTEX_POINT('',#9556);
#9556 = CARTESIAN_POINT('',(3.8,205.,-1.2));
#9557 = LINE('',#9558,#9559);
#9558 = CARTESIAN_POINT('',(3.8,205.,0.));
#9559 = VECTOR('',#9560,1.);
#9560 = DIRECTION('',(0.,0.,-1.));
#9561 = ORIENTED_EDGE('',*,*,#9562,.T.);
#9562 = EDGE_CURVE('',#9555,#2987,#9563,.T.);
#9563 = LINE('',#9564,#9565);
#9564 = CARTESIAN_POINT('',(3.8,205.,-1.2));
#9565 = VECTOR('',#9566,1.);
#9566 = DIRECTION('',(-1.,0.,0.));
#9567 = ORIENTED_EDGE('',*,*,#2986,.F.);
#9568 = ORIENTED_EDGE('',*,*,#8606,.F.);
#9569 = PLANE('',#9570);
#9570 = AXIS2_PLACEMENT_3D('',#9571,#9572,#9573);
#9571 = CARTESIAN_POINT('',(3.8,205.,0.));
#9572 = DIRECTION('',(0.,1.,0.));
#9573 = DIRECTION('',(-1.,0.,0.));
#9574 = ADVANCED_FACE('',(#9575),#9611,.F.);
#9575 = FACE_BOUND('',#9576,.F.);
#9576 = EDGE_LOOP('',(#9577,#9578,#9586,#9595,#9603,#9610));
#9577 = ORIENTED_EDGE('',*,*,#2994,.T.);
#9578 = ORIENTED_EDGE('',*,*,#9579,.T.);
#9579 = EDGE_CURVE('',#2995,#9580,#9582,.T.);
#9580 = VERTEX_POINT('',#9581);
#9581 = CARTESIAN_POINT('',(3.8,120.5,-1.2));
#9582 = LINE('',#9583,#9584);
#9583 = CARTESIAN_POINT('',(0.,120.5,-1.2));
#9584 = VECTOR('',#9585,1.);
#9585 = DIRECTION('',(1.,0.,0.));
#9586 = ORIENTED_EDGE('',*,*,#9587,.F.);
#9587 = EDGE_CURVE('',#9588,#9580,#9590,.T.);
#9588 = VERTEX_POINT('',#9589);
#9589 = CARTESIAN_POINT('',(4.8,121.5,-1.2));
#9590 = CIRCLE('',#9591,1.);
#9591 = AXIS2_PLACEMENT_3D('',#9592,#9593,#9594);
#9592 = CARTESIAN_POINT('',(3.8,121.5,-1.2));
#9593 = DIRECTION('',(0.,0.,-1.));
#9594 = DIRECTION('',(1.,0.,0.));
#9595 = ORIENTED_EDGE('',*,*,#9596,.T.);
#9596 = EDGE_CURVE('',#9588,#9597,#9599,.T.);
#9597 = VERTEX_POINT('',#9598);
#9598 = CARTESIAN_POINT('',(4.8,204.,-1.2));
#9599 = LINE('',#9600,#9601);
#9600 = CARTESIAN_POINT('',(4.8,121.5,-1.2));
#9601 = VECTOR('',#9602,1.);
#9602 = DIRECTION('',(0.,1.,0.));
#9603 = ORIENTED_EDGE('',*,*,#9604,.F.);
#9604 = EDGE_CURVE('',#9555,#9597,#9605,.T.);
#9605 = CIRCLE('',#9606,1.);
#9606 = AXIS2_PLACEMENT_3D('',#9607,#9608,#9609);
#9607 = CARTESIAN_POINT('',(3.8,204.,-1.2));
#9608 = DIRECTION('',(0.,0.,-1.));
#9609 = DIRECTION('',(1.,0.,0.));
#9610 = ORIENTED_EDGE('',*,*,#9562,.T.);
#9611 = PLANE('',#9612);
#9612 = AXIS2_PLACEMENT_3D('',#9613,#9614,#9615);
#9613 = CARTESIAN_POINT('',(40.,110.49520513322,-1.2));
#9614 = DIRECTION('',(0.,0.,1.));
#9615 = DIRECTION('',(1.,0.,0.));
#9616 = ADVANCED_FACE('',(#9617),#9628,.T.);
#9617 = FACE_BOUND('',#9618,.T.);
#9618 = EDGE_LOOP('',(#9619,#9620,#9621,#9627));
#9619 = ORIENTED_EDGE('',*,*,#3002,.T.);
#9620 = ORIENTED_EDGE('',*,*,#9579,.T.);
#9621 = ORIENTED_EDGE('',*,*,#9622,.F.);
#9622 = EDGE_CURVE('',#8632,#9580,#9623,.T.);
#9623 = LINE('',#9624,#9625);
#9624 = CARTESIAN_POINT('',(3.8,120.5,0.));
#9625 = VECTOR('',#9626,1.);
#9626 = DIRECTION('',(0.,0.,-1.));
#9627 = ORIENTED_EDGE('',*,*,#8640,.F.);
#9628 = PLANE('',#9629);
#9629 = AXIS2_PLACEMENT_3D('',#9630,#9631,#9632);
#9630 = CARTESIAN_POINT('',(0.,120.5,0.));
#9631 = DIRECTION('',(0.,-1.,0.));
#9632 = DIRECTION('',(1.,0.,0.));
#9633 = ADVANCED_FACE('',(#9634),#9652,.F.);
#9634 = FACE_BOUND('',#9635,.F.);
#9635 = EDGE_LOOP('',(#9636,#9637,#9645,#9651));
#9636 = ORIENTED_EDGE('',*,*,#3018,.T.);
#9637 = ORIENTED_EDGE('',*,*,#9638,.T.);
#9638 = EDGE_CURVE('',#3019,#9639,#9641,.T.);
#9639 = VERTEX_POINT('',#9640);
#9640 = CARTESIAN_POINT('',(3.8,90.5,-1.2));
#9641 = LINE('',#9642,#9643);
#9642 = CARTESIAN_POINT('',(0.,90.5,-1.2));
#9643 = VECTOR('',#9644,1.);
#9644 = DIRECTION('',(1.,0.,0.));
#9645 = ORIENTED_EDGE('',*,*,#9646,.F.);
#9646 = EDGE_CURVE('',#8648,#9639,#9647,.T.);
#9647 = LINE('',#9648,#9649);
#9648 = CARTESIAN_POINT('',(3.8,90.5,0.));
#9649 = VECTOR('',#9650,1.);
#9650 = DIRECTION('',(0.,0.,-1.));
#9651 = ORIENTED_EDGE('',*,*,#8647,.F.);
#9652 = PLANE('',#9653);
#9653 = AXIS2_PLACEMENT_3D('',#9654,#9655,#9656);
#9654 = CARTESIAN_POINT('',(0.,90.5,0.));
#9655 = DIRECTION('',(0.,-1.,0.));
#9656 = DIRECTION('',(1.,0.,0.));
#9657 = ADVANCED_FACE('',(#9658),#9694,.F.);
#9658 = FACE_BOUND('',#9659,.T.);
#9659 = EDGE_LOOP('',(#9660,#9661,#9662,#9671,#9679,#9688));
#9660 = ORIENTED_EDGE('',*,*,#3026,.T.);
#9661 = ORIENTED_EDGE('',*,*,#9638,.T.);
#9662 = ORIENTED_EDGE('',*,*,#9663,.T.);
#9663 = EDGE_CURVE('',#9639,#9664,#9666,.T.);
#9664 = VERTEX_POINT('',#9665);
#9665 = CARTESIAN_POINT('',(4.8,89.5,-1.2));
#9666 = CIRCLE('',#9667,1.);
#9667 = AXIS2_PLACEMENT_3D('',#9668,#9669,#9670);
#9668 = CARTESIAN_POINT('',(3.8,89.5,-1.2));
#9669 = DIRECTION('',(0.,0.,-1.));
#9670 = DIRECTION('',(1.,0.,0.));
#9671 = ORIENTED_EDGE('',*,*,#9672,.T.);
#9672 = EDGE_CURVE('',#9664,#9673,#9675,.T.);
#9673 = VERTEX_POINT('',#9674);
#9674 = CARTESIAN_POINT('',(4.8,16.,-1.2));
#9675 = LINE('',#9676,#9677);
#9676 = CARTESIAN_POINT('',(4.8,89.5,-1.2));
#9677 = VECTOR('',#9678,1.);
#9678 = DIRECTION('',(0.,-1.,0.));
#9679 = ORIENTED_EDGE('',*,*,#9680,.T.);
#9680 = EDGE_CURVE('',#9673,#9681,#9683,.T.);
#9681 = VERTEX_POINT('',#9682);
#9682 = CARTESIAN_POINT('',(3.8,15.,-1.2));
#9683 = CIRCLE('',#9684,1.);
#9684 = AXIS2_PLACEMENT_3D('',#9685,#9686,#9687);
#9685 = CARTESIAN_POINT('',(3.8,16.,-1.2));
#9686 = DIRECTION('',(0.,0.,-1.));
#9687 = DIRECTION('',(1.,0.,0.));
#9688 = ORIENTED_EDGE('',*,*,#9689,.T.);
#9689 = EDGE_CURVE('',#9681,#3027,#9690,.T.);
#9690 = LINE('',#9691,#9692);
#9691 = CARTESIAN_POINT('',(3.8,15.,-1.2));
#9692 = VECTOR('',#9693,1.);
#9693 = DIRECTION('',(-1.,0.,0.));
#9694 = PLANE('',#9695);
#9695 = AXIS2_PLACEMENT_3D('',#9696,#9697,#9698);
#9696 = CARTESIAN_POINT('',(40.,110.49520513322,-1.2));
#9697 = DIRECTION('',(0.,0.,1.));
#9698 = DIRECTION('',(1.,0.,0.));
#9699 = ADVANCED_FACE('',(#9700),#9711,.F.);
#9700 = FACE_BOUND('',#9701,.F.);
#9701 = EDGE_LOOP('',(#9702,#9708,#9709,#9710));
#9702 = ORIENTED_EDGE('',*,*,#9703,.T.);
#9703 = EDGE_CURVE('',#8673,#9681,#9704,.T.);
#9704 = LINE('',#9705,#9706);
#9705 = CARTESIAN_POINT('',(3.8,15.,0.));
#9706 = VECTOR('',#9707,1.);
#9707 = DIRECTION('',(0.,0.,-1.));
#9708 = ORIENTED_EDGE('',*,*,#9689,.T.);
#9709 = ORIENTED_EDGE('',*,*,#3034,.F.);
#9710 = ORIENTED_EDGE('',*,*,#8681,.F.);
#9711 = PLANE('',#9712);
#9712 = AXIS2_PLACEMENT_3D('',#9713,#9714,#9715);
#9713 = CARTESIAN_POINT('',(3.8,15.,0.));
#9714 = DIRECTION('',(0.,1.,0.));
#9715 = DIRECTION('',(-1.,0.,0.));
#9716 = ADVANCED_FACE('',(#9717),#9735,.T.);
#9717 = FACE_BOUND('',#9718,.T.);
#9718 = EDGE_LOOP('',(#9719,#9727,#9733,#9734));
#9719 = ORIENTED_EDGE('',*,*,#9720,.T.);
#9720 = EDGE_CURVE('',#8482,#9721,#9723,.T.);
#9721 = VERTEX_POINT('',#9722);
#9722 = CARTESIAN_POINT('',(76.2,15.,-1.2));
#9723 = LINE('',#9724,#9725);
#9724 = CARTESIAN_POINT('',(76.2,15.,0.));
#9725 = VECTOR('',#9726,1.);
#9726 = DIRECTION('',(0.,0.,-1.));
#9727 = ORIENTED_EDGE('',*,*,#9728,.T.);
#9728 = EDGE_CURVE('',#9721,#3068,#9729,.T.);
#9729 = LINE('',#9730,#9731);
#9730 = CARTESIAN_POINT('',(76.2,15.,-1.2));
#9731 = VECTOR('',#9732,1.);
#9732 = DIRECTION('',(1.,0.,0.));
#9733 = ORIENTED_EDGE('',*,*,#3067,.F.);
#9734 = ORIENTED_EDGE('',*,*,#8481,.F.);
#9735 = PLANE('',#9736);
#9736 = AXIS2_PLACEMENT_3D('',#9737,#9738,#9739);
#9737 = CARTESIAN_POINT('',(76.2,15.,0.));
#9738 = DIRECTION('',(0.,-1.,0.));
#9739 = DIRECTION('',(1.,0.,0.));
#9740 = ADVANCED_FACE('',(#9741),#9777,.F.);
#9741 = FACE_BOUND('',#9742,.F.);
#9742 = EDGE_LOOP('',(#9743,#9744,#9752,#9761,#9769,#9776));
#9743 = ORIENTED_EDGE('',*,*,#3075,.T.);
#9744 = ORIENTED_EDGE('',*,*,#9745,.T.);
#9745 = EDGE_CURVE('',#3076,#9746,#9748,.T.);
#9746 = VERTEX_POINT('',#9747);
#9747 = CARTESIAN_POINT('',(76.2,90.5,-1.2));
#9748 = LINE('',#9749,#9750);
#9749 = CARTESIAN_POINT('',(80.,90.5,-1.2));
#9750 = VECTOR('',#9751,1.);
#9751 = DIRECTION('',(-1.,0.,0.));
#9752 = ORIENTED_EDGE('',*,*,#9753,.F.);
#9753 = EDGE_CURVE('',#9754,#9746,#9756,.T.);
#9754 = VERTEX_POINT('',#9755);
#9755 = CARTESIAN_POINT('',(75.2,89.5,-1.2));
#9756 = CIRCLE('',#9757,1.);
#9757 = AXIS2_PLACEMENT_3D('',#9758,#9759,#9760);
#9758 = CARTESIAN_POINT('',(76.2,89.5,-1.2));
#9759 = DIRECTION('',(0.,0.,-1.));
#9760 = DIRECTION('',(1.,0.,0.));
#9761 = ORIENTED_EDGE('',*,*,#9762,.T.);
#9762 = EDGE_CURVE('',#9754,#9763,#9765,.T.);
#9763 = VERTEX_POINT('',#9764);
#9764 = CARTESIAN_POINT('',(75.2,16.,-1.2));
#9765 = LINE('',#9766,#9767);
#9766 = CARTESIAN_POINT('',(75.2,89.5,-1.2));
#9767 = VECTOR('',#9768,1.);
#9768 = DIRECTION('',(0.,-1.,0.));
#9769 = ORIENTED_EDGE('',*,*,#9770,.F.);
#9770 = EDGE_CURVE('',#9721,#9763,#9771,.T.);
#9771 = CIRCLE('',#9772,1.);
#9772 = AXIS2_PLACEMENT_3D('',#9773,#9774,#9775);
#9773 = CARTESIAN_POINT('',(76.2,16.,-1.2));
#9774 = DIRECTION('',(0.,0.,-1.));
#9775 = DIRECTION('',(1.,0.,0.));
#9776 = ORIENTED_EDGE('',*,*,#9728,.T.);
#9777 = PLANE('',#9778);
#9778 = AXIS2_PLACEMENT_3D('',#9779,#9780,#9781);
#9779 = CARTESIAN_POINT('',(40.,110.49520513322,-1.2));
#9780 = DIRECTION('',(0.,0.,1.));
#9781 = DIRECTION('',(1.,0.,0.));
#9782 = ADVANCED_FACE('',(#9783),#9794,.T.);
#9783 = FACE_BOUND('',#9784,.T.);
#9784 = EDGE_LOOP('',(#9785,#9786,#9787,#9793));
#9785 = ORIENTED_EDGE('',*,*,#3083,.T.);
#9786 = ORIENTED_EDGE('',*,*,#9745,.T.);
#9787 = ORIENTED_EDGE('',*,*,#9788,.F.);
#9788 = EDGE_CURVE('',#8507,#9746,#9789,.T.);
#9789 = LINE('',#9790,#9791);
#9790 = CARTESIAN_POINT('',(76.2,90.5,0.));
#9791 = VECTOR('',#9792,1.);
#9792 = DIRECTION('',(0.,0.,-1.));
#9793 = ORIENTED_EDGE('',*,*,#8515,.F.);
#9794 = PLANE('',#9795);
#9795 = AXIS2_PLACEMENT_3D('',#9796,#9797,#9798);
#9796 = CARTESIAN_POINT('',(80.,90.5,0.));
#9797 = DIRECTION('',(0.,1.,0.));
#9798 = DIRECTION('',(-1.,0.,0.));
#9799 = ADVANCED_FACE('',(#9800),#9818,.F.);
#9800 = FACE_BOUND('',#9801,.F.);
#9801 = EDGE_LOOP('',(#9802,#9803,#9811,#9817));
#9802 = ORIENTED_EDGE('',*,*,#3099,.T.);
#9803 = ORIENTED_EDGE('',*,*,#9804,.T.);
#9804 = EDGE_CURVE('',#3100,#9805,#9807,.T.);
#9805 = VERTEX_POINT('',#9806);
#9806 = CARTESIAN_POINT('',(76.2,120.5,-1.2));
#9807 = LINE('',#9808,#9809);
#9808 = CARTESIAN_POINT('',(80.,120.5,-1.2));
#9809 = VECTOR('',#9810,1.);
#9810 = DIRECTION('',(-1.,0.,0.));
#9811 = ORIENTED_EDGE('',*,*,#9812,.F.);
#9812 = EDGE_CURVE('',#8523,#9805,#9813,.T.);
#9813 = LINE('',#9814,#9815);
#9814 = CARTESIAN_POINT('',(76.2,120.5,0.));
#9815 = VECTOR('',#9816,1.);
#9816 = DIRECTION('',(0.,0.,-1.));
#9817 = ORIENTED_EDGE('',*,*,#8522,.F.);
#9818 = PLANE('',#9819);
#9819 = AXIS2_PLACEMENT_3D('',#9820,#9821,#9822);
#9820 = CARTESIAN_POINT('',(80.,120.5,0.));
#9821 = DIRECTION('',(0.,1.,0.));
#9822 = DIRECTION('',(-1.,0.,0.));
#9823 = ADVANCED_FACE('',(#9824),#9860,.F.);
#9824 = FACE_BOUND('',#9825,.T.);
#9825 = EDGE_LOOP('',(#9826,#9827,#9828,#9837,#9845,#9854));
#9826 = ORIENTED_EDGE('',*,*,#3107,.T.);
#9827 = ORIENTED_EDGE('',*,*,#9804,.T.);
#9828 = ORIENTED_EDGE('',*,*,#9829,.T.);
#9829 = EDGE_CURVE('',#9805,#9830,#9832,.T.);
#9830 = VERTEX_POINT('',#9831);
#9831 = CARTESIAN_POINT('',(75.2,121.5,-1.2));
#9832 = CIRCLE('',#9833,1.);
#9833 = AXIS2_PLACEMENT_3D('',#9834,#9835,#9836);
#9834 = CARTESIAN_POINT('',(76.2,121.5,-1.2));
#9835 = DIRECTION('',(0.,0.,-1.));
#9836 = DIRECTION('',(1.,0.,0.));
#9837 = ORIENTED_EDGE('',*,*,#9838,.T.);
#9838 = EDGE_CURVE('',#9830,#9839,#9841,.T.);
#9839 = VERTEX_POINT('',#9840);
#9840 = CARTESIAN_POINT('',(75.2,204.,-1.2));
#9841 = LINE('',#9842,#9843);
#9842 = CARTESIAN_POINT('',(75.2,121.5,-1.2));
#9843 = VECTOR('',#9844,1.);
#9844 = DIRECTION('',(0.,1.,0.));
#9845 = ORIENTED_EDGE('',*,*,#9846,.T.);
#9846 = EDGE_CURVE('',#9839,#9847,#9849,.T.);
#9847 = VERTEX_POINT('',#9848);
#9848 = CARTESIAN_POINT('',(76.2,205.,-1.2));
#9849 = CIRCLE('',#9850,1.);
#9850 = AXIS2_PLACEMENT_3D('',#9851,#9852,#9853);
#9851 = CARTESIAN_POINT('',(76.2,204.,-1.2));
#9852 = DIRECTION('',(0.,0.,-1.));
#9853 = DIRECTION('',(1.,0.,0.));
#9854 = ORIENTED_EDGE('',*,*,#9855,.T.);
#9855 = EDGE_CURVE('',#9847,#3108,#9856,.T.);
#9856 = LINE('',#9857,#9858);
#9857 = CARTESIAN_POINT('',(76.2,205.,-1.2));
#9858 = VECTOR('',#9859,1.);
#9859 = DIRECTION('',(1.,0.,0.));
#9860 = PLANE('',#9861);
#9861 = AXIS2_PLACEMENT_3D('',#9862,#9863,#9864);
#9862 = CARTESIAN_POINT('',(40.,110.49520513322,-1.2));
#9863 = DIRECTION('',(0.,0.,1.));
#9864 = DIRECTION('',(1.,0.,0.));
#9865 = ADVANCED_FACE('',(#9866),#9877,.F.);
#9866 = FACE_BOUND('',#9867,.F.);
#9867 = EDGE_LOOP('',(#9868,#9874,#9875,#9876));
#9868 = ORIENTED_EDGE('',*,*,#9869,.T.);
#9869 = EDGE_CURVE('',#8548,#9847,#9870,.T.);
#9870 = LINE('',#9871,#9872);
#9871 = CARTESIAN_POINT('',(76.2,205.,0.));
#9872 = VECTOR('',#9873,1.);
#9873 = DIRECTION('',(0.,0.,-1.));
#9874 = ORIENTED_EDGE('',*,*,#9855,.T.);
#9875 = ORIENTED_EDGE('',*,*,#3115,.F.);
#9876 = ORIENTED_EDGE('',*,*,#8556,.F.);
#9877 = PLANE('',#9878);
#9878 = AXIS2_PLACEMENT_3D('',#9879,#9880,#9881);
#9879 = CARTESIAN_POINT('',(76.2,205.,0.));
#9880 = DIRECTION('',(0.,-1.,0.));
#9881 = DIRECTION('',(1.,0.,0.));
#9882 = ADVANCED_FACE('',(#9883),#9901,.F.);
#9883 = FACE_BOUND('',#9884,.F.);
#9884 = EDGE_LOOP('',(#9885,#9886,#9894,#9900));
#9885 = ORIENTED_EDGE('',*,*,#3155,.T.);
#9886 = ORIENTED_EDGE('',*,*,#9887,.T.);
#9887 = EDGE_CURVE('',#3156,#9888,#9890,.T.);
#9888 = VERTEX_POINT('',#9889);
#9889 = CARTESIAN_POINT('',(70.,216.2,-1.2));
#9890 = LINE('',#9891,#9892);
#9891 = CARTESIAN_POINT('',(70.,220.,-1.2));
#9892 = VECTOR('',#9893,1.);
#9893 = DIRECTION('',(0.,-1.,0.));
#9894 = ORIENTED_EDGE('',*,*,#9895,.F.);
#9895 = EDGE_CURVE('',#8565,#9888,#9896,.T.);
#9896 = LINE('',#9897,#9898);
#9897 = CARTESIAN_POINT('',(70.,216.2,0.));
#9898 = VECTOR('',#9899,1.);
#9899 = DIRECTION('',(0.,0.,-1.));
#9900 = ORIENTED_EDGE('',*,*,#8564,.F.);
#9901 = PLANE('',#9902);
#9902 = AXIS2_PLACEMENT_3D('',#9903,#9904,#9905);
#9903 = CARTESIAN_POINT('',(70.,220.,0.));
#9904 = DIRECTION('',(-1.,-0.,-0.));
#9905 = DIRECTION('',(0.,-1.,0.));
#9906 = ADVANCED_FACE('',(#9907),#9943,.F.);
#9907 = FACE_BOUND('',#9908,.T.);
#9908 = EDGE_LOOP('',(#9909,#9910,#9911,#9920,#9928,#9937));
#9909 = ORIENTED_EDGE('',*,*,#3163,.T.);
#9910 = ORIENTED_EDGE('',*,*,#9887,.T.);
#9911 = ORIENTED_EDGE('',*,*,#9912,.T.);
#9912 = EDGE_CURVE('',#9888,#9913,#9915,.T.);
#9913 = VERTEX_POINT('',#9914);
#9914 = CARTESIAN_POINT('',(69.,215.2,-1.2));
#9915 = CIRCLE('',#9916,1.);
#9916 = AXIS2_PLACEMENT_3D('',#9917,#9918,#9919);
#9917 = CARTESIAN_POINT('',(69.,216.2,-1.2));
#9918 = DIRECTION('',(0.,0.,-1.));
#9919 = DIRECTION('',(1.,0.,0.));
#9920 = ORIENTED_EDGE('',*,*,#9921,.T.);
#9921 = EDGE_CURVE('',#9913,#9922,#9924,.T.);
#9922 = VERTEX_POINT('',#9923);
#9923 = CARTESIAN_POINT('',(11.,215.2,-1.2));
#9924 = LINE('',#9925,#9926);
#9925 = CARTESIAN_POINT('',(69.,215.2,-1.2));
#9926 = VECTOR('',#9927,1.);
#9927 = DIRECTION('',(-1.,0.,0.));
#9928 = ORIENTED_EDGE('',*,*,#9929,.T.);
#9929 = EDGE_CURVE('',#9922,#9930,#9932,.T.);
#9930 = VERTEX_POINT('',#9931);
#9931 = CARTESIAN_POINT('',(10.,216.2,-1.2));
#9932 = CIRCLE('',#9933,1.);
#9933 = AXIS2_PLACEMENT_3D('',#9934,#9935,#9936);
#9934 = CARTESIAN_POINT('',(11.,216.2,-1.2));
#9935 = DIRECTION('',(0.,0.,-1.));
#9936 = DIRECTION('',(1.,0.,0.));
#9937 = ORIENTED_EDGE('',*,*,#9938,.T.);
#9938 = EDGE_CURVE('',#9930,#3164,#9939,.T.);
#9939 = LINE('',#9940,#9941);
#9940 = CARTESIAN_POINT('',(10.,216.2,-1.2));
#9941 = VECTOR('',#9942,1.);
#9942 = DIRECTION('',(0.,1.,0.));
#9943 = PLANE('',#9944);
#9944 = AXIS2_PLACEMENT_3D('',#9945,#9946,#9947);
#9945 = CARTESIAN_POINT('',(40.,110.49520513322,-1.2));
#9946 = DIRECTION('',(0.,0.,1.));
#9947 = DIRECTION('',(1.,0.,0.));
#9948 = ADVANCED_FACE('',(#9949),#9960,.F.);
#9949 = FACE_BOUND('',#9950,.F.);
#9950 = EDGE_LOOP('',(#9951,#9957,#9958,#9959));
#9951 = ORIENTED_EDGE('',*,*,#9952,.T.);
#9952 = EDGE_CURVE('',#8590,#9930,#9953,.T.);
#9953 = LINE('',#9954,#9955);
#9954 = CARTESIAN_POINT('',(10.,216.2,0.));
#9955 = VECTOR('',#9956,1.);
#9956 = DIRECTION('',(0.,0.,-1.));
#9957 = ORIENTED_EDGE('',*,*,#9938,.T.);
#9958 = ORIENTED_EDGE('',*,*,#3171,.F.);
#9959 = ORIENTED_EDGE('',*,*,#8598,.F.);
#9960 = PLANE('',#9961);
#9961 = AXIS2_PLACEMENT_3D('',#9962,#9963,#9964);
#9962 = CARTESIAN_POINT('',(10.,216.2,0.));
#9963 = DIRECTION('',(1.,0.,0.));
#9964 = DIRECTION('',(0.,1.,0.));
#9965 = ADVANCED_FACE('',(#9966),#9977,.F.);
#9966 = FACE_BOUND('',#9967,.F.);
#9967 = EDGE_LOOP('',(#9968,#9974,#9975,#9976));
#9968 = ORIENTED_EDGE('',*,*,#9969,.F.);
#9969 = EDGE_CURVE('',#5836,#9130,#9970,.T.);
#9970 = LINE('',#9971,#9972);
#9971 = CARTESIAN_POINT('',(14.,211.,1.));
#9972 = VECTOR('',#9973,1.);
#9973 = DIRECTION('',(-0.,-0.,-1.));
#9974 = ORIENTED_EDGE('',*,*,#5845,.F.);
#9975 = ORIENTED_EDGE('',*,*,#9969,.T.);
#9976 = ORIENTED_EDGE('',*,*,#9129,.T.);
#9977 = CYLINDRICAL_SURFACE('',#9978,1.);
#9978 = AXIS2_PLACEMENT_3D('',#9979,#9980,#9981);
#9979 = CARTESIAN_POINT('',(13.,211.,1.));
#9980 = DIRECTION('',(0.,0.,1.));
#9981 = DIRECTION('',(1.,0.,0.));
#9982 = ADVANCED_FACE('',(#9983),#9999,.T.);
#9983 = FACE_BOUND('',#9984,.T.);
#9984 = EDGE_LOOP('',(#9985,#9991,#9992,#9998));
#9985 = ORIENTED_EDGE('',*,*,#9986,.F.);
#9986 = EDGE_CURVE('',#5870,#9307,#9987,.T.);
#9987 = LINE('',#9988,#9989);
#9988 = CARTESIAN_POINT('',(67.5,207.5,1.));
#9989 = VECTOR('',#9990,1.);
#9990 = DIRECTION('',(-0.,-0.,-1.));
#9991 = ORIENTED_EDGE('',*,*,#5876,.F.);
#9992 = ORIENTED_EDGE('',*,*,#9993,.T.);
#9993 = EDGE_CURVE('',#5861,#9297,#9994,.T.);
#9994 = LINE('',#9995,#9996);
#9995 = CARTESIAN_POINT('',(12.5,207.5,1.));
#9996 = VECTOR('',#9997,1.);
#9997 = DIRECTION('',(-0.,-0.,-1.));
#9998 = ORIENTED_EDGE('',*,*,#9306,.F.);
#9999 = PLANE('',#10000);
#10000 = AXIS2_PLACEMENT_3D('',#10001,#10002,#10003);
#10001 = CARTESIAN_POINT('',(12.5,207.5,1.));
#10002 = DIRECTION('',(0.,-1.,0.));
#10003 = DIRECTION('',(1.,0.,0.));
#10004 = ADVANCED_FACE('',(#10005),#10016,.T.);
#10005 = FACE_BOUND('',#10006,.T.);
#10006 = EDGE_LOOP('',(#10007,#10008,#10009,#10015));
#10007 = ORIENTED_EDGE('',*,*,#9993,.F.);
#10008 = ORIENTED_EDGE('',*,*,#5900,.F.);
#10009 = ORIENTED_EDGE('',*,*,#10010,.T.);
#10010 = EDGE_CURVE('',#5891,#9299,#10011,.T.);
#10011 = LINE('',#10012,#10013);
#10012 = CARTESIAN_POINT('',(12.5,206.5,1.));
#10013 = VECTOR('',#10014,1.);
#10014 = DIRECTION('',(-0.,-0.,-1.));
#10015 = ORIENTED_EDGE('',*,*,#9296,.F.);
#10016 = PLANE('',#10017);
#10017 = AXIS2_PLACEMENT_3D('',#10018,#10019,#10020);
#10018 = CARTESIAN_POINT('',(12.5,206.5,1.));
#10019 = DIRECTION('',(1.,0.,0.));
#10020 = DIRECTION('',(0.,1.,0.));
#10021 = ADVANCED_FACE('',(#10022),#10033,.T.);
#10022 = FACE_BOUND('',#10023,.T.);
#10023 = EDGE_LOOP('',(#10024,#10030,#10031,#10032));
#10024 = ORIENTED_EDGE('',*,*,#10025,.F.);
#10025 = EDGE_CURVE('',#5916,#9315,#10026,.T.);
#10026 = LINE('',#10027,#10028);
#10027 = CARTESIAN_POINT('',(67.5,206.5,1.));
#10028 = VECTOR('',#10029,1.);
#10029 = DIRECTION('',(-0.,-0.,-1.));
#10030 = ORIENTED_EDGE('',*,*,#5915,.F.);
#10031 = ORIENTED_EDGE('',*,*,#9986,.T.);
#10032 = ORIENTED_EDGE('',*,*,#9314,.F.);
#10033 = PLANE('',#10034);
#10034 = AXIS2_PLACEMENT_3D('',#10035,#10036,#10037);
#10035 = CARTESIAN_POINT('',(67.5,207.5,1.));
#10036 = DIRECTION('',(-1.,0.,0.));
#10037 = DIRECTION('',(0.,-1.,0.));
#10038 = ADVANCED_FACE('',(#10039),#10045,.T.);
#10039 = FACE_BOUND('',#10040,.T.);
#10040 = EDGE_LOOP('',(#10041,#10042,#10043,#10044));
#10041 = ORIENTED_EDGE('',*,*,#10010,.F.);
#10042 = ORIENTED_EDGE('',*,*,#5939,.F.);
#10043 = ORIENTED_EDGE('',*,*,#10025,.T.);
#10044 = ORIENTED_EDGE('',*,*,#9322,.F.);
#10045 = PLANE('',#10046);
#10046 = AXIS2_PLACEMENT_3D('',#10047,#10048,#10049);
#10047 = CARTESIAN_POINT('',(67.5,206.5,1.));
#10048 = DIRECTION('',(0.,1.,0.));
#10049 = DIRECTION('',(-1.,0.,0.));
#10050 = ADVANCED_FACE('',(#10051),#10067,.F.);
#10051 = FACE_BOUND('',#10052,.F.);
#10052 = EDGE_LOOP('',(#10053,#10059,#10060,#10066));
#10053 = ORIENTED_EDGE('',*,*,#10054,.F.);
#10054 = EDGE_CURVE('',#5962,#9263,#10055,.T.);
#10055 = LINE('',#10056,#10057);
#10056 = CARTESIAN_POINT('',(12.5,204.5,1.));
#10057 = VECTOR('',#10058,1.);
#10058 = DIRECTION('',(-0.,-0.,-1.));
#10059 = ORIENTED_EDGE('',*,*,#5969,.F.);
#10060 = ORIENTED_EDGE('',*,*,#10061,.T.);
#10061 = EDGE_CURVE('',#5954,#9265,#10062,.T.);
#10062 = LINE('',#10063,#10064);
#10063 = CARTESIAN_POINT('',(67.5,204.5,1.));
#10064 = VECTOR('',#10065,1.);
#10065 = DIRECTION('',(-0.,-0.,-1.));
#10066 = ORIENTED_EDGE('',*,*,#9262,.F.);
#10067 = PLANE('',#10068);
#10068 = AXIS2_PLACEMENT_3D('',#10069,#10070,#10071);
#10069 = CARTESIAN_POINT('',(67.5,204.5,1.));
#10070 = DIRECTION('',(0.,1.,0.));
#10071 = DIRECTION('',(-1.,0.,0.));
#10072 = ADVANCED_FACE('',(#10073),#10084,.F.);
#10073 = FACE_BOUND('',#10074,.F.);
#10074 = EDGE_LOOP('',(#10075,#10076,#10077,#10083));
#10075 = ORIENTED_EDGE('',*,*,#10061,.F.);
#10076 = ORIENTED_EDGE('',*,*,#5990,.F.);
#10077 = ORIENTED_EDGE('',*,*,#10078,.T.);
#10078 = EDGE_CURVE('',#5984,#9273,#10079,.T.);
#10079 = LINE('',#10080,#10081);
#10080 = CARTESIAN_POINT('',(67.5,203.5,1.));
#10081 = VECTOR('',#10082,1.);
#10082 = DIRECTION('',(-0.,-0.,-1.));
#10083 = ORIENTED_EDGE('',*,*,#9272,.F.);
#10084 = PLANE('',#10085);
#10085 = AXIS2_PLACEMENT_3D('',#10086,#10087,#10088);
#10086 = CARTESIAN_POINT('',(67.5,203.5,1.));
#10087 = DIRECTION('',(1.,0.,0.));
#10088 = DIRECTION('',(0.,1.,0.));
#10089 = ADVANCED_FACE('',(#10090),#10101,.F.);
#10090 = FACE_BOUND('',#10091,.F.);
#10091 = EDGE_LOOP('',(#10092,#10098,#10099,#10100));
#10092 = ORIENTED_EDGE('',*,*,#10093,.F.);
#10093 = EDGE_CURVE('',#6008,#9281,#10094,.T.);
#10094 = LINE('',#10095,#10096);
#10095 = CARTESIAN_POINT('',(12.5,203.5,1.));
#10096 = VECTOR('',#10097,1.);
#10097 = DIRECTION('',(-0.,-0.,-1.));
#10098 = ORIENTED_EDGE('',*,*,#6015,.F.);
#10099 = ORIENTED_EDGE('',*,*,#10054,.T.);
#10100 = ORIENTED_EDGE('',*,*,#9288,.F.);
#10101 = PLANE('',#10102);
#10102 = AXIS2_PLACEMENT_3D('',#10103,#10104,#10105);
#10103 = CARTESIAN_POINT('',(12.5,204.5,1.));
#10104 = DIRECTION('',(-1.,0.,0.));
#10105 = DIRECTION('',(0.,-1.,0.));
#10106 = ADVANCED_FACE('',(#10107),#10113,.F.);
#10107 = FACE_BOUND('',#10108,.F.);
#10108 = EDGE_LOOP('',(#10109,#10110,#10111,#10112));
#10109 = ORIENTED_EDGE('',*,*,#10078,.F.);
#10110 = ORIENTED_EDGE('',*,*,#6032,.F.);
#10111 = ORIENTED_EDGE('',*,*,#10093,.T.);
#10112 = ORIENTED_EDGE('',*,*,#9280,.F.);
#10113 = PLANE('',#10114);
#10114 = AXIS2_PLACEMENT_3D('',#10115,#10116,#10117);
#10115 = CARTESIAN_POINT('',(12.5,203.5,1.));
#10116 = DIRECTION('',(0.,-1.,0.));
#10117 = DIRECTION('',(1.,0.,0.));
#10118 = ADVANCED_FACE('',(#10119),#10130,.F.);
#10119 = FACE_BOUND('',#10120,.F.);
#10120 = EDGE_LOOP('',(#10121,#10127,#10128,#10129));
#10121 = ORIENTED_EDGE('',*,*,#10122,.F.);
#10122 = EDGE_CURVE('',#6047,#9405,#10123,.T.);
#10123 = LINE('',#10124,#10125);
#10124 = CARTESIAN_POINT('',(68.,211.,1.));
#10125 = VECTOR('',#10126,1.);
#10126 = DIRECTION('',(-0.,-0.,-1.));
#10127 = ORIENTED_EDGE('',*,*,#6056,.F.);
#10128 = ORIENTED_EDGE('',*,*,#10122,.T.);
#10129 = ORIENTED_EDGE('',*,*,#9404,.T.);
#10130 = CYLINDRICAL_SURFACE('',#10131,1.);
#10131 = AXIS2_PLACEMENT_3D('',#10132,#10133,#10134);
#10132 = CARTESIAN_POINT('',(67.,211.,1.));
#10133 = DIRECTION('',(0.,0.,1.));
#10134 = DIRECTION('',(1.,0.,0.));
#10135 = ADVANCED_FACE('',(#10136),#10152,.T.);
#10136 = FACE_BOUND('',#10137,.T.);
#10137 = EDGE_LOOP('',(#10138,#10144,#10145,#10151));
#10138 = ORIENTED_EDGE('',*,*,#10139,.F.);
#10139 = EDGE_CURVE('',#6081,#9442,#10140,.T.);
#10140 = LINE('',#10141,#10142);
#10141 = CARTESIAN_POINT('',(72.5,215.,1.));
#10142 = VECTOR('',#10143,1.);
#10143 = DIRECTION('',(-0.,-0.,-1.));
#10144 = ORIENTED_EDGE('',*,*,#6088,.F.);
#10145 = ORIENTED_EDGE('',*,*,#10146,.T.);
#10146 = EDGE_CURVE('',#6072,#9434,#10147,.T.);
#10147 = LINE('',#10148,#10149);
#10148 = CARTESIAN_POINT('',(71.5,215.,1.));
#10149 = VECTOR('',#10150,1.);
#10150 = DIRECTION('',(-0.,-0.,-1.));
#10151 = ORIENTED_EDGE('',*,*,#9441,.F.);
#10152 = PLANE('',#10153);
#10153 = AXIS2_PLACEMENT_3D('',#10154,#10155,#10156);
#10154 = CARTESIAN_POINT('',(71.5,215.,1.));
#10155 = DIRECTION('',(0.,-1.,0.));
#10156 = DIRECTION('',(1.,0.,0.));
#10157 = ADVANCED_FACE('',(#10158),#10169,.T.);
#10158 = FACE_BOUND('',#10159,.T.);
#10159 = EDGE_LOOP('',(#10160,#10161,#10162,#10168));
#10160 = ORIENTED_EDGE('',*,*,#10146,.F.);
#10161 = ORIENTED_EDGE('',*,*,#6112,.F.);
#10162 = ORIENTED_EDGE('',*,*,#10163,.T.);
#10163 = EDGE_CURVE('',#6103,#9426,#10164,.T.);
#10164 = LINE('',#10165,#10166);
#10165 = CARTESIAN_POINT('',(71.5,203.5,1.));
#10166 = VECTOR('',#10167,1.);
#10167 = DIRECTION('',(-0.,-0.,-1.));
#10168 = ORIENTED_EDGE('',*,*,#9433,.F.);
#10169 = PLANE('',#10170);
#10170 = AXIS2_PLACEMENT_3D('',#10171,#10172,#10173);
#10171 = CARTESIAN_POINT('',(71.5,203.5,1.));
#10172 = DIRECTION('',(1.,0.,0.));
#10173 = DIRECTION('',(0.,1.,0.));
#10174 = ADVANCED_FACE('',(#10175),#10186,.T.);
#10175 = FACE_BOUND('',#10176,.T.);
#10176 = EDGE_LOOP('',(#10177,#10183,#10184,#10185));
#10177 = ORIENTED_EDGE('',*,*,#10178,.F.);
#10178 = EDGE_CURVE('',#6129,#9450,#10179,.T.);
#10179 = LINE('',#10180,#10181);
#10180 = CARTESIAN_POINT('',(72.5,204.5,1.));
#10181 = VECTOR('',#10182,1.);
#10182 = DIRECTION('',(-0.,-0.,-1.));
#10183 = ORIENTED_EDGE('',*,*,#6136,.F.);
#10184 = ORIENTED_EDGE('',*,*,#10139,.T.);
#10185 = ORIENTED_EDGE('',*,*,#9449,.F.);
#10186 = PLANE('',#10187);
#10187 = AXIS2_PLACEMENT_3D('',#10188,#10189,#10190);
#10188 = CARTESIAN_POINT('',(72.5,215.,1.));
#10189 = DIRECTION('',(-1.,0.,0.));
#10190 = DIRECTION('',(0.,-1.,0.));
#10191 = ADVANCED_FACE('',(#10192),#10203,.F.);
#10192 = FACE_BOUND('',#10193,.F.);
#10193 = EDGE_LOOP('',(#10194,#10200,#10201,#10202));
#10194 = ORIENTED_EDGE('',*,*,#10195,.F.);
#10195 = EDGE_CURVE('',#6153,#9418,#10196,.T.);
#10196 = LINE('',#10197,#10198);
#10197 = CARTESIAN_POINT('',(75.,203.5,1.));
#10198 = VECTOR('',#10199,1.);
#10199 = DIRECTION('',(-0.,-0.,-1.));
#10200 = ORIENTED_EDGE('',*,*,#6160,.F.);
#10201 = ORIENTED_EDGE('',*,*,#10163,.T.);
#10202 = ORIENTED_EDGE('',*,*,#9425,.F.);
#10203 = PLANE('',#10204);
#10204 = AXIS2_PLACEMENT_3D('',#10205,#10206,#10207);
#10205 = CARTESIAN_POINT('',(71.5,203.5,1.));
#10206 = DIRECTION('',(0.,-1.,0.));
#10207 = DIRECTION('',(1.,0.,0.));
#10208 = ADVANCED_FACE('',(#10209),#10220,.F.);
#10209 = FACE_BOUND('',#10210,.F.);
#10210 = EDGE_LOOP('',(#10211,#10212,#10213,#10219));
#10211 = ORIENTED_EDGE('',*,*,#10178,.F.);
#10212 = ORIENTED_EDGE('',*,*,#6184,.F.);
#10213 = ORIENTED_EDGE('',*,*,#10214,.T.);
#10214 = EDGE_CURVE('',#6175,#9416,#10215,.T.);
#10215 = LINE('',#10216,#10217);
#10216 = CARTESIAN_POINT('',(75.,204.5,1.));
#10217 = VECTOR('',#10218,1.);
#10218 = DIRECTION('',(-0.,-0.,-1.));
#10219 = ORIENTED_EDGE('',*,*,#9457,.F.);
#10220 = PLANE('',#10221);
#10221 = AXIS2_PLACEMENT_3D('',#10222,#10223,#10224);
#10222 = CARTESIAN_POINT('',(75.,204.5,1.));
#10223 = DIRECTION('',(0.,1.,0.));
#10224 = DIRECTION('',(-1.,0.,0.));
#10225 = ADVANCED_FACE('',(#10226),#10232,.F.);
#10226 = FACE_BOUND('',#10227,.F.);
#10227 = EDGE_LOOP('',(#10228,#10229,#10230,#10231));
#10228 = ORIENTED_EDGE('',*,*,#10214,.F.);
#10229 = ORIENTED_EDGE('',*,*,#6201,.F.);
#10230 = ORIENTED_EDGE('',*,*,#10195,.T.);
#10231 = ORIENTED_EDGE('',*,*,#9415,.F.);
#10232 = PLANE('',#10233);
#10233 = AXIS2_PLACEMENT_3D('',#10234,#10235,#10236);
#10234 = CARTESIAN_POINT('',(75.,203.5,1.));
#10235 = DIRECTION('',(1.,0.,0.));
#10236 = DIRECTION('',(0.,1.,0.));
#10237 = ADVANCED_FACE('',(#10238),#10249,.F.);
#10238 = FACE_BOUND('',#10239,.F.);
#10239 = EDGE_LOOP('',(#10240,#10246,#10247,#10248));
#10240 = ORIENTED_EDGE('',*,*,#10241,.F.);
#10241 = EDGE_CURVE('',#6216,#9141,#10242,.T.);
#10242 = LINE('',#10243,#10244);
#10243 = CARTESIAN_POINT('',(21.,189.,1.));
#10244 = VECTOR('',#10245,1.);
#10245 = DIRECTION('',(-0.,-0.,-1.));
#10246 = ORIENTED_EDGE('',*,*,#6225,.F.);
#10247 = ORIENTED_EDGE('',*,*,#10241,.T.);
#10248 = ORIENTED_EDGE('',*,*,#9140,.T.);
#10249 = CYLINDRICAL_SURFACE('',#10250,1.);
#10250 = AXIS2_PLACEMENT_3D('',#10251,#10252,#10253);
#10251 = CARTESIAN_POINT('',(20.,189.,1.));
#10252 = DIRECTION('',(0.,0.,1.));
#10253 = DIRECTION('',(1.,0.,0.));
#10254 = ADVANCED_FACE('',(#10255),#10266,.F.);
#10255 = FACE_BOUND('',#10256,.F.);
#10256 = EDGE_LOOP('',(#10257,#10263,#10264,#10265));
#10257 = ORIENTED_EDGE('',*,*,#10258,.F.);
#10258 = EDGE_CURVE('',#6241,#9220,#10259,.T.);
#10259 = LINE('',#10260,#10261);
#10260 = CARTESIAN_POINT('',(41.,185.,1.));
#10261 = VECTOR('',#10262,1.);
#10262 = DIRECTION('',(-0.,-0.,-1.));
#10263 = ORIENTED_EDGE('',*,*,#6250,.F.);
#10264 = ORIENTED_EDGE('',*,*,#10258,.T.);
#10265 = ORIENTED_EDGE('',*,*,#9219,.T.);
#10266 = CYLINDRICAL_SURFACE('',#10267,1.);
#10267 = AXIS2_PLACEMENT_3D('',#10268,#10269,#10270);
#10268 = CARTESIAN_POINT('',(40.,185.,1.));
#10269 = DIRECTION('',(0.,0.,1.));
#10270 = DIRECTION('',(1.,0.,0.));
#10271 = ADVANCED_FACE('',(#10272),#10283,.F.);
#10272 = FACE_BOUND('',#10273,.F.);
#10273 = EDGE_LOOP('',(#10274,#10280,#10281,#10282));
#10274 = ORIENTED_EDGE('',*,*,#10275,.F.);
#10275 = EDGE_CURVE('',#6266,#9394,#10276,.T.);
#10276 = LINE('',#10277,#10278);
#10277 = CARTESIAN_POINT('',(61.,189.,1.));
#10278 = VECTOR('',#10279,1.);
#10279 = DIRECTION('',(-0.,-0.,-1.));
#10280 = ORIENTED_EDGE('',*,*,#6275,.F.);
#10281 = ORIENTED_EDGE('',*,*,#10275,.T.);
#10282 = ORIENTED_EDGE('',*,*,#9393,.T.);
#10283 = CYLINDRICAL_SURFACE('',#10284,1.);
#10284 = AXIS2_PLACEMENT_3D('',#10285,#10286,#10287);
#10285 = CARTESIAN_POINT('',(60.,189.,1.));
#10286 = DIRECTION('',(0.,0.,1.));
#10287 = DIRECTION('',(1.,0.,0.));
#10288 = ADVANCED_FACE('',(#10289),#10305,.F.);
#10289 = FACE_BOUND('',#10290,.F.);
#10290 = EDGE_LOOP('',(#10291,#10297,#10298,#10304));
#10291 = ORIENTED_EDGE('',*,*,#10292,.F.);
#10292 = EDGE_CURVE('',#6300,#9186,#10293,.T.);
#10293 = LINE('',#10294,#10295);
#10294 = CARTESIAN_POINT('',(7.5,170.5,1.));
#10295 = VECTOR('',#10296,1.);
#10296 = DIRECTION('',(-0.,-0.,-1.));
#10297 = ORIENTED_EDGE('',*,*,#6307,.F.);
#10298 = ORIENTED_EDGE('',*,*,#10299,.T.);
#10299 = EDGE_CURVE('',#6291,#9188,#10300,.T.);
#10300 = LINE('',#10301,#10302);
#10301 = CARTESIAN_POINT('',(72.5,170.5,1.));
#10302 = VECTOR('',#10303,1.);
#10303 = DIRECTION('',(-0.,-0.,-1.));
#10304 = ORIENTED_EDGE('',*,*,#9185,.F.);
#10305 = PLANE('',#10306);
#10306 = AXIS2_PLACEMENT_3D('',#10307,#10308,#10309);
#10307 = CARTESIAN_POINT('',(72.5,170.5,1.));
#10308 = DIRECTION('',(0.,1.,0.));
#10309 = DIRECTION('',(-1.,0.,0.));
#10310 = ADVANCED_FACE('',(#10311),#10322,.F.);
#10311 = FACE_BOUND('',#10312,.F.);
#10312 = EDGE_LOOP('',(#10313,#10314,#10315,#10321));
#10313 = ORIENTED_EDGE('',*,*,#10299,.F.);
#10314 = ORIENTED_EDGE('',*,*,#6331,.F.);
#10315 = ORIENTED_EDGE('',*,*,#10316,.T.);
#10316 = EDGE_CURVE('',#6322,#9196,#10317,.T.);
#10317 = LINE('',#10318,#10319);
#10318 = CARTESIAN_POINT('',(72.5,169.5,1.));
#10319 = VECTOR('',#10320,1.);
#10320 = DIRECTION('',(-0.,-0.,-1.));
#10321 = ORIENTED_EDGE('',*,*,#9195,.F.);
#10322 = PLANE('',#10323);
#10323 = AXIS2_PLACEMENT_3D('',#10324,#10325,#10326);
#10324 = CARTESIAN_POINT('',(72.5,169.5,1.));
#10325 = DIRECTION('',(1.,0.,0.));
#10326 = DIRECTION('',(0.,1.,0.));
#10327 = ADVANCED_FACE('',(#10328),#10339,.F.);
#10328 = FACE_BOUND('',#10329,.F.);
#10329 = EDGE_LOOP('',(#10330,#10336,#10337,#10338));
#10330 = ORIENTED_EDGE('',*,*,#10331,.F.);
#10331 = EDGE_CURVE('',#6348,#9204,#10332,.T.);
#10332 = LINE('',#10333,#10334);
#10333 = CARTESIAN_POINT('',(7.5,169.5,1.));
#10334 = VECTOR('',#10335,1.);
#10335 = DIRECTION('',(-0.,-0.,-1.));
#10336 = ORIENTED_EDGE('',*,*,#6355,.F.);
#10337 = ORIENTED_EDGE('',*,*,#10292,.T.);
#10338 = ORIENTED_EDGE('',*,*,#9211,.F.);
#10339 = PLANE('',#10340);
#10340 = AXIS2_PLACEMENT_3D('',#10341,#10342,#10343);
#10341 = CARTESIAN_POINT('',(7.5,170.5,1.));
#10342 = DIRECTION('',(-1.,0.,0.));
#10343 = DIRECTION('',(0.,-1.,0.));
#10344 = ADVANCED_FACE('',(#10345),#10351,.F.);
#10345 = FACE_BOUND('',#10346,.F.);
#10346 = EDGE_LOOP('',(#10347,#10348,#10349,#10350));
#10347 = ORIENTED_EDGE('',*,*,#10316,.F.);
#10348 = ORIENTED_EDGE('',*,*,#6372,.F.);
#10349 = ORIENTED_EDGE('',*,*,#10331,.T.);
#10350 = ORIENTED_EDGE('',*,*,#9203,.F.);
#10351 = PLANE('',#10352);
#10352 = AXIS2_PLACEMENT_3D('',#10353,#10354,#10355);
#10353 = CARTESIAN_POINT('',(7.5,169.5,1.));
#10354 = DIRECTION('',(0.,-1.,0.));
#10355 = DIRECTION('',(1.,0.,0.));
#10356 = ADVANCED_FACE('',(#10357),#10373,.F.);
#10357 = FACE_BOUND('',#10358,.F.);
#10358 = EDGE_LOOP('',(#10359,#10365,#10366,#10372));
#10359 = ORIENTED_EDGE('',*,*,#10360,.F.);
#10360 = EDGE_CURVE('',#6396,#9152,#10361,.T.);
#10361 = LINE('',#10362,#10363);
#10362 = CARTESIAN_POINT('',(7.5,167.5,1.));
#10363 = VECTOR('',#10364,1.);
#10364 = DIRECTION('',(-0.,-0.,-1.));
#10365 = ORIENTED_EDGE('',*,*,#6403,.F.);
#10366 = ORIENTED_EDGE('',*,*,#10367,.T.);
#10367 = EDGE_CURVE('',#6387,#9154,#10368,.T.);
#10368 = LINE('',#10369,#10370);
#10369 = CARTESIAN_POINT('',(72.5,167.5,1.));
#10370 = VECTOR('',#10371,1.);
#10371 = DIRECTION('',(-0.,-0.,-1.));
#10372 = ORIENTED_EDGE('',*,*,#9151,.F.);
#10373 = PLANE('',#10374);
#10374 = AXIS2_PLACEMENT_3D('',#10375,#10376,#10377);
#10375 = CARTESIAN_POINT('',(72.5,167.5,1.));
#10376 = DIRECTION('',(0.,1.,0.));
#10377 = DIRECTION('',(-1.,0.,0.));
#10378 = ADVANCED_FACE('',(#10379),#10390,.F.);
#10379 = FACE_BOUND('',#10380,.F.);
#10380 = EDGE_LOOP('',(#10381,#10382,#10383,#10389));
#10381 = ORIENTED_EDGE('',*,*,#10367,.F.);
#10382 = ORIENTED_EDGE('',*,*,#6427,.F.);
#10383 = ORIENTED_EDGE('',*,*,#10384,.T.);
#10384 = EDGE_CURVE('',#6418,#9162,#10385,.T.);
#10385 = LINE('',#10386,#10387);
#10386 = CARTESIAN_POINT('',(72.5,166.5,1.));
#10387 = VECTOR('',#10388,1.);
#10388 = DIRECTION('',(-0.,-0.,-1.));
#10389 = ORIENTED_EDGE('',*,*,#9161,.F.);
#10390 = PLANE('',#10391);
#10391 = AXIS2_PLACEMENT_3D('',#10392,#10393,#10394);
#10392 = CARTESIAN_POINT('',(72.5,166.5,1.));
#10393 = DIRECTION('',(1.,0.,0.));
#10394 = DIRECTION('',(0.,1.,0.));
#10395 = ADVANCED_FACE('',(#10396),#10407,.F.);
#10396 = FACE_BOUND('',#10397,.F.);
#10397 = EDGE_LOOP('',(#10398,#10404,#10405,#10406));
#10398 = ORIENTED_EDGE('',*,*,#10399,.F.);
#10399 = EDGE_CURVE('',#6444,#9170,#10400,.T.);
#10400 = LINE('',#10401,#10402);
#10401 = CARTESIAN_POINT('',(7.5,166.5,1.));
#10402 = VECTOR('',#10403,1.);
#10403 = DIRECTION('',(-0.,-0.,-1.));
#10404 = ORIENTED_EDGE('',*,*,#6451,.F.);
#10405 = ORIENTED_EDGE('',*,*,#10360,.T.);
#10406 = ORIENTED_EDGE('',*,*,#9177,.F.);
#10407 = PLANE('',#10408);
#10408 = AXIS2_PLACEMENT_3D('',#10409,#10410,#10411);
#10409 = CARTESIAN_POINT('',(7.5,167.5,1.));
#10410 = DIRECTION('',(-1.,0.,0.));
#10411 = DIRECTION('',(0.,-1.,0.));
#10412 = ADVANCED_FACE('',(#10413),#10419,.F.);
#10413 = FACE_BOUND('',#10414,.F.);
#10414 = EDGE_LOOP('',(#10415,#10416,#10417,#10418));
#10415 = ORIENTED_EDGE('',*,*,#10384,.F.);
#10416 = ORIENTED_EDGE('',*,*,#6468,.F.);
#10417 = ORIENTED_EDGE('',*,*,#10399,.T.);
#10418 = ORIENTED_EDGE('',*,*,#9169,.F.);
#10419 = PLANE('',#10420);
#10420 = AXIS2_PLACEMENT_3D('',#10421,#10422,#10423);
#10421 = CARTESIAN_POINT('',(7.5,166.5,1.));
#10422 = DIRECTION('',(0.,-1.,0.));
#10423 = DIRECTION('',(1.,0.,0.));
#10424 = ADVANCED_FACE('',(#10425),#10436,.F.);
#10425 = FACE_BOUND('',#10426,.F.);
#10426 = EDGE_LOOP('',(#10427,#10433,#10434,#10435));
#10427 = ORIENTED_EDGE('',*,*,#10428,.F.);
#10428 = EDGE_CURVE('',#6483,#9078,#10429,.T.);
#10429 = LINE('',#10430,#10431);
#10430 = CARTESIAN_POINT('',(19.,156.,1.));
#10431 = VECTOR('',#10432,1.);
#10432 = DIRECTION('',(-0.,-0.,-1.));
#10433 = ORIENTED_EDGE('',*,*,#6492,.F.);
#10434 = ORIENTED_EDGE('',*,*,#10428,.T.);
#10435 = ORIENTED_EDGE('',*,*,#9077,.T.);
#10436 = CYLINDRICAL_SURFACE('',#10437,1.);
#10437 = AXIS2_PLACEMENT_3D('',#10438,#10439,#10440);
#10438 = CARTESIAN_POINT('',(18.,156.,1.));
#10439 = DIRECTION('',(0.,0.,1.));
#10440 = DIRECTION('',(1.,0.,0.));
#10441 = ADVANCED_FACE('',(#10442),#10453,.F.);
#10442 = FACE_BOUND('',#10443,.F.);
#10443 = EDGE_LOOP('',(#10444,#10450,#10451,#10452));
#10444 = ORIENTED_EDGE('',*,*,#10445,.F.);
#10445 = EDGE_CURVE('',#6508,#9100,#10446,.T.);
#10446 = LINE('',#10447,#10448);
#10447 = CARTESIAN_POINT('',(41.,156.,1.));
#10448 = VECTOR('',#10449,1.);
#10449 = DIRECTION('',(-0.,-0.,-1.));
#10450 = ORIENTED_EDGE('',*,*,#6517,.F.);
#10451 = ORIENTED_EDGE('',*,*,#10445,.T.);
#10452 = ORIENTED_EDGE('',*,*,#9099,.T.);
#10453 = CYLINDRICAL_SURFACE('',#10454,1.);
#10454 = AXIS2_PLACEMENT_3D('',#10455,#10456,#10457);
#10455 = CARTESIAN_POINT('',(40.,156.,1.));
#10456 = DIRECTION('',(0.,0.,1.));
#10457 = DIRECTION('',(1.,0.,0.));
#10458 = ADVANCED_FACE('',(#10459),#10470,.F.);
#10459 = FACE_BOUND('',#10460,.F.);
#10460 = EDGE_LOOP('',(#10461,#10467,#10468,#10469));
#10461 = ORIENTED_EDGE('',*,*,#10462,.F.);
#10462 = EDGE_CURVE('',#6533,#9383,#10463,.T.);
#10463 = LINE('',#10464,#10465);
#10464 = CARTESIAN_POINT('',(63.,156.,1.));
#10465 = VECTOR('',#10466,1.);
#10466 = DIRECTION('',(-0.,-0.,-1.));
#10467 = ORIENTED_EDGE('',*,*,#6542,.F.);
#10468 = ORIENTED_EDGE('',*,*,#10462,.T.);
#10469 = ORIENTED_EDGE('',*,*,#9382,.T.);
#10470 = CYLINDRICAL_SURFACE('',#10471,1.);
#10471 = AXIS2_PLACEMENT_3D('',#10472,#10473,#10474);
#10472 = CARTESIAN_POINT('',(62.,156.,1.));
#10473 = DIRECTION('',(0.,0.,1.));
#10474 = DIRECTION('',(1.,0.,0.));
#10475 = ADVANCED_FACE('',(#10476),#10487,.F.);
#10476 = FACE_BOUND('',#10477,.F.);
#10477 = EDGE_LOOP('',(#10478,#10484,#10485,#10486));
#10478 = ORIENTED_EDGE('',*,*,#10479,.F.);
#10479 = EDGE_CURVE('',#6558,#9067,#10480,.T.);
#10480 = LINE('',#10481,#10482);
#10481 = CARTESIAN_POINT('',(19.,130.,1.));
#10482 = VECTOR('',#10483,1.);
#10483 = DIRECTION('',(-0.,-0.,-1.));
#10484 = ORIENTED_EDGE('',*,*,#6567,.F.);
#10485 = ORIENTED_EDGE('',*,*,#10479,.T.);
#10486 = ORIENTED_EDGE('',*,*,#9066,.T.);
#10487 = CYLINDRICAL_SURFACE('',#10488,1.);
#10488 = AXIS2_PLACEMENT_3D('',#10489,#10490,#10491);
#10489 = CARTESIAN_POINT('',(18.,130.,1.));
#10490 = DIRECTION('',(0.,0.,1.));
#10491 = DIRECTION('',(1.,0.,0.));
#10492 = ADVANCED_FACE('',(#10493),#10504,.F.);
#10493 = FACE_BOUND('',#10494,.F.);
#10494 = EDGE_LOOP('',(#10495,#10501,#10502,#10503));
#10495 = ORIENTED_EDGE('',*,*,#10496,.F.);
#10496 = EDGE_CURVE('',#6583,#9089,#10497,.T.);
#10497 = LINE('',#10498,#10499);
#10498 = CARTESIAN_POINT('',(41.,130.,1.));
#10499 = VECTOR('',#10500,1.);
#10500 = DIRECTION('',(-0.,-0.,-1.));
#10501 = ORIENTED_EDGE('',*,*,#6592,.F.);
#10502 = ORIENTED_EDGE('',*,*,#10496,.T.);
#10503 = ORIENTED_EDGE('',*,*,#9088,.T.);
#10504 = CYLINDRICAL_SURFACE('',#10505,1.);
#10505 = AXIS2_PLACEMENT_3D('',#10506,#10507,#10508);
#10506 = CARTESIAN_POINT('',(40.,130.,1.));
#10507 = DIRECTION('',(0.,0.,1.));
#10508 = DIRECTION('',(1.,0.,0.));
#10509 = ADVANCED_FACE('',(#10510),#10521,.F.);
#10510 = FACE_BOUND('',#10511,.F.);
#10511 = EDGE_LOOP('',(#10512,#10518,#10519,#10520));
#10512 = ORIENTED_EDGE('',*,*,#10513,.F.);
#10513 = EDGE_CURVE('',#6608,#9372,#10514,.T.);
#10514 = LINE('',#10515,#10516);
#10515 = CARTESIAN_POINT('',(63.,130.,1.));
#10516 = VECTOR('',#10517,1.);
#10517 = DIRECTION('',(-0.,-0.,-1.));
#10518 = ORIENTED_EDGE('',*,*,#6617,.F.);
#10519 = ORIENTED_EDGE('',*,*,#10513,.T.);
#10520 = ORIENTED_EDGE('',*,*,#9371,.T.);
#10521 = CYLINDRICAL_SURFACE('',#10522,1.);
#10522 = AXIS2_PLACEMENT_3D('',#10523,#10524,#10525);
#10523 = CARTESIAN_POINT('',(62.,130.,1.));
#10524 = DIRECTION('',(0.,0.,1.));
#10525 = DIRECTION('',(1.,0.,0.));
#10526 = ADVANCED_FACE('',(#10527),#10538,.F.);
#10527 = FACE_BOUND('',#10528,.F.);
#10528 = EDGE_LOOP('',(#10529,#10535,#10536,#10537));
#10529 = ORIENTED_EDGE('',*,*,#10530,.F.);
#10530 = EDGE_CURVE('',#6633,#8952,#10531,.T.);
#10531 = LINE('',#10532,#10533);
#10532 = CARTESIAN_POINT('',(41.,58.,1.));
#10533 = VECTOR('',#10534,1.);
#10534 = DIRECTION('',(-0.,-0.,-1.));
#10535 = ORIENTED_EDGE('',*,*,#6642,.F.);
#10536 = ORIENTED_EDGE('',*,*,#10530,.T.);
#10537 = ORIENTED_EDGE('',*,*,#8951,.T.);
#10538 = CYLINDRICAL_SURFACE('',#10539,1.);
#10539 = AXIS2_PLACEMENT_3D('',#10540,#10541,#10542);
#10540 = CARTESIAN_POINT('',(40.,58.,1.));
#10541 = DIRECTION('',(0.,0.,1.));
#10542 = DIRECTION('',(1.,0.,0.));
#10543 = ADVANCED_FACE('',(#10544),#10555,.F.);
#10544 = FACE_BOUND('',#10545,.F.);
#10545 = EDGE_LOOP('',(#10546,#10552,#10553,#10554));
#10546 = ORIENTED_EDGE('',*,*,#10547,.F.);
#10547 = EDGE_CURVE('',#6658,#8941,#10548,.T.);
#10548 = LINE('',#10549,#10550);
#10549 = CARTESIAN_POINT('',(19.,58.,1.));
#10550 = VECTOR('',#10551,1.);
#10551 = DIRECTION('',(-0.,-0.,-1.));
#10552 = ORIENTED_EDGE('',*,*,#6667,.F.);
#10553 = ORIENTED_EDGE('',*,*,#10547,.T.);
#10554 = ORIENTED_EDGE('',*,*,#8940,.T.);
#10555 = CYLINDRICAL_SURFACE('',#10556,1.);
#10556 = AXIS2_PLACEMENT_3D('',#10557,#10558,#10559);
#10557 = CARTESIAN_POINT('',(18.,58.,1.));
#10558 = DIRECTION('',(0.,0.,1.));
#10559 = DIRECTION('',(1.,0.,0.));
#10560 = ADVANCED_FACE('',(#10561),#10572,.F.);
#10561 = FACE_BOUND('',#10562,.F.);
#10562 = EDGE_LOOP('',(#10563,#10569,#10570,#10571));
#10563 = ORIENTED_EDGE('',*,*,#10564,.F.);
#10564 = EDGE_CURVE('',#6683,#9056,#10565,.T.);
#10565 = LINE('',#10566,#10567);
#10566 = CARTESIAN_POINT('',(63.,58.,1.));
#10567 = VECTOR('',#10568,1.);
#10568 = DIRECTION('',(-0.,-0.,-1.));
#10569 = ORIENTED_EDGE('',*,*,#6692,.F.);
#10570 = ORIENTED_EDGE('',*,*,#10564,.T.);
#10571 = ORIENTED_EDGE('',*,*,#9055,.T.);
#10572 = CYLINDRICAL_SURFACE('',#10573,1.);
#10573 = AXIS2_PLACEMENT_3D('',#10574,#10575,#10576);
#10574 = CARTESIAN_POINT('',(62.,58.,1.));
#10575 = DIRECTION('',(0.,0.,1.));
#10576 = DIRECTION('',(1.,0.,0.));
#10577 = ADVANCED_FACE('',(#10578),#10594,.F.);
#10578 = FACE_BOUND('',#10579,.F.);
#10579 = EDGE_LOOP('',(#10580,#10586,#10587,#10593));
#10580 = ORIENTED_EDGE('',*,*,#10581,.F.);
#10581 = EDGE_CURVE('',#6717,#8896,#10582,.T.);
#10582 = LINE('',#10583,#10584);
#10583 = CARTESIAN_POINT('',(7.5,47.5,1.));
#10584 = VECTOR('',#10585,1.);
#10585 = DIRECTION('',(-0.,-0.,-1.));
#10586 = ORIENTED_EDGE('',*,*,#6724,.F.);
#10587 = ORIENTED_EDGE('',*,*,#10588,.T.);
#10588 = EDGE_CURVE('',#6708,#8898,#10589,.T.);
#10589 = LINE('',#10590,#10591);
#10590 = CARTESIAN_POINT('',(72.5,47.5,1.));
#10591 = VECTOR('',#10592,1.);
#10592 = DIRECTION('',(-0.,-0.,-1.));
#10593 = ORIENTED_EDGE('',*,*,#8895,.F.);
#10594 = PLANE('',#10595);
#10595 = AXIS2_PLACEMENT_3D('',#10596,#10597,#10598);
#10596 = CARTESIAN_POINT('',(72.5,47.5,1.));
#10597 = DIRECTION('',(0.,1.,0.));
#10598 = DIRECTION('',(-1.,0.,0.));
#10599 = ADVANCED_FACE('',(#10600),#10611,.F.);
#10600 = FACE_BOUND('',#10601,.F.);
#10601 = EDGE_LOOP('',(#10602,#10603,#10604,#10610));
#10602 = ORIENTED_EDGE('',*,*,#10588,.F.);
#10603 = ORIENTED_EDGE('',*,*,#6748,.F.);
#10604 = ORIENTED_EDGE('',*,*,#10605,.T.);
#10605 = EDGE_CURVE('',#6739,#8906,#10606,.T.);
#10606 = LINE('',#10607,#10608);
#10607 = CARTESIAN_POINT('',(72.5,46.5,1.));
#10608 = VECTOR('',#10609,1.);
#10609 = DIRECTION('',(-0.,-0.,-1.));
#10610 = ORIENTED_EDGE('',*,*,#8905,.F.);
#10611 = PLANE('',#10612);
#10612 = AXIS2_PLACEMENT_3D('',#10613,#10614,#10615);
#10613 = CARTESIAN_POINT('',(72.5,46.5,1.));
#10614 = DIRECTION('',(1.,0.,0.));
#10615 = DIRECTION('',(0.,1.,0.));
#10616 = ADVANCED_FACE('',(#10617),#10628,.F.);
#10617 = FACE_BOUND('',#10618,.F.);
#10618 = EDGE_LOOP('',(#10619,#10625,#10626,#10627));
#10619 = ORIENTED_EDGE('',*,*,#10620,.F.);
#10620 = EDGE_CURVE('',#6765,#8914,#10621,.T.);
#10621 = LINE('',#10622,#10623);
#10622 = CARTESIAN_POINT('',(7.5,46.5,1.));
#10623 = VECTOR('',#10624,1.);
#10624 = DIRECTION('',(-0.,-0.,-1.));
#10625 = ORIENTED_EDGE('',*,*,#6772,.F.);
#10626 = ORIENTED_EDGE('',*,*,#10581,.T.);
#10627 = ORIENTED_EDGE('',*,*,#8921,.F.);
#10628 = PLANE('',#10629);
#10629 = AXIS2_PLACEMENT_3D('',#10630,#10631,#10632);
#10630 = CARTESIAN_POINT('',(7.5,47.5,1.));
#10631 = DIRECTION('',(-1.,0.,0.));
#10632 = DIRECTION('',(0.,-1.,0.));
#10633 = ADVANCED_FACE('',(#10634),#10640,.F.);
#10634 = FACE_BOUND('',#10635,.F.);
#10635 = EDGE_LOOP('',(#10636,#10637,#10638,#10639));
#10636 = ORIENTED_EDGE('',*,*,#10605,.F.);
#10637 = ORIENTED_EDGE('',*,*,#6789,.F.);
#10638 = ORIENTED_EDGE('',*,*,#10620,.T.);
#10639 = ORIENTED_EDGE('',*,*,#8913,.F.);
#10640 = PLANE('',#10641);
#10641 = AXIS2_PLACEMENT_3D('',#10642,#10643,#10644);
#10642 = CARTESIAN_POINT('',(7.5,46.5,1.));
#10643 = DIRECTION('',(0.,-1.,0.));
#10644 = DIRECTION('',(1.,0.,0.));
#10645 = ADVANCED_FACE('',(#10646),#10662,.F.);
#10646 = FACE_BOUND('',#10647,.F.);
#10647 = EDGE_LOOP('',(#10648,#10654,#10655,#10661));
#10648 = ORIENTED_EDGE('',*,*,#10649,.F.);
#10649 = EDGE_CURVE('',#6813,#8862,#10650,.T.);
#10650 = LINE('',#10651,#10652);
#10651 = CARTESIAN_POINT('',(7.5,44.5,1.));
#10652 = VECTOR('',#10653,1.);
#10653 = DIRECTION('',(-0.,-0.,-1.));
#10654 = ORIENTED_EDGE('',*,*,#6820,.F.);
#10655 = ORIENTED_EDGE('',*,*,#10656,.T.);
#10656 = EDGE_CURVE('',#6804,#8864,#10657,.T.);
#10657 = LINE('',#10658,#10659);
#10658 = CARTESIAN_POINT('',(72.5,44.5,1.));
#10659 = VECTOR('',#10660,1.);
#10660 = DIRECTION('',(-0.,-0.,-1.));
#10661 = ORIENTED_EDGE('',*,*,#8861,.F.);
#10662 = PLANE('',#10663);
#10663 = AXIS2_PLACEMENT_3D('',#10664,#10665,#10666);
#10664 = CARTESIAN_POINT('',(72.5,44.5,1.));
#10665 = DIRECTION('',(0.,1.,0.));
#10666 = DIRECTION('',(-1.,0.,0.));
#10667 = ADVANCED_FACE('',(#10668),#10679,.F.);
#10668 = FACE_BOUND('',#10669,.F.);
#10669 = EDGE_LOOP('',(#10670,#10671,#10672,#10678));
#10670 = ORIENTED_EDGE('',*,*,#10656,.F.);
#10671 = ORIENTED_EDGE('',*,*,#6844,.F.);
#10672 = ORIENTED_EDGE('',*,*,#10673,.T.);
#10673 = EDGE_CURVE('',#6835,#8872,#10674,.T.);
#10674 = LINE('',#10675,#10676);
#10675 = CARTESIAN_POINT('',(72.5,43.5,1.));
#10676 = VECTOR('',#10677,1.);
#10677 = DIRECTION('',(-0.,-0.,-1.));
#10678 = ORIENTED_EDGE('',*,*,#8871,.F.);
#10679 = PLANE('',#10680);
#10680 = AXIS2_PLACEMENT_3D('',#10681,#10682,#10683);
#10681 = CARTESIAN_POINT('',(72.5,43.5,1.));
#10682 = DIRECTION('',(1.,0.,0.));
#10683 = DIRECTION('',(0.,1.,0.));
#10684 = ADVANCED_FACE('',(#10685),#10696,.F.);
#10685 = FACE_BOUND('',#10686,.F.);
#10686 = EDGE_LOOP('',(#10687,#10693,#10694,#10695));
#10687 = ORIENTED_EDGE('',*,*,#10688,.F.);
#10688 = EDGE_CURVE('',#6861,#8880,#10689,.T.);
#10689 = LINE('',#10690,#10691);
#10690 = CARTESIAN_POINT('',(7.5,43.5,1.));
#10691 = VECTOR('',#10692,1.);
#10692 = DIRECTION('',(-0.,-0.,-1.));
#10693 = ORIENTED_EDGE('',*,*,#6868,.F.);
#10694 = ORIENTED_EDGE('',*,*,#10649,.T.);
#10695 = ORIENTED_EDGE('',*,*,#8887,.F.);
#10696 = PLANE('',#10697);
#10697 = AXIS2_PLACEMENT_3D('',#10698,#10699,#10700);
#10698 = CARTESIAN_POINT('',(7.5,44.5,1.));
#10699 = DIRECTION('',(-1.,0.,0.));
#10700 = DIRECTION('',(0.,-1.,0.));
#10701 = ADVANCED_FACE('',(#10702),#10708,.F.);
#10702 = FACE_BOUND('',#10703,.F.);
#10703 = EDGE_LOOP('',(#10704,#10705,#10706,#10707));
#10704 = ORIENTED_EDGE('',*,*,#10673,.F.);
#10705 = ORIENTED_EDGE('',*,*,#6885,.F.);
#10706 = ORIENTED_EDGE('',*,*,#10688,.T.);
#10707 = ORIENTED_EDGE('',*,*,#8879,.F.);
#10708 = PLANE('',#10709);
#10709 = AXIS2_PLACEMENT_3D('',#10710,#10711,#10712);
#10710 = CARTESIAN_POINT('',(7.5,43.5,1.));
#10711 = DIRECTION('',(0.,-1.,0.));
#10712 = DIRECTION('',(1.,0.,0.));
#10713 = ADVANCED_FACE('',(#10714),#10730,.T.);
#10714 = FACE_BOUND('',#10715,.T.);
#10715 = EDGE_LOOP('',(#10716,#10722,#10723,#10729));
#10716 = ORIENTED_EDGE('',*,*,#10717,.F.);
#10717 = EDGE_CURVE('',#6909,#8690,#10718,.T.);
#10718 = LINE('',#10719,#10720);
#10719 = CARTESIAN_POINT('',(8.5,16.5,1.));
#10720 = VECTOR('',#10721,1.);
#10721 = DIRECTION('',(-0.,-0.,-1.));
#10722 = ORIENTED_EDGE('',*,*,#6916,.F.);
#10723 = ORIENTED_EDGE('',*,*,#10724,.T.);
#10724 = EDGE_CURVE('',#6900,#8724,#10725,.T.);
#10725 = LINE('',#10726,#10727);
#10726 = CARTESIAN_POINT('',(5.,16.5,1.));
#10727 = VECTOR('',#10728,1.);
#10728 = DIRECTION('',(-0.,-0.,-1.));
#10729 = ORIENTED_EDGE('',*,*,#8731,.F.);
#10730 = PLANE('',#10731);
#10731 = AXIS2_PLACEMENT_3D('',#10732,#10733,#10734);
#10732 = CARTESIAN_POINT('',(5.,16.5,1.));
#10733 = DIRECTION('',(0.,-1.,0.));
#10734 = DIRECTION('',(1.,0.,0.));
#10735 = ADVANCED_FACE('',(#10736),#10747,.F.);
#10736 = FACE_BOUND('',#10737,.F.);
#10737 = EDGE_LOOP('',(#10738,#10744,#10745,#10746));
#10738 = ORIENTED_EDGE('',*,*,#10739,.F.);
#10739 = EDGE_CURVE('',#6933,#8716,#10740,.T.);
#10740 = LINE('',#10741,#10742);
#10741 = CARTESIAN_POINT('',(5.,15.5,1.));
#10742 = VECTOR('',#10743,1.);
#10743 = DIRECTION('',(-0.,-0.,-1.));
#10744 = ORIENTED_EDGE('',*,*,#6940,.F.);
#10745 = ORIENTED_EDGE('',*,*,#10724,.T.);
#10746 = ORIENTED_EDGE('',*,*,#8723,.F.);
#10747 = PLANE('',#10748);
#10748 = AXIS2_PLACEMENT_3D('',#10749,#10750,#10751);
#10749 = CARTESIAN_POINT('',(5.,16.5,1.));
#10750 = DIRECTION('',(-1.,0.,0.));
#10751 = DIRECTION('',(0.,-1.,0.));
#10752 = ADVANCED_FACE('',(#10753),#10764,.F.);
#10753 = FACE_BOUND('',#10754,.F.);
#10754 = EDGE_LOOP('',(#10755,#10756,#10757,#10763));
#10755 = ORIENTED_EDGE('',*,*,#10717,.F.);
#10756 = ORIENTED_EDGE('',*,*,#6964,.F.);
#10757 = ORIENTED_EDGE('',*,*,#10758,.T.);
#10758 = EDGE_CURVE('',#6955,#8692,#10759,.T.);
#10759 = LINE('',#10760,#10761);
#10760 = CARTESIAN_POINT('',(8.5,5.,1.));
#10761 = VECTOR('',#10762,1.);
#10762 = DIRECTION('',(-0.,-0.,-1.));
#10763 = ORIENTED_EDGE('',*,*,#8689,.F.);
#10764 = PLANE('',#10765);
#10765 = AXIS2_PLACEMENT_3D('',#10766,#10767,#10768);
#10766 = CARTESIAN_POINT('',(8.5,5.,1.));
#10767 = DIRECTION('',(1.,0.,0.));
#10768 = DIRECTION('',(0.,1.,0.));
#10769 = ADVANCED_FACE('',(#10770),#10781,.F.);
#10770 = FACE_BOUND('',#10771,.F.);
#10771 = EDGE_LOOP('',(#10772,#10778,#10779,#10780));
#10772 = ORIENTED_EDGE('',*,*,#10773,.F.);
#10773 = EDGE_CURVE('',#6981,#8708,#10774,.T.);
#10774 = LINE('',#10775,#10776);
#10775 = CARTESIAN_POINT('',(7.5,15.5,1.));
#10776 = VECTOR('',#10777,1.);
#10777 = DIRECTION('',(-0.,-0.,-1.));
#10778 = ORIENTED_EDGE('',*,*,#6988,.F.);
#10779 = ORIENTED_EDGE('',*,*,#10739,.T.);
#10780 = ORIENTED_EDGE('',*,*,#8715,.F.);
#10781 = PLANE('',#10782);
#10782 = AXIS2_PLACEMENT_3D('',#10783,#10784,#10785);
#10783 = CARTESIAN_POINT('',(5.,15.5,1.));
#10784 = DIRECTION('',(0.,-1.,0.));
#10785 = DIRECTION('',(1.,0.,0.));
#10786 = ADVANCED_FACE('',(#10787),#10798,.F.);
#10787 = FACE_BOUND('',#10788,.F.);
#10788 = EDGE_LOOP('',(#10789,#10790,#10791,#10797));
#10789 = ORIENTED_EDGE('',*,*,#10758,.F.);
#10790 = ORIENTED_EDGE('',*,*,#7012,.F.);
#10791 = ORIENTED_EDGE('',*,*,#10792,.T.);
#10792 = EDGE_CURVE('',#7003,#8700,#10793,.T.);
#10793 = LINE('',#10794,#10795);
#10794 = CARTESIAN_POINT('',(7.5,5.,1.));
#10795 = VECTOR('',#10796,1.);
#10796 = DIRECTION('',(-0.,-0.,-1.));
#10797 = ORIENTED_EDGE('',*,*,#8699,.F.);
#10798 = PLANE('',#10799);
#10799 = AXIS2_PLACEMENT_3D('',#10800,#10801,#10802);
#10800 = CARTESIAN_POINT('',(7.5,5.,1.));
#10801 = DIRECTION('',(0.,-1.,0.));
#10802 = DIRECTION('',(1.,0.,0.));
#10803 = ADVANCED_FACE('',(#10804),#10810,.F.);
#10804 = FACE_BOUND('',#10805,.F.);
#10805 = EDGE_LOOP('',(#10806,#10807,#10808,#10809));
#10806 = ORIENTED_EDGE('',*,*,#10792,.F.);
#10807 = ORIENTED_EDGE('',*,*,#7029,.F.);
#10808 = ORIENTED_EDGE('',*,*,#10773,.T.);
#10809 = ORIENTED_EDGE('',*,*,#8707,.F.);
#10810 = PLANE('',#10811);
#10811 = AXIS2_PLACEMENT_3D('',#10812,#10813,#10814);
#10812 = CARTESIAN_POINT('',(7.5,15.5,1.));
#10813 = DIRECTION('',(-1.,0.,0.));
#10814 = DIRECTION('',(0.,-1.,0.));
#10815 = ADVANCED_FACE('',(#10816),#10832,.F.);
#10816 = FACE_BOUND('',#10817,.F.);
#10817 = EDGE_LOOP('',(#10818,#10824,#10825,#10831));
#10818 = ORIENTED_EDGE('',*,*,#10819,.F.);
#10819 = EDGE_CURVE('',#7053,#9016,#10820,.T.);
#10820 = LINE('',#10821,#10822);
#10821 = CARTESIAN_POINT('',(71.5,16.5,1.));
#10822 = VECTOR('',#10823,1.);
#10823 = DIRECTION('',(-0.,-0.,-1.));
#10824 = ORIENTED_EDGE('',*,*,#7060,.F.);
#10825 = ORIENTED_EDGE('',*,*,#10826,.T.);
#10826 = EDGE_CURVE('',#7044,#9024,#10827,.T.);
#10827 = LINE('',#10828,#10829);
#10828 = CARTESIAN_POINT('',(75.,16.5,1.));
#10829 = VECTOR('',#10830,1.);
#10830 = DIRECTION('',(-0.,-0.,-1.));
#10831 = ORIENTED_EDGE('',*,*,#9023,.F.);
#10832 = PLANE('',#10833);
#10833 = AXIS2_PLACEMENT_3D('',#10834,#10835,#10836);
#10834 = CARTESIAN_POINT('',(75.,16.5,1.));
#10835 = DIRECTION('',(0.,1.,0.));
#10836 = DIRECTION('',(-1.,0.,0.));
#10837 = ADVANCED_FACE('',(#10838),#10849,.T.);
#10838 = FACE_BOUND('',#10839,.T.);
#10839 = EDGE_LOOP('',(#10840,#10846,#10847,#10848));
#10840 = ORIENTED_EDGE('',*,*,#10841,.F.);
#10841 = EDGE_CURVE('',#7077,#9032,#10842,.T.);
#10842 = LINE('',#10843,#10844);
#10843 = CARTESIAN_POINT('',(75.,15.5,1.));
#10844 = VECTOR('',#10845,1.);
#10845 = DIRECTION('',(-0.,-0.,-1.));
#10846 = ORIENTED_EDGE('',*,*,#7084,.F.);
#10847 = ORIENTED_EDGE('',*,*,#10826,.T.);
#10848 = ORIENTED_EDGE('',*,*,#9031,.F.);
#10849 = PLANE('',#10850);
#10850 = AXIS2_PLACEMENT_3D('',#10851,#10852,#10853);
#10851 = CARTESIAN_POINT('',(75.,16.5,1.));
#10852 = DIRECTION('',(-1.,0.,0.));
#10853 = DIRECTION('',(0.,-1.,0.));
#10854 = ADVANCED_FACE('',(#10855),#10866,.T.);
#10855 = FACE_BOUND('',#10856,.T.);
#10856 = EDGE_LOOP('',(#10857,#10858,#10859,#10865));
#10857 = ORIENTED_EDGE('',*,*,#10819,.F.);
#10858 = ORIENTED_EDGE('',*,*,#7108,.F.);
#10859 = ORIENTED_EDGE('',*,*,#10860,.T.);
#10860 = EDGE_CURVE('',#7099,#9006,#10861,.T.);
#10861 = LINE('',#10862,#10863);
#10862 = CARTESIAN_POINT('',(71.5,5.,1.));
#10863 = VECTOR('',#10864,1.);
#10864 = DIRECTION('',(-0.,-0.,-1.));
#10865 = ORIENTED_EDGE('',*,*,#9015,.F.);
#10866 = PLANE('',#10867);
#10867 = AXIS2_PLACEMENT_3D('',#10868,#10869,#10870);
#10868 = CARTESIAN_POINT('',(71.5,5.,1.));
#10869 = DIRECTION('',(1.,0.,0.));
#10870 = DIRECTION('',(0.,1.,0.));
#10871 = ADVANCED_FACE('',(#10872),#10883,.T.);
#10872 = FACE_BOUND('',#10873,.T.);
#10873 = EDGE_LOOP('',(#10874,#10880,#10881,#10882));
#10874 = ORIENTED_EDGE('',*,*,#10875,.F.);
#10875 = EDGE_CURVE('',#7125,#9040,#10876,.T.);
#10876 = LINE('',#10877,#10878);
#10877 = CARTESIAN_POINT('',(72.5,15.5,1.));
#10878 = VECTOR('',#10879,1.);
#10879 = DIRECTION('',(-0.,-0.,-1.));
#10880 = ORIENTED_EDGE('',*,*,#7132,.F.);
#10881 = ORIENTED_EDGE('',*,*,#10841,.T.);
#10882 = ORIENTED_EDGE('',*,*,#9039,.F.);
#10883 = PLANE('',#10884);
#10884 = AXIS2_PLACEMENT_3D('',#10885,#10886,#10887);
#10885 = CARTESIAN_POINT('',(75.,15.5,1.));
#10886 = DIRECTION('',(0.,1.,0.));
#10887 = DIRECTION('',(-1.,0.,0.));
#10888 = ADVANCED_FACE('',(#10889),#10900,.T.);
#10889 = FACE_BOUND('',#10890,.T.);
#10890 = EDGE_LOOP('',(#10891,#10892,#10893,#10899));
#10891 = ORIENTED_EDGE('',*,*,#10860,.F.);
#10892 = ORIENTED_EDGE('',*,*,#7156,.F.);
#10893 = ORIENTED_EDGE('',*,*,#10894,.T.);
#10894 = EDGE_CURVE('',#7147,#9008,#10895,.T.);
#10895 = LINE('',#10896,#10897);
#10896 = CARTESIAN_POINT('',(72.5,5.,1.));
#10897 = VECTOR('',#10898,1.);
#10898 = DIRECTION('',(-0.,-0.,-1.));
#10899 = ORIENTED_EDGE('',*,*,#9005,.F.);
#10900 = PLANE('',#10901);
#10901 = AXIS2_PLACEMENT_3D('',#10902,#10903,#10904);
#10902 = CARTESIAN_POINT('',(72.5,5.,1.));
#10903 = DIRECTION('',(0.,1.,0.));
#10904 = DIRECTION('',(-1.,0.,0.));
#10905 = ADVANCED_FACE('',(#10906),#10912,.T.);
#10906 = FACE_BOUND('',#10907,.T.);
#10907 = EDGE_LOOP('',(#10908,#10909,#10910,#10911));
#10908 = ORIENTED_EDGE('',*,*,#10894,.F.);
#10909 = ORIENTED_EDGE('',*,*,#7173,.F.);
#10910 = ORIENTED_EDGE('',*,*,#10875,.T.);
#10911 = ORIENTED_EDGE('',*,*,#9047,.F.);
#10912 = PLANE('',#10913);
#10913 = AXIS2_PLACEMENT_3D('',#10914,#10915,#10916);
#10914 = CARTESIAN_POINT('',(72.5,15.5,1.));
#10915 = DIRECTION('',(-1.,0.,0.));
#10916 = DIRECTION('',(0.,-1.,0.));
#10917 = ADVANCED_FACE('',(#10918),#10934,.F.);
#10918 = FACE_BOUND('',#10919,.F.);
#10919 = EDGE_LOOP('',(#10920,#10926,#10927,#10933));
#10920 = ORIENTED_EDGE('',*,*,#10921,.F.);
#10921 = EDGE_CURVE('',#7197,#8796,#10922,.T.);
#10922 = LINE('',#10923,#10924);
#10923 = CARTESIAN_POINT('',(12.5,16.5,1.));
#10924 = VECTOR('',#10925,1.);
#10925 = DIRECTION('',(-0.,-0.,-1.));
#10926 = ORIENTED_EDGE('',*,*,#7204,.F.);
#10927 = ORIENTED_EDGE('',*,*,#10928,.T.);
#10928 = EDGE_CURVE('',#7188,#8798,#10929,.T.);
#10929 = LINE('',#10930,#10931);
#10930 = CARTESIAN_POINT('',(67.5,16.5,1.));
#10931 = VECTOR('',#10932,1.);
#10932 = DIRECTION('',(-0.,-0.,-1.));
#10933 = ORIENTED_EDGE('',*,*,#8795,.F.);
#10934 = PLANE('',#10935);
#10935 = AXIS2_PLACEMENT_3D('',#10936,#10937,#10938);
#10936 = CARTESIAN_POINT('',(67.5,16.5,1.));
#10937 = DIRECTION('',(0.,1.,0.));
#10938 = DIRECTION('',(-1.,0.,0.));
#10939 = ADVANCED_FACE('',(#10940),#10951,.F.);
#10940 = FACE_BOUND('',#10941,.F.);
#10941 = EDGE_LOOP('',(#10942,#10943,#10944,#10950));
#10942 = ORIENTED_EDGE('',*,*,#10928,.F.);
#10943 = ORIENTED_EDGE('',*,*,#7228,.F.);
#10944 = ORIENTED_EDGE('',*,*,#10945,.T.);
#10945 = EDGE_CURVE('',#7219,#8806,#10946,.T.);
#10946 = LINE('',#10947,#10948);
#10947 = CARTESIAN_POINT('',(67.5,15.5,1.));
#10948 = VECTOR('',#10949,1.);
#10949 = DIRECTION('',(-0.,-0.,-1.));
#10950 = ORIENTED_EDGE('',*,*,#8805,.F.);
#10951 = PLANE('',#10952);
#10952 = AXIS2_PLACEMENT_3D('',#10953,#10954,#10955);
#10953 = CARTESIAN_POINT('',(67.5,15.5,1.));
#10954 = DIRECTION('',(1.,0.,0.));
#10955 = DIRECTION('',(0.,1.,0.));
#10956 = ADVANCED_FACE('',(#10957),#10968,.F.);
#10957 = FACE_BOUND('',#10958,.F.);
#10958 = EDGE_LOOP('',(#10959,#10965,#10966,#10967));
#10959 = ORIENTED_EDGE('',*,*,#10960,.F.);
#10960 = EDGE_CURVE('',#7245,#8814,#10961,.T.);
#10961 = LINE('',#10962,#10963);
#10962 = CARTESIAN_POINT('',(12.5,15.5,1.));
#10963 = VECTOR('',#10964,1.);
#10964 = DIRECTION('',(-0.,-0.,-1.));
#10965 = ORIENTED_EDGE('',*,*,#7252,.F.);
#10966 = ORIENTED_EDGE('',*,*,#10921,.T.);
#10967 = ORIENTED_EDGE('',*,*,#8821,.F.);
#10968 = PLANE('',#10969);
#10969 = AXIS2_PLACEMENT_3D('',#10970,#10971,#10972);
#10970 = CARTESIAN_POINT('',(12.5,16.5,1.));
#10971 = DIRECTION('',(-1.,0.,0.));
#10972 = DIRECTION('',(0.,-1.,0.));
#10973 = ADVANCED_FACE('',(#10974),#10980,.F.);
#10974 = FACE_BOUND('',#10975,.F.);
#10975 = EDGE_LOOP('',(#10976,#10977,#10978,#10979));
#10976 = ORIENTED_EDGE('',*,*,#10945,.F.);
#10977 = ORIENTED_EDGE('',*,*,#7269,.F.);
#10978 = ORIENTED_EDGE('',*,*,#10960,.T.);
#10979 = ORIENTED_EDGE('',*,*,#8813,.F.);
#10980 = PLANE('',#10981);
#10981 = AXIS2_PLACEMENT_3D('',#10982,#10983,#10984);
#10982 = CARTESIAN_POINT('',(12.5,15.5,1.));
#10983 = DIRECTION('',(0.,-1.,0.));
#10984 = DIRECTION('',(1.,0.,0.));
#10985 = ADVANCED_FACE('',(#10986),#11002,.F.);
#10986 = FACE_BOUND('',#10987,.F.);
#10987 = EDGE_LOOP('',(#10988,#10994,#10995,#11001));
#10988 = ORIENTED_EDGE('',*,*,#10989,.F.);
#10989 = EDGE_CURVE('',#7293,#8762,#10990,.T.);
#10990 = LINE('',#10991,#10992);
#10991 = CARTESIAN_POINT('',(12.5,13.5,1.));
#10992 = VECTOR('',#10993,1.);
#10993 = DIRECTION('',(-0.,-0.,-1.));
#10994 = ORIENTED_EDGE('',*,*,#7300,.F.);
#10995 = ORIENTED_EDGE('',*,*,#10996,.T.);
#10996 = EDGE_CURVE('',#7284,#8764,#10997,.T.);
#10997 = LINE('',#10998,#10999);
#10998 = CARTESIAN_POINT('',(67.5,13.5,1.));
#10999 = VECTOR('',#11000,1.);
#11000 = DIRECTION('',(-0.,-0.,-1.));
#11001 = ORIENTED_EDGE('',*,*,#8761,.F.);
#11002 = PLANE('',#11003);
#11003 = AXIS2_PLACEMENT_3D('',#11004,#11005,#11006);
#11004 = CARTESIAN_POINT('',(67.5,13.5,1.));
#11005 = DIRECTION('',(0.,1.,0.));
#11006 = DIRECTION('',(-1.,0.,0.));
#11007 = ADVANCED_FACE('',(#11008),#11019,.F.);
#11008 = FACE_BOUND('',#11009,.F.);
#11009 = EDGE_LOOP('',(#11010,#11011,#11012,#11018));
#11010 = ORIENTED_EDGE('',*,*,#10996,.F.);
#11011 = ORIENTED_EDGE('',*,*,#7324,.F.);
#11012 = ORIENTED_EDGE('',*,*,#11013,.T.);
#11013 = EDGE_CURVE('',#7315,#8772,#11014,.T.);
#11014 = LINE('',#11015,#11016);
#11015 = CARTESIAN_POINT('',(67.5,12.5,1.));
#11016 = VECTOR('',#11017,1.);
#11017 = DIRECTION('',(-0.,-0.,-1.));
#11018 = ORIENTED_EDGE('',*,*,#8771,.F.);
#11019 = PLANE('',#11020);
#11020 = AXIS2_PLACEMENT_3D('',#11021,#11022,#11023);
#11021 = CARTESIAN_POINT('',(67.5,12.5,1.));
#11022 = DIRECTION('',(1.,0.,0.));
#11023 = DIRECTION('',(0.,1.,0.));
#11024 = ADVANCED_FACE('',(#11025),#11036,.F.);
#11025 = FACE_BOUND('',#11026,.F.);
#11026 = EDGE_LOOP('',(#11027,#11033,#11034,#11035));
#11027 = ORIENTED_EDGE('',*,*,#11028,.F.);
#11028 = EDGE_CURVE('',#7341,#8780,#11029,.T.);
#11029 = LINE('',#11030,#11031);
#11030 = CARTESIAN_POINT('',(12.5,12.5,1.));
#11031 = VECTOR('',#11032,1.);
#11032 = DIRECTION('',(-0.,-0.,-1.));
#11033 = ORIENTED_EDGE('',*,*,#7348,.F.);
#11034 = ORIENTED_EDGE('',*,*,#10989,.T.);
#11035 = ORIENTED_EDGE('',*,*,#8787,.F.);
#11036 = PLANE('',#11037);
#11037 = AXIS2_PLACEMENT_3D('',#11038,#11039,#11040);
#11038 = CARTESIAN_POINT('',(12.5,13.5,1.));
#11039 = DIRECTION('',(-1.,0.,0.));
#11040 = DIRECTION('',(0.,-1.,0.));
#11041 = ADVANCED_FACE('',(#11042),#11048,.F.);
#11042 = FACE_BOUND('',#11043,.F.);
#11043 = EDGE_LOOP('',(#11044,#11045,#11046,#11047));
#11044 = ORIENTED_EDGE('',*,*,#11013,.F.);
#11045 = ORIENTED_EDGE('',*,*,#7365,.F.);
#11046 = ORIENTED_EDGE('',*,*,#11028,.T.);
#11047 = ORIENTED_EDGE('',*,*,#8779,.F.);
#11048 = PLANE('',#11049);
#11049 = AXIS2_PLACEMENT_3D('',#11050,#11051,#11052);
#11050 = CARTESIAN_POINT('',(12.5,12.5,1.));
#11051 = DIRECTION('',(0.,-1.,0.));
#11052 = DIRECTION('',(1.,0.,0.));
#11053 = ADVANCED_FACE('',(#11054),#11065,.F.);
#11054 = FACE_BOUND('',#11055,.F.);
#11055 = EDGE_LOOP('',(#11056,#11062,#11063,#11064));
#11056 = ORIENTED_EDGE('',*,*,#11057,.F.);
#11057 = EDGE_CURVE('',#7380,#8995,#11058,.T.);
#11058 = LINE('',#11059,#11060);
#11059 = CARTESIAN_POINT('',(68.,9.,1.));
#11060 = VECTOR('',#11061,1.);
#11061 = DIRECTION('',(-0.,-0.,-1.));
#11062 = ORIENTED_EDGE('',*,*,#7389,.F.);
#11063 = ORIENTED_EDGE('',*,*,#11057,.T.);
#11064 = ORIENTED_EDGE('',*,*,#8994,.T.);
#11065 = CYLINDRICAL_SURFACE('',#11066,1.);
#11066 = AXIS2_PLACEMENT_3D('',#11067,#11068,#11069);
#11067 = CARTESIAN_POINT('',(67.,9.,1.));
#11068 = DIRECTION('',(0.,0.,1.));
#11069 = DIRECTION('',(1.,0.,0.));
#11070 = ADVANCED_FACE('',(#11071),#11082,.F.);
#11071 = FACE_BOUND('',#11072,.F.);
#11072 = EDGE_LOOP('',(#11073,#11079,#11080,#11081));
#11073 = ORIENTED_EDGE('',*,*,#11074,.F.);
#11074 = EDGE_CURVE('',#7405,#8740,#11075,.T.);
#11075 = LINE('',#11076,#11077);
#11076 = CARTESIAN_POINT('',(14.,9.,1.));
#11077 = VECTOR('',#11078,1.);
#11078 = DIRECTION('',(-0.,-0.,-1.));
#11079 = ORIENTED_EDGE('',*,*,#7414,.F.);
#11080 = ORIENTED_EDGE('',*,*,#11074,.T.);
#11081 = ORIENTED_EDGE('',*,*,#8739,.T.);
#11082 = CYLINDRICAL_SURFACE('',#11083,1.);
#11083 = AXIS2_PLACEMENT_3D('',#11084,#11085,#11086);
#11084 = CARTESIAN_POINT('',(13.,9.,1.));
#11085 = DIRECTION('',(0.,0.,1.));
#11086 = DIRECTION('',(1.,0.,0.));
#11087 = ADVANCED_FACE('',(#11088),#11099,.T.);
#11088 = FACE_BOUND('',#11089,.F.);
#11089 = EDGE_LOOP('',(#11090,#11096,#11097,#11098));
#11090 = ORIENTED_EDGE('',*,*,#11091,.T.);
#11091 = EDGE_CURVE('',#8665,#9673,#11092,.T.);
#11092 = LINE('',#11093,#11094);
#11093 = CARTESIAN_POINT('',(4.8,16.,0.));
#11094 = VECTOR('',#11095,1.);
#11095 = DIRECTION('',(0.,0.,-1.));
#11096 = ORIENTED_EDGE('',*,*,#9680,.T.);
#11097 = ORIENTED_EDGE('',*,*,#9703,.F.);
#11098 = ORIENTED_EDGE('',*,*,#8672,.F.);
#11099 = CYLINDRICAL_SURFACE('',#11100,1.);
#11100 = AXIS2_PLACEMENT_3D('',#11101,#11102,#11103);
#11101 = CARTESIAN_POINT('',(3.8,16.,0.));
#11102 = DIRECTION('',(0.,0.,1.));
#11103 = DIRECTION('',(1.,0.,0.));
#11104 = ADVANCED_FACE('',(#11105),#11116,.F.);
#11105 = FACE_BOUND('',#11106,.F.);
#11106 = EDGE_LOOP('',(#11107,#11113,#11114,#11115));
#11107 = ORIENTED_EDGE('',*,*,#11108,.T.);
#11108 = EDGE_CURVE('',#8656,#9664,#11109,.T.);
#11109 = LINE('',#11110,#11111);
#11110 = CARTESIAN_POINT('',(4.8,89.5,0.));
#11111 = VECTOR('',#11112,1.);
#11112 = DIRECTION('',(0.,0.,-1.));
#11113 = ORIENTED_EDGE('',*,*,#9672,.T.);
#11114 = ORIENTED_EDGE('',*,*,#11091,.F.);
#11115 = ORIENTED_EDGE('',*,*,#8664,.F.);
#11116 = PLANE('',#11117);
#11117 = AXIS2_PLACEMENT_3D('',#11118,#11119,#11120);
#11118 = CARTESIAN_POINT('',(4.8,89.5,0.));
#11119 = DIRECTION('',(-1.,-0.,-0.));
#11120 = DIRECTION('',(0.,-1.,0.));
#11121 = ADVANCED_FACE('',(#11122),#11128,.T.);
#11122 = FACE_BOUND('',#11123,.F.);
#11123 = EDGE_LOOP('',(#11124,#11125,#11126,#11127));
#11124 = ORIENTED_EDGE('',*,*,#9646,.T.);
#11125 = ORIENTED_EDGE('',*,*,#9663,.T.);
#11126 = ORIENTED_EDGE('',*,*,#11108,.F.);
#11127 = ORIENTED_EDGE('',*,*,#8655,.F.);
#11128 = CYLINDRICAL_SURFACE('',#11129,1.);
#11129 = AXIS2_PLACEMENT_3D('',#11130,#11131,#11132);
#11130 = CARTESIAN_POINT('',(3.8,89.5,0.));
#11131 = DIRECTION('',(0.,0.,1.));
#11132 = DIRECTION('',(1.,0.,0.));
#11133 = ADVANCED_FACE('',(#11134),#11145,.T.);
#11134 = FACE_BOUND('',#11135,.F.);
#11135 = EDGE_LOOP('',(#11136,#11142,#11143,#11144));
#11136 = ORIENTED_EDGE('',*,*,#11137,.T.);
#11137 = EDGE_CURVE('',#8624,#9588,#11138,.T.);
#11138 = LINE('',#11139,#11140);
#11139 = CARTESIAN_POINT('',(4.8,121.5,0.));
#11140 = VECTOR('',#11141,1.);
#11141 = DIRECTION('',(0.,0.,-1.));
#11142 = ORIENTED_EDGE('',*,*,#9587,.T.);
#11143 = ORIENTED_EDGE('',*,*,#9622,.F.);
#11144 = ORIENTED_EDGE('',*,*,#8631,.F.);
#11145 = CYLINDRICAL_SURFACE('',#11146,1.);
#11146 = AXIS2_PLACEMENT_3D('',#11147,#11148,#11149);
#11147 = CARTESIAN_POINT('',(3.8,121.5,0.));
#11148 = DIRECTION('',(0.,0.,1.));
#11149 = DIRECTION('',(1.,0.,0.));
#11150 = ADVANCED_FACE('',(#11151),#11162,.T.);
#11151 = FACE_BOUND('',#11152,.T.);
#11152 = EDGE_LOOP('',(#11153,#11154,#11155,#11161));
#11153 = ORIENTED_EDGE('',*,*,#11137,.T.);
#11154 = ORIENTED_EDGE('',*,*,#9596,.T.);
#11155 = ORIENTED_EDGE('',*,*,#11156,.F.);
#11156 = EDGE_CURVE('',#8615,#9597,#11157,.T.);
#11157 = LINE('',#11158,#11159);
#11158 = CARTESIAN_POINT('',(4.8,204.,0.));
#11159 = VECTOR('',#11160,1.);
#11160 = DIRECTION('',(0.,0.,-1.));
#11161 = ORIENTED_EDGE('',*,*,#8623,.F.);
#11162 = PLANE('',#11163);
#11163 = AXIS2_PLACEMENT_3D('',#11164,#11165,#11166);
#11164 = CARTESIAN_POINT('',(4.8,121.5,0.));
#11165 = DIRECTION('',(1.,0.,0.));
#11166 = DIRECTION('',(0.,1.,0.));
#11167 = ADVANCED_FACE('',(#11168),#11174,.T.);
#11168 = FACE_BOUND('',#11169,.F.);
#11169 = EDGE_LOOP('',(#11170,#11171,#11172,#11173));
#11170 = ORIENTED_EDGE('',*,*,#9554,.T.);
#11171 = ORIENTED_EDGE('',*,*,#9604,.T.);
#11172 = ORIENTED_EDGE('',*,*,#11156,.F.);
#11173 = ORIENTED_EDGE('',*,*,#8614,.F.);
#11174 = CYLINDRICAL_SURFACE('',#11175,1.);
#11175 = AXIS2_PLACEMENT_3D('',#11176,#11177,#11178);
#11176 = CARTESIAN_POINT('',(3.8,204.,0.));
#11177 = DIRECTION('',(0.,0.,1.));
#11178 = DIRECTION('',(1.,0.,0.));
#11179 = ADVANCED_FACE('',(#11180),#11191,.T.);
#11180 = FACE_BOUND('',#11181,.F.);
#11181 = EDGE_LOOP('',(#11182,#11188,#11189,#11190));
#11182 = ORIENTED_EDGE('',*,*,#11183,.T.);
#11183 = EDGE_CURVE('',#8582,#9922,#11184,.T.);
#11184 = LINE('',#11185,#11186);
#11185 = CARTESIAN_POINT('',(11.,215.2,0.));
#11186 = VECTOR('',#11187,1.);
#11187 = DIRECTION('',(0.,0.,-1.));
#11188 = ORIENTED_EDGE('',*,*,#9929,.T.);
#11189 = ORIENTED_EDGE('',*,*,#9952,.F.);
#11190 = ORIENTED_EDGE('',*,*,#8589,.F.);
#11191 = CYLINDRICAL_SURFACE('',#11192,1.);
#11192 = AXIS2_PLACEMENT_3D('',#11193,#11194,#11195);
#11193 = CARTESIAN_POINT('',(11.,216.2,0.));
#11194 = DIRECTION('',(0.,0.,1.));
#11195 = DIRECTION('',(1.,0.,0.));
#11196 = ADVANCED_FACE('',(#11197),#11208,.F.);
#11197 = FACE_BOUND('',#11198,.F.);
#11198 = EDGE_LOOP('',(#11199,#11205,#11206,#11207));
#11199 = ORIENTED_EDGE('',*,*,#11200,.T.);
#11200 = EDGE_CURVE('',#8573,#9913,#11201,.T.);
#11201 = LINE('',#11202,#11203);
#11202 = CARTESIAN_POINT('',(69.,215.2,0.));
#11203 = VECTOR('',#11204,1.);
#11204 = DIRECTION('',(0.,0.,-1.));
#11205 = ORIENTED_EDGE('',*,*,#9921,.T.);
#11206 = ORIENTED_EDGE('',*,*,#11183,.F.);
#11207 = ORIENTED_EDGE('',*,*,#8581,.F.);
#11208 = PLANE('',#11209);
#11209 = AXIS2_PLACEMENT_3D('',#11210,#11211,#11212);
#11210 = CARTESIAN_POINT('',(69.,215.2,0.));
#11211 = DIRECTION('',(0.,1.,0.));
#11212 = DIRECTION('',(-1.,0.,0.));
#11213 = ADVANCED_FACE('',(#11214),#11220,.T.);
#11214 = FACE_BOUND('',#11215,.F.);
#11215 = EDGE_LOOP('',(#11216,#11217,#11218,#11219));
#11216 = ORIENTED_EDGE('',*,*,#9895,.T.);
#11217 = ORIENTED_EDGE('',*,*,#9912,.T.);
#11218 = ORIENTED_EDGE('',*,*,#11200,.F.);
#11219 = ORIENTED_EDGE('',*,*,#8572,.F.);
#11220 = CYLINDRICAL_SURFACE('',#11221,1.);
#11221 = AXIS2_PLACEMENT_3D('',#11222,#11223,#11224);
#11222 = CARTESIAN_POINT('',(69.,216.2,0.));
#11223 = DIRECTION('',(0.,0.,1.));
#11224 = DIRECTION('',(1.,0.,0.));
#11225 = ADVANCED_FACE('',(#11226),#11237,.T.);
#11226 = FACE_BOUND('',#11227,.F.);
#11227 = EDGE_LOOP('',(#11228,#11234,#11235,#11236));
#11228 = ORIENTED_EDGE('',*,*,#11229,.T.);
#11229 = EDGE_CURVE('',#8540,#9839,#11230,.T.);
#11230 = LINE('',#11231,#11232);
#11231 = CARTESIAN_POINT('',(75.2,204.,0.));
#11232 = VECTOR('',#11233,1.);
#11233 = DIRECTION('',(0.,0.,-1.));
#11234 = ORIENTED_EDGE('',*,*,#9846,.T.);
#11235 = ORIENTED_EDGE('',*,*,#9869,.F.);
#11236 = ORIENTED_EDGE('',*,*,#8547,.F.);
#11237 = CYLINDRICAL_SURFACE('',#11238,1.);
#11238 = AXIS2_PLACEMENT_3D('',#11239,#11240,#11241);
#11239 = CARTESIAN_POINT('',(76.2,204.,0.));
#11240 = DIRECTION('',(0.,0.,1.));
#11241 = DIRECTION('',(1.,0.,0.));
#11242 = ADVANCED_FACE('',(#11243),#11254,.F.);
#11243 = FACE_BOUND('',#11244,.F.);
#11244 = EDGE_LOOP('',(#11245,#11251,#11252,#11253));
#11245 = ORIENTED_EDGE('',*,*,#11246,.T.);
#11246 = EDGE_CURVE('',#8531,#9830,#11247,.T.);
#11247 = LINE('',#11248,#11249);
#11248 = CARTESIAN_POINT('',(75.2,121.5,0.));
#11249 = VECTOR('',#11250,1.);
#11250 = DIRECTION('',(0.,0.,-1.));
#11251 = ORIENTED_EDGE('',*,*,#9838,.T.);
#11252 = ORIENTED_EDGE('',*,*,#11229,.F.);
#11253 = ORIENTED_EDGE('',*,*,#8539,.F.);
#11254 = PLANE('',#11255);
#11255 = AXIS2_PLACEMENT_3D('',#11256,#11257,#11258);
#11256 = CARTESIAN_POINT('',(75.2,121.5,0.));
#11257 = DIRECTION('',(1.,0.,0.));
#11258 = DIRECTION('',(0.,1.,0.));
#11259 = ADVANCED_FACE('',(#11260),#11266,.T.);
#11260 = FACE_BOUND('',#11261,.F.);
#11261 = EDGE_LOOP('',(#11262,#11263,#11264,#11265));
#11262 = ORIENTED_EDGE('',*,*,#9812,.T.);
#11263 = ORIENTED_EDGE('',*,*,#9829,.T.);
#11264 = ORIENTED_EDGE('',*,*,#11246,.F.);
#11265 = ORIENTED_EDGE('',*,*,#8530,.F.);
#11266 = CYLINDRICAL_SURFACE('',#11267,1.);
#11267 = AXIS2_PLACEMENT_3D('',#11268,#11269,#11270);
#11268 = CARTESIAN_POINT('',(76.2,121.5,0.));
#11269 = DIRECTION('',(0.,0.,1.));
#11270 = DIRECTION('',(1.,0.,0.));
#11271 = ADVANCED_FACE('',(#11272),#11283,.T.);
#11272 = FACE_BOUND('',#11273,.F.);
#11273 = EDGE_LOOP('',(#11274,#11280,#11281,#11282));
#11274 = ORIENTED_EDGE('',*,*,#11275,.T.);
#11275 = EDGE_CURVE('',#8499,#9754,#11276,.T.);
#11276 = LINE('',#11277,#11278);
#11277 = CARTESIAN_POINT('',(75.2,89.5,0.));
#11278 = VECTOR('',#11279,1.);
#11279 = DIRECTION('',(0.,0.,-1.));
#11280 = ORIENTED_EDGE('',*,*,#9753,.T.);
#11281 = ORIENTED_EDGE('',*,*,#9788,.F.);
#11282 = ORIENTED_EDGE('',*,*,#8506,.F.);
#11283 = CYLINDRICAL_SURFACE('',#11284,1.);
#11284 = AXIS2_PLACEMENT_3D('',#11285,#11286,#11287);
#11285 = CARTESIAN_POINT('',(76.2,89.5,0.));
#11286 = DIRECTION('',(0.,0.,1.));
#11287 = DIRECTION('',(1.,0.,0.));
#11288 = ADVANCED_FACE('',(#11289),#11300,.T.);
#11289 = FACE_BOUND('',#11290,.T.);
#11290 = EDGE_LOOP('',(#11291,#11292,#11293,#11299));
#11291 = ORIENTED_EDGE('',*,*,#11275,.T.);
#11292 = ORIENTED_EDGE('',*,*,#9762,.T.);
#11293 = ORIENTED_EDGE('',*,*,#11294,.F.);
#11294 = EDGE_CURVE('',#8490,#9763,#11295,.T.);
#11295 = LINE('',#11296,#11297);
#11296 = CARTESIAN_POINT('',(75.2,16.,0.));
#11297 = VECTOR('',#11298,1.);
#11298 = DIRECTION('',(0.,0.,-1.));
#11299 = ORIENTED_EDGE('',*,*,#8498,.F.);
#11300 = PLANE('',#11301);
#11301 = AXIS2_PLACEMENT_3D('',#11302,#11303,#11304);
#11302 = CARTESIAN_POINT('',(75.2,89.5,0.));
#11303 = DIRECTION('',(-1.,-0.,-0.));
#11304 = DIRECTION('',(0.,-1.,0.));
#11305 = ADVANCED_FACE('',(#11306),#11312,.T.);
#11306 = FACE_BOUND('',#11307,.F.);
#11307 = EDGE_LOOP('',(#11308,#11309,#11310,#11311));
#11308 = ORIENTED_EDGE('',*,*,#9720,.T.);
#11309 = ORIENTED_EDGE('',*,*,#9770,.T.);
#11310 = ORIENTED_EDGE('',*,*,#11294,.F.);
#11311 = ORIENTED_EDGE('',*,*,#8489,.F.);
#11312 = CYLINDRICAL_SURFACE('',#11313,1.);
#11313 = AXIS2_PLACEMENT_3D('',#11314,#11315,#11316);
#11314 = CARTESIAN_POINT('',(76.2,16.,0.));
#11315 = DIRECTION('',(0.,0.,1.));
#11316 = DIRECTION('',(1.,0.,0.));
#11317 = ADVANCED_FACE('',(#11318),#11329,.T.);
#11318 = FACE_BOUND('',#11319,.F.);
#11319 = EDGE_LOOP('',(#11320,#11326,#11327,#11328));
#11320 = ORIENTED_EDGE('',*,*,#11321,.T.);
#11321 = EDGE_CURVE('',#8457,#9505,#11322,.T.);
#11322 = LINE('',#11323,#11324);
#11323 = CARTESIAN_POINT('',(69.,4.8,0.));
#11324 = VECTOR('',#11325,1.);
#11325 = DIRECTION('',(0.,0.,-1.));
#11326 = ORIENTED_EDGE('',*,*,#9504,.T.);
#11327 = ORIENTED_EDGE('',*,*,#9539,.F.);
#11328 = ORIENTED_EDGE('',*,*,#8464,.F.);
#11329 = CYLINDRICAL_SURFACE('',#11330,1.);
#11330 = AXIS2_PLACEMENT_3D('',#11331,#11332,#11333);
#11331 = CARTESIAN_POINT('',(69.,3.8,0.));
#11332 = DIRECTION('',(0.,0.,1.));
#11333 = DIRECTION('',(1.,0.,0.));
#11334 = ADVANCED_FACE('',(#11335),#11346,.T.);
#11335 = FACE_BOUND('',#11336,.T.);
#11336 = EDGE_LOOP('',(#11337,#11338,#11339,#11345));
#11337 = ORIENTED_EDGE('',*,*,#11321,.T.);
#11338 = ORIENTED_EDGE('',*,*,#9513,.T.);
#11339 = ORIENTED_EDGE('',*,*,#11340,.F.);
#11340 = EDGE_CURVE('',#8448,#9514,#11341,.T.);
#11341 = LINE('',#11342,#11343);
#11342 = CARTESIAN_POINT('',(11.,4.8,0.));
#11343 = VECTOR('',#11344,1.);
#11344 = DIRECTION('',(0.,0.,-1.));
#11345 = ORIENTED_EDGE('',*,*,#8456,.F.);
#11346 = PLANE('',#11347);
#11347 = AXIS2_PLACEMENT_3D('',#11348,#11349,#11350);
#11348 = CARTESIAN_POINT('',(69.,4.8,0.));
#11349 = DIRECTION('',(0.,1.,0.));
#11350 = DIRECTION('',(-1.,0.,0.));
#11351 = ADVANCED_FACE('',(#11352),#11358,.T.);
#11352 = FACE_BOUND('',#11353,.F.);
#11353 = EDGE_LOOP('',(#11354,#11355,#11356,#11357));
#11354 = ORIENTED_EDGE('',*,*,#9471,.T.);
#11355 = ORIENTED_EDGE('',*,*,#9521,.T.);
#11356 = ORIENTED_EDGE('',*,*,#11340,.F.);
#11357 = ORIENTED_EDGE('',*,*,#8447,.F.);
#11358 = CYLINDRICAL_SURFACE('',#11359,1.);
#11359 = AXIS2_PLACEMENT_3D('',#11360,#11361,#11362);
#11360 = CARTESIAN_POINT('',(11.,3.8,0.));
#11361 = DIRECTION('',(0.,0.,1.));
#11362 = DIRECTION('',(1.,0.,0.));
#11363 = ( GEOMETRIC_REPRESENTATION_CONTEXT(3) 
GLOBAL_UNCERTAINTY_ASSIGNED_CONTEXT((#11367)) 
GLOBAL_UNIT_ASSIGNED_CONTEXT((#11364,#11365,#11366)) 
REPRESENTATION_CONTEXT('Context #1',
  '3D Context with UNIT and UNCERTAINTY') );
#11364 = ( LENGTH_UNIT() NAMED_UNIT(*) SI_UNIT(.MILLI.,.METRE.) );
#11365 = ( NAMED_UNIT(*) PLANE_ANGLE_UNIT() SI_UNIT($,.RADIAN.) );
#11366 = ( NAMED_UNIT(*) SI_UNIT($,.STERADIAN.) SOLID_ANGLE_UNIT() );
#11367 = UNCERTAINTY_MEASURE_WITH_UNIT(LENGTH_MEASURE(2.E-05),#11364,
  'distance_accuracy_value','confusion accuracy');
#11368 = PRODUCT_RELATED_PRODUCT_CATEGORY('part',$,(#7));
#11369 = MECHANICAL_DESIGN_GEOMETRIC_PRESENTATION_REPRESENTATION('',(
    #11370),#11363);
#11370 = STYLED_ITEM('color',(#11371),#15);
#11371 = PRESENTATION_STYLE_ASSIGNMENT((#11372,#11378));
#11372 = SURFACE_STYLE_USAGE(.BOTH.,#11373);
#11373 = SURFACE_SIDE_STYLE('',(#11374));
#11374 = SURFACE_STYLE_FILL_AREA(#11375);
#11375 = FILL_AREA_STYLE('',(#11376));
#11376 = FILL_AREA_STYLE_COLOUR('',#11377);
#11377 = COLOUR_RGB('',0.800000010877,0.800000010877,0.800000010877);
#11378 = CURVE_STYLE('',#11379,POSITIVE_LENGTH_MEASURE(0.1),#11380);
#11379 = DRAUGHTING_PRE_DEFINED_CURVE_FONT('continuous');
#11380 = COLOUR_RGB('',9.803921802644E-02,9.803921802644E-02,
  9.803921802644E-02);
ENDSEC;
END-ISO-10303-21;
